    Finished `test` profile [unoptimized] target(s) in 0.08s
     Running tests/decorator_binding_pipeline_contract.rs (target/debug/deps/decorator_binding_pipeline_contract-6441a05f1df13e98)

running 1 test
test decorator_binding_forms_match_complete_typescript_observations ... decorator binding UPSTREAM EXCEPTION decorator-binding/computed/esnext/set/static-accessor-decorated
decorator binding SELECTION "/reserved/,/lifecycle/,/nested/,/computed/,/global/esnext/define/" -> 452 cases
decorator binding EXACT x2 decorator-binding/nested/es2015/set/inner-in-static-block
decorator binding EXACT x2 decorator-binding/nested/es2015/set/inner-in-method
decorator binding EXACT x2 decorator-binding/nested/es2015/set/inner-in-constructor
decorator binding EXACT x2 decorator-binding/nested/es2015/set/inner-in-static-field-initializer
decorator binding EXACT x2 decorator-binding/nested/es2015/set/inner-in-instance-field-initializer
decorator binding EXACT x2 decorator-binding/nested/es2015/set/inner-in-decorator-expression
decorator binding EXACT x2 decorator-binding/nested/es2015/set/inner-in-heritage
decorator binding EXACT x2 decorator-binding/nested/es2015/set/sibling-same-members
decorator binding EXACT x2 decorator-binding/nested/es2015/set/sibling-outer-this-twice
decorator binding EXACT x2 decorator-binding/nested/es2015/set/sibling-class-expressions
decorator binding EXACT x2 decorator-binding/nested/es2015/set/sibling-default-and-expression
decorator binding EXACT x2 decorator-binding/nested/es2015/set/sibling-computed-temps
decorator binding EXACT x2 decorator-binding/nested/es2015/set/ordinary-function-scopes
decorator binding EXACT x2 decorator-binding/nested/es2015/set/inner-computed-in-outer-computed-scope
decorator binding EXACT x2 decorator-binding/nested/es2015/set/triple-nesting
decorator binding EXACT x2 decorator-binding/reserved/es2015/set/file-level-then-static-private-field
decorator binding EXACT x2 decorator-binding/reserved/es2015/set/static-private-field-then-file-level
decorator binding EXACT x2 decorator-binding/reserved/es2015/set/file-level-then-static-private-method
decorator binding EXACT x2 decorator-binding/reserved/es2015/set/static-private-method-then-file-level
decorator binding EXACT x2 decorator-binding/reserved/es2015/set/file-level-then-static-private-accessor
decorator binding EXACT x2 decorator-binding/reserved/es2015/set/static-private-accessor-then-file-level
decorator binding EXACT x2 decorator-binding/reserved/es2015/set/file-level-then-static-auto-accessor
decorator binding EXACT x2 decorator-binding/reserved/es2015/set/static-auto-accessor-then-file-level
decorator binding EXACT x2 decorator-binding/reserved/es2015/set/file-level-then-static-private-auto-accessor
decorator binding EXACT x2 decorator-binding/reserved/es2015/set/static-private-auto-accessor-then-file-level
decorator binding EXACT x2 decorator-binding/reserved/es2015/set/file-level-then-decorated-static-private-auto-accessor
decorator binding EXACT x2 decorator-binding/reserved/es2015/set/decorated-static-private-auto-accessor-then-file-level
decorator binding EXACT x2 decorator-binding/reserved/es2015/set/file-level-then-instance-private-field-only
decorator binding EXACT x2 decorator-binding/reserved/es2015/set/instance-private-field-only-then-file-level
decorator binding EXACT x2 decorator-binding/reserved/es2015/set/file-level-then-public-static-field-only
decorator binding EXACT x2 decorator-binding/reserved/es2015/set/public-static-field-only-then-file-level
decorator binding EXACT x2 decorator-binding/reserved/es2015/set/file-level-then-instance-auto-accessor-only
decorator binding EXACT x2 decorator-binding/reserved/es2015/set/instance-auto-accessor-only-then-file-level
decorator binding EXACT x2 decorator-binding/reserved/es2015/set/file-level-then-static-block-only
decorator binding EXACT x2 decorator-binding/reserved/es2015/set/static-block-only-then-file-level
decorator binding EXACT x2 decorator-binding/reserved/es2015/set/scoped-then-scoped
decorator binding EXACT x2 decorator-binding/reserved/es2015/set/outer-file-level-inner-scoped
decorator binding EXACT x2 decorator-binding/reserved/es2015/set/outer-scoped-inner-file-level
decorator binding EXACT x2 decorator-binding/reserved/es2015/set/outer-scoped-inner-scoped
decorator binding EXACT x2 decorator-binding/reserved/es2015/set/private-accessor-storage-nested
decorator binding EXACT x2 decorator-binding/reserved/es2015/set/private-accessor-storage-siblings
decorator binding EXACT x2 decorator-binding/reserved/es2015/set/private-and-public-same-stem
decorator binding EXACT x2 decorator-binding/reserved/es2015/set/class-this-parsed-and-scoped
decorator binding EXACT x2 decorator-binding/computed/es2015/set/static-accessor-decorated
decorator binding EXACT x2 decorator-binding/computed/es2015/set/instance-accessor-decorated
decorator binding EXACT x2 decorator-binding/computed/es2015/set/method-decorated
decorator binding EXACT x2 decorator-binding/computed/es2015/set/static-method-decorated
decorator binding EXACT x2 decorator-binding/computed/es2015/set/getter-setter-decorated
decorator binding EXACT x2 decorator-binding/computed/es2015/set/field-decorated
decorator binding EXACT x2 decorator-binding/computed/es2015/set/static-field-decorated
decorator binding EXACT x2 decorator-binding/computed/es2015/set/multiple-keys
decorator binding EXACT x2 decorator-binding/computed/es2015/set/user-identifier-_a
decorator binding EXACT x2 decorator-binding/computed/es2015/set/undecorated-computed-between
decorator binding EXACT x2 decorator-binding/computed/es2015/set/undecorated-computed-method-after
decorator binding EXACT x2 decorator-binding/computed/es2015/set/class-expression-computed
decorator binding EXACT x2 decorator-binding/computed/es2015/set/member-only-decorators-computed
decorator binding EXACT x2 decorator-binding/computed/es2015/set/computed-literal-and-expression
decorator binding EXACT x2 decorator-binding/computed/es2015/set/computed-with-decorator-temp
decorator binding EXACT x2 decorator-binding/computed/es2015/set/computed-in-static-block-nested-class
decorator binding EXACT x2 decorator-binding/lifecycle/es2015/set/bundle-outer-this-two-files
decorator binding EXACT x2 decorator-binding/lifecycle/es2015/set/bundle-class-expression-two-files
decorator binding EXACT x2 decorator-binding/lifecycle/es2015/set/bundle-default-two-files

thread 'decorator_binding_forms_match_complete_typescript_observations' (18083586) panicked at crates/compiler/tests/decorator_binding_pipeline_contract.rs:191:33:
decorator-binding/lifecycle/es2015/set/bundle-file-level-then-scoped-across-files: production command completes: parsed emit metadata at TransformNode { source: TransformSourceId(1), node: NodeId(141120) } requires an unsupported cross-arena identity
note: run with `RUST_BACKTRACE=1` environment variable to display a backtrace

thread 'decorator_binding_forms_match_complete_typescript_observations' (18083586) panicked at crates/compiler/tests/decorator_binding_pipeline_contract.rs:191:33:
decorator-binding/lifecycle/es2015/set/bundle-file-level-then-scoped-across-files: production command completes: parsed emit metadata at TransformNode { source: TransformSourceId(1), node: NodeId(141120) } requires an unsupported cross-arena identity
decorator binding REPEATED FAILURE decorator-binding/lifecycle/es2015/set/bundle-file-level-then-scoped-across-files
decorator binding EXACT x2 decorator-binding/lifecycle/es2015/set/bundle-parse-census-per-file
decorator binding EXACT x2 decorator-binding/lifecycle/es2015/set/bundle-scoped-names-two-files
decorator binding EXACT x2 decorator-binding/lifecycle/es2015/set/bundle-computed-temps-two-files
decorator binding EXACT x2 decorator-binding/lifecycle/es2015/set/cjs-full-class
decorator binding EXACT x2 decorator-binding/lifecycle/es2015/set/cjs-default-export
decorator binding EXACT x2 decorator-binding/lifecycle/es2015/set/cjs-class-expression
decorator binding EXACT x2 decorator-binding/lifecycle/es2015/set/cjs-computed
decorator binding EXACT x2 decorator-binding/lifecycle/es2015/set/cjs-global-script-_metadata
decorator binding EXACT x2 decorator-binding/lifecycle/es2015/set/cjs-sibling-file-level-then-scoped
decorator binding EXACT x2 decorator-binding/nested/es2015/define/inner-in-static-block
decorator binding EXACT x2 decorator-binding/nested/es2015/define/inner-in-method
decorator binding EXACT x2 decorator-binding/nested/es2015/define/inner-in-constructor
decorator binding EXACT x2 decorator-binding/nested/es2015/define/inner-in-static-field-initializer
decorator binding EXACT x2 decorator-binding/nested/es2015/define/inner-in-instance-field-initializer
decorator binding EXACT x2 decorator-binding/nested/es2015/define/inner-in-decorator-expression
decorator binding EXACT x2 decorator-binding/nested/es2015/define/inner-in-heritage
decorator binding EXACT x2 decorator-binding/nested/es2015/define/sibling-same-members
decorator binding EXACT x2 decorator-binding/nested/es2015/define/sibling-outer-this-twice
decorator binding EXACT x2 decorator-binding/nested/es2015/define/sibling-class-expressions
decorator binding EXACT x2 decorator-binding/nested/es2015/define/sibling-default-and-expression
decorator binding EXACT x2 decorator-binding/nested/es2015/define/sibling-computed-temps
decorator binding EXACT x2 decorator-binding/nested/es2015/define/ordinary-function-scopes
decorator binding EXACT x2 decorator-binding/nested/es2015/define/inner-computed-in-outer-computed-scope
decorator binding EXACT x2 decorator-binding/nested/es2015/define/triple-nesting
decorator binding EXACT x2 decorator-binding/reserved/es2015/define/file-level-then-static-private-field
decorator binding EXACT x2 decorator-binding/reserved/es2015/define/static-private-field-then-file-level
decorator binding EXACT x2 decorator-binding/reserved/es2015/define/file-level-then-static-private-method
decorator binding EXACT x2 decorator-binding/reserved/es2015/define/static-private-method-then-file-level
decorator binding EXACT x2 decorator-binding/reserved/es2015/define/file-level-then-static-private-accessor
decorator binding EXACT x2 decorator-binding/reserved/es2015/define/static-private-accessor-then-file-level
decorator binding EXACT x2 decorator-binding/reserved/es2015/define/file-level-then-static-auto-accessor
decorator binding EXACT x2 decorator-binding/reserved/es2015/define/static-auto-accessor-then-file-level
decorator binding EXACT x2 decorator-binding/reserved/es2015/define/file-level-then-static-private-auto-accessor
decorator binding EXACT x2 decorator-binding/reserved/es2015/define/static-private-auto-accessor-then-file-level
decorator binding EXACT x2 decorator-binding/reserved/es2015/define/file-level-then-decorated-static-private-auto-accessor
decorator binding EXACT x2 decorator-binding/reserved/es2015/define/decorated-static-private-auto-accessor-then-file-level
decorator binding EXACT x2 decorator-binding/reserved/es2015/define/file-level-then-instance-private-field-only
decorator binding EXACT x2 decorator-binding/reserved/es2015/define/instance-private-field-only-then-file-level
decorator binding EXACT x2 decorator-binding/reserved/es2015/define/file-level-then-public-static-field-only
decorator binding EXACT x2 decorator-binding/reserved/es2015/define/public-static-field-only-then-file-level
decorator binding EXACT x2 decorator-binding/reserved/es2015/define/file-level-then-instance-auto-accessor-only
decorator binding EXACT x2 decorator-binding/reserved/es2015/define/instance-auto-accessor-only-then-file-level
decorator binding EXACT x2 decorator-binding/reserved/es2015/define/file-level-then-static-block-only
decorator binding EXACT x2 decorator-binding/reserved/es2015/define/static-block-only-then-file-level
decorator binding EXACT x2 decorator-binding/reserved/es2015/define/scoped-then-scoped
decorator binding EXACT x2 decorator-binding/reserved/es2015/define/outer-file-level-inner-scoped
decorator binding EXACT x2 decorator-binding/reserved/es2015/define/outer-scoped-inner-file-level
decorator binding EXACT x2 decorator-binding/reserved/es2015/define/outer-scoped-inner-scoped
decorator binding EXACT x2 decorator-binding/reserved/es2015/define/private-accessor-storage-nested
decorator binding EXACT x2 decorator-binding/reserved/es2015/define/private-accessor-storage-siblings
decorator binding EXACT x2 decorator-binding/reserved/es2015/define/private-and-public-same-stem
decorator binding EXACT x2 decorator-binding/reserved/es2015/define/class-this-parsed-and-scoped
decorator binding EXACT x2 decorator-binding/computed/es2015/define/static-accessor-decorated
decorator binding EXACT x2 decorator-binding/computed/es2015/define/instance-accessor-decorated
decorator binding EXACT x2 decorator-binding/computed/es2015/define/method-decorated
decorator binding EXACT x2 decorator-binding/computed/es2015/define/static-method-decorated
decorator binding EXACT x2 decorator-binding/computed/es2015/define/getter-setter-decorated
decorator binding EXACT x2 decorator-binding/computed/es2015/define/field-decorated
decorator binding EXACT x2 decorator-binding/computed/es2015/define/static-field-decorated
decorator binding EXACT x2 decorator-binding/computed/es2015/define/multiple-keys
decorator binding EXACT x2 decorator-binding/computed/es2015/define/user-identifier-_a
decorator binding EXACT x2 decorator-binding/computed/es2015/define/undecorated-computed-between
decorator binding EXACT x2 decorator-binding/computed/es2015/define/undecorated-computed-method-after
decorator binding EXACT x2 decorator-binding/computed/es2015/define/class-expression-computed
decorator binding EXACT x2 decorator-binding/computed/es2015/define/member-only-decorators-computed
decorator binding EXACT x2 decorator-binding/computed/es2015/define/computed-literal-and-expression
decorator binding EXACT x2 decorator-binding/computed/es2015/define/computed-with-decorator-temp
decorator binding EXACT x2 decorator-binding/computed/es2015/define/computed-in-static-block-nested-class
decorator binding EXACT x2 decorator-binding/lifecycle/es2015/define/bundle-outer-this-two-files
decorator binding EXACT x2 decorator-binding/lifecycle/es2015/define/bundle-class-expression-two-files
decorator binding EXACT x2 decorator-binding/lifecycle/es2015/define/bundle-default-two-files

thread 'decorator_binding_forms_match_complete_typescript_observations' (18083586) panicked at crates/compiler/tests/decorator_binding_pipeline_contract.rs:191:33:
decorator-binding/lifecycle/es2015/define/bundle-file-level-then-scoped-across-files: production command completes: parsed emit metadata at TransformNode { source: TransformSourceId(1), node: NodeId(141120) } requires an unsupported cross-arena identity

thread 'decorator_binding_forms_match_complete_typescript_observations' (18083586) panicked at crates/compiler/tests/decorator_binding_pipeline_contract.rs:191:33:
decorator-binding/lifecycle/es2015/define/bundle-file-level-then-scoped-across-files: production command completes: parsed emit metadata at TransformNode { source: TransformSourceId(1), node: NodeId(141120) } requires an unsupported cross-arena identity
decorator binding REPEATED FAILURE decorator-binding/lifecycle/es2015/define/bundle-file-level-then-scoped-across-files
decorator binding EXACT x2 decorator-binding/lifecycle/es2015/define/bundle-parse-census-per-file
decorator binding EXACT x2 decorator-binding/lifecycle/es2015/define/bundle-scoped-names-two-files
decorator binding EXACT x2 decorator-binding/lifecycle/es2015/define/bundle-computed-temps-two-files
decorator binding EXACT x2 decorator-binding/lifecycle/es2015/define/cjs-full-class
decorator binding EXACT x2 decorator-binding/lifecycle/es2015/define/cjs-default-export
decorator binding EXACT x2 decorator-binding/lifecycle/es2015/define/cjs-class-expression
decorator binding EXACT x2 decorator-binding/lifecycle/es2015/define/cjs-computed
decorator binding EXACT x2 decorator-binding/lifecycle/es2015/define/cjs-global-script-_metadata
decorator binding EXACT x2 decorator-binding/lifecycle/es2015/define/cjs-sibling-file-level-then-scoped
decorator binding EXACT x2 decorator-binding/nested/es2022/set/inner-in-static-block
decorator binding EXACT x2 decorator-binding/nested/es2022/set/inner-in-method
decorator binding EXACT x2 decorator-binding/nested/es2022/set/inner-in-constructor
decorator binding EXACT x2 decorator-binding/nested/es2022/set/inner-in-static-field-initializer
decorator binding EXACT x2 decorator-binding/nested/es2022/set/inner-in-instance-field-initializer
decorator binding EXACT x2 decorator-binding/nested/es2022/set/inner-in-decorator-expression
decorator binding EXACT x2 decorator-binding/nested/es2022/set/inner-in-heritage
decorator binding EXACT x2 decorator-binding/nested/es2022/set/sibling-same-members
decorator binding EXACT x2 decorator-binding/nested/es2022/set/sibling-outer-this-twice
decorator binding EXACT x2 decorator-binding/nested/es2022/set/sibling-class-expressions
decorator binding EXACT x2 decorator-binding/nested/es2022/set/sibling-default-and-expression
decorator binding EXACT x2 decorator-binding/nested/es2022/set/sibling-computed-temps
decorator binding EXACT x2 decorator-binding/nested/es2022/set/ordinary-function-scopes
decorator binding EXACT x2 decorator-binding/nested/es2022/set/inner-computed-in-outer-computed-scope
decorator binding EXACT x2 decorator-binding/nested/es2022/set/triple-nesting
decorator binding EXACT x2 decorator-binding/reserved/es2022/set/file-level-then-static-private-field
decorator binding EXACT x2 decorator-binding/reserved/es2022/set/static-private-field-then-file-level
decorator binding EXACT x2 decorator-binding/reserved/es2022/set/file-level-then-static-private-method
decorator binding EXACT x2 decorator-binding/reserved/es2022/set/static-private-method-then-file-level
decorator binding EXACT x2 decorator-binding/reserved/es2022/set/file-level-then-static-private-accessor
decorator binding EXACT x2 decorator-binding/reserved/es2022/set/static-private-accessor-then-file-level
decorator binding EXACT x2 decorator-binding/reserved/es2022/set/file-level-then-static-auto-accessor
decorator binding EXACT x2 decorator-binding/reserved/es2022/set/static-auto-accessor-then-file-level
decorator binding EXACT x2 decorator-binding/reserved/es2022/set/file-level-then-static-private-auto-accessor
decorator binding EXACT x2 decorator-binding/reserved/es2022/set/static-private-auto-accessor-then-file-level
decorator binding EXACT x2 decorator-binding/reserved/es2022/set/file-level-then-decorated-static-private-auto-accessor
decorator binding EXACT x2 decorator-binding/reserved/es2022/set/decorated-static-private-auto-accessor-then-file-level
decorator binding EXACT x2 decorator-binding/reserved/es2022/set/file-level-then-instance-private-field-only
decorator binding EXACT x2 decorator-binding/reserved/es2022/set/instance-private-field-only-then-file-level
decorator binding EXACT x2 decorator-binding/reserved/es2022/set/file-level-then-public-static-field-only
decorator binding EXACT x2 decorator-binding/reserved/es2022/set/public-static-field-only-then-file-level
decorator binding EXACT x2 decorator-binding/reserved/es2022/set/file-level-then-instance-auto-accessor-only
decorator binding EXACT x2 decorator-binding/reserved/es2022/set/instance-auto-accessor-only-then-file-level
decorator binding EXACT x2 decorator-binding/reserved/es2022/set/file-level-then-static-block-only
decorator binding EXACT x2 decorator-binding/reserved/es2022/set/static-block-only-then-file-level
decorator binding EXACT x2 decorator-binding/reserved/es2022/set/scoped-then-scoped
decorator binding EXACT x2 decorator-binding/reserved/es2022/set/outer-file-level-inner-scoped
decorator binding EXACT x2 decorator-binding/reserved/es2022/set/outer-scoped-inner-file-level
decorator binding EXACT x2 decorator-binding/reserved/es2022/set/outer-scoped-inner-scoped

thread 'decorator_binding_forms_match_complete_typescript_observations' (18083586) panicked at crates/compiler/tests/integration/h2_7b_w4a_controls.rs:402:5:
assertion `left == right` failed: decorator-binding/reserved/es2022/set/private-accessor-storage-nested: exact source-map result
  left: Array [Object {"input_source_file_names": Array [String("/project/main.ts")], "source_map_json": String("{\"version\":3,\"file\":\"main.js\",\"sourceRoot\":\"\",\"sources\":[\"../main.ts\"],\"names\":[],\"mappings\":\";;;;;;;;;;;;;;;;;;;;;;;;;;;;;;;;;;;;;;AAAA,MAAM,MAAM,GAAc,EAAE,CAAC;AAC7B,SAAS,GAAG,CAAC,KAAU,EAAE,OAAY,IAAS,MAAM,CAAC,IAAI,CAAC,CAAC,KAAK,EAAE,MAAM,CAAC,OAAO,CAAC,IAAI,CAAC,CAAC,CAAC,CAAC,CAAC,OAAO,KAAK,CAAC,CAAC,CAAC;AACzG,SAAS,GAAG,KAAU,MAAM,CAAC,IAAI,CAAC,KAAK,CAAC,CAAC,CAAC,OAAO,GAAG,CAAC,CAAC,CAAC;AACvD,SAAS,IAAI,KAAU,MAAM,CAAC,IAAI,CAAC,MAAM,CAAC,CAAC,CAAC,OAAO,GAAG,CAAC,CAAC,CAAC;AACzD,SAAS,MAAM,CAAC,KAAc,IAAI,MAAM,CAAC,IAAI,CAAC,KAAK,CAAC,CAAC,CAAC,CAAC;AACvD,MAAM,EAAE,GAAG,EAAE,GAAG,EAAE,CAAC;AACnB,MAAM,IAAI,GAAG,EAAE,IAAI,CAAC,KAAU,MAAM,CAAC,IAAI,CAAC,KAAK,CAAC,CAAC,CAAC,OAAO,GAAG,CAAC,CAAC,CAAC,EAAE,IAAI,CAAC,KAAU,MAAM,CAAC,IAAI,CAAC,MAAM,CAAC,CAAC,CAAC,OAAO,GAAG,CAAC,CAAC,CAAC,EAAE,CAAC;IAExG,CAAC;4BADb,GAAG;;;;;;;;;;;;qCAEC,GAAG;YAAC,6CAAA,uBAAA,gDAAgB,cAAA,EAAhB,uBAAA,sDAAgB,cAAA,+GAAP,EAAE,yBAAF,EAAE,6BAAF,EAAE,6FAAK;YADzB,6KAOC;;;;QANiB,mBAAE,oDAAG,CAAC,EAAC;QAAhB,IAAS,EAAE,mDAAK;QAAhB,IAAS,EAAE,+DAAK;QACrB,KAAK,KAAK,OAAO,IAAI,CAAC,EAAE,CAAC,CAAC,CAAC;QAC3B;gBACe,CAAC;wCAAX,GAAG;;;;;;;;;;;;mDAAY,GAAG;wBAAC,+CAAA,uBAAA,kDAAgB,cAAA,EAAhB,uBAAA,wDAAgB,cAAA,iHAAP,EAAE,yBAAF,EAAE,6BAAF,EAAE,iGAAK;wBAA/B,6KAA6D;;;wBAAvD,uDAAC;;oBAAiB,qBAAE,sDAAG,CAAC,EAAC;oBAAhB,IAAS,EAAE,qDAAK;oBAAhB,IAAS,EAAE,iEAAK;oBAAC,KAAK,KAAK,OAAO,IAAI,CAAC,EAAE,CAAC,CAAC,CAAC;;;;;;;YAChE,MAAM,CAAC,IAAI,CAAC,EAAE,CAAC,KAAK,EAAE,CAAC,CAAC;QAC5B,CAAC;;;;;YANQ,uDAAC;;;;;SAAD,CAAC;AAQd,MAAM,CAAC,IAAI,CAAC,EAAE,CAAC,KAAK,EAAE,CAAC,CAAC;AACxB,MAAM,CAAC,MAAM,IAAI,GAAG,MAAM,CAAC,MAAM,CAAC\"}")}, Object {"input_source_file_names": Array [String("/project/main.ts")], "source_map_json": String("{\"version\":3,\"file\":\"main.d.ts\",\"sourceRoot\":\"\",\"sources\":[\"../main.ts\"],\"names\":[],\"mappings\":\"AAOA,qBACa,CAAC;;IAEV,KAAK;CAKR;AAED,eAAO,MAAM,IAAI,QAAgB,CAAC\"}")}]
 right: Array [Object {"input_source_file_names": Array [String("/project/main.ts")], "source_map_json": String("{\"version\":3,\"file\":\"main.js\",\"sourceRoot\":\"\",\"sources\":[\"../main.ts\"],\"names\":[],\"mappings\":\";;;;;;;;;;;;;;;;;;;;;;;;;;;;;;;;;;;;;;AAAA,MAAM,MAAM,GAAc,EAAE,CAAC;AAC7B,SAAS,GAAG,CAAC,KAAU,EAAE,OAAY,IAAS,MAAM,CAAC,IAAI,CAAC,CAAC,KAAK,EAAE,MAAM,CAAC,OAAO,CAAC,IAAI,CAAC,CAAC,CAAC,CAAC,CAAC,OAAO,KAAK,CAAC,CAAC,CAAC;AACzG,SAAS,GAAG,KAAU,MAAM,CAAC,IAAI,CAAC,KAAK,CAAC,CAAC,CAAC,OAAO,GAAG,CAAC,CAAC,CAAC;AACvD,SAAS,IAAI,KAAU,MAAM,CAAC,IAAI,CAAC,MAAM,CAAC,CAAC,CAAC,OAAO,GAAG,CAAC,CAAC,CAAC;AACzD,SAAS,MAAM,CAAC,KAAc,IAAI,MAAM,CAAC,IAAI,CAAC,KAAK,CAAC,CAAC,CAAC,CAAC;AACvD,MAAM,EAAE,GAAG,EAAE,GAAG,EAAE,CAAC;AACnB,MAAM,IAAI,GAAG,EAAE,IAAI,CAAC,KAAU,MAAM,CAAC,IAAI,CAAC,KAAK,CAAC,CAAC,CAAC,OAAO,GAAG,CAAC,CAAC,CAAC,EAAE,IAAI,CAAC,KAAU,MAAM,CAAC,IAAI,CAAC,MAAM,CAAC,CAAC,CAAC,OAAO,GAAG,CAAC,CAAC,CAAC,EAAE,CAAC;IAExG,CAAC;4BADb,GAAG;;;;;;;;;;;;qCAEC,GAAG;YAAC,6CAAA,uBAAA,gDAAgB,cAAA,EAAhB,uBAAA,sDAAgB,cAAA,+GAAP,EAAE,yBAAF,EAAE,6BAAF,EAAE,6FAAK;YADzB,6KAOC;;;;QANiB,mBAAE,oDAAG,CAAC,EAAC;QAArB,IAAc,EAAE,mDAAK;QAArB,IAAc,EAAE,+DAAK;QACrB,KAAK,KAAK,OAAO,IAAI,CAAC,EAAE,CAAC,CAAC,CAAC;QAC3B;gBACe,CAAC;wCAAX,GAAG;;;;;;;;;;;;mDAAY,GAAG;wBAAC,+CAAA,uBAAA,kDAAgB,cAAA,EAAhB,uBAAA,wDAAgB,cAAA,iHAAP,EAAE,yBAAF,EAAE,6BAAF,EAAE,iGAAK;wBAA/B,6KAA6D;;;wBAAvD,uDAAC;;oBAAiB,qBAAE,sDAAG,CAAC,EAAC;oBAArB,IAAc,EAAE,qDAAK;oBAArB,IAAc,EAAE,iEAAK;oBAAC,KAAK,KAAK,OAAO,IAAI,CAAC,EAAE,CAAC,CAAC,CAAC;;;;;;;YAChE,MAAM,CAAC,IAAI,CAAC,EAAE,CAAC,KAAK,EAAE,CAAC,CAAC;QAC5B,CAAC;;;;;YANQ,uDAAC;;;;;SAAD,CAAC;AAQd,MAAM,CAAC,IAAI,CAAC,EAAE,CAAC,KAAK,EAAE,CAAC,CAAC;AACxB,MAAM,CAAC,MAAM,IAAI,GAAG,MAAM,CAAC,MAAM,CAAC\"}")}, Object {"input_source_file_names": Array [String("/project/main.ts")], "source_map_json": String("{\"version\":3,\"file\":\"main.d.ts\",\"sourceRoot\":\"\",\"sources\":[\"../main.ts\"],\"names\":[],\"mappings\":\"AAOA,qBACa,CAAC;;IAEV,KAAK;CAKR;AAED,eAAO,MAAM,IAAI,QAAgB,CAAC\"}")}]

thread 'decorator_binding_forms_match_complete_typescript_observations' (18083586) panicked at crates/compiler/tests/integration/h2_7b_w4a_controls.rs:402:5:
assertion `left == right` failed: decorator-binding/reserved/es2022/set/private-accessor-storage-nested: exact source-map result
  left: Array [Object {"input_source_file_names": Array [String("/project/main.ts")], "source_map_json": String("{\"version\":3,\"file\":\"main.js\",\"sourceRoot\":\"\",\"sources\":[\"../main.ts\"],\"names\":[],\"mappings\":\";;;;;;;;;;;;;;;;;;;;;;;;;;;;;;;;;;;;;;AAAA,MAAM,MAAM,GAAc,EAAE,CAAC;AAC7B,SAAS,GAAG,CAAC,KAAU,EAAE,OAAY,IAAS,MAAM,CAAC,IAAI,CAAC,CAAC,KAAK,EAAE,MAAM,CAAC,OAAO,CAAC,IAAI,CAAC,CAAC,CAAC,CAAC,CAAC,OAAO,KAAK,CAAC,CAAC,CAAC;AACzG,SAAS,GAAG,KAAU,MAAM,CAAC,IAAI,CAAC,KAAK,CAAC,CAAC,CAAC,OAAO,GAAG,CAAC,CAAC,CAAC;AACvD,SAAS,IAAI,KAAU,MAAM,CAAC,IAAI,CAAC,MAAM,CAAC,CAAC,CAAC,OAAO,GAAG,CAAC,CAAC,CAAC;AACzD,SAAS,MAAM,CAAC,KAAc,IAAI,MAAM,CAAC,IAAI,CAAC,KAAK,CAAC,CAAC,CAAC,CAAC;AACvD,MAAM,EAAE,GAAG,EAAE,GAAG,EAAE,CAAC;AACnB,MAAM,IAAI,GAAG,EAAE,IAAI,CAAC,KAAU,MAAM,CAAC,IAAI,CAAC,KAAK,CAAC,CAAC,CAAC,OAAO,GAAG,CAAC,CAAC,CAAC,EAAE,IAAI,CAAC,KAAU,MAAM,CAAC,IAAI,CAAC,MAAM,CAAC,CAAC,CAAC,OAAO,GAAG,CAAC,CAAC,CAAC,EAAE,CAAC;IAExG,CAAC;4BADb,GAAG;;;;;;;;;;;;qCAEC,GAAG;YAAC,6CAAA,uBAAA,gDAAgB,cAAA,EAAhB,uBAAA,sDAAgB,cAAA,+GAAP,EAAE,yBAAF,EAAE,6BAAF,EAAE,6FAAK;YADzB,6KAOC;;;;QANiB,mBAAE,oDAAG,CAAC,EAAC;QAAhB,IAAS,EAAE,mDAAK;QAAhB,IAAS,EAAE,+DAAK;QACrB,KAAK,KAAK,OAAO,IAAI,CAAC,EAAE,CAAC,CAAC,CAAC;QAC3B;gBACe,CAAC;wCAAX,GAAG;;;;;;;;;;;;mDAAY,GAAG;wBAAC,+CAAA,uBAAA,kDAAgB,cAAA,EAAhB,uBAAA,wDAAgB,cAAA,iHAAP,EAAE,yBAAF,EAAE,6BAAF,EAAE,iGAAK;wBAA/B,6KAA6D;;;wBAAvD,uDAAC;;oBAAiB,qBAAE,sDAAG,CAAC,EAAC;oBAAhB,IAAS,EAAE,qDAAK;oBAAhB,IAAS,EAAE,iEAAK;oBAAC,KAAK,KAAK,OAAO,IAAI,CAAC,EAAE,CAAC,CAAC,CAAC;;;;;;;YAChE,MAAM,CAAC,IAAI,CAAC,EAAE,CAAC,KAAK,EAAE,CAAC,CAAC;QAC5B,CAAC;;;;;YANQ,uDAAC;;;;;SAAD,CAAC;AAQd,MAAM,CAAC,IAAI,CAAC,EAAE,CAAC,KAAK,EAAE,CAAC,CAAC;AACxB,MAAM,CAAC,MAAM,IAAI,GAAG,MAAM,CAAC,MAAM,CAAC\"}")}, Object {"input_source_file_names": Array [String("/project/main.ts")], "source_map_json": String("{\"version\":3,\"file\":\"main.d.ts\",\"sourceRoot\":\"\",\"sources\":[\"../main.ts\"],\"names\":[],\"mappings\":\"AAOA,qBACa,CAAC;;IAEV,KAAK;CAKR;AAED,eAAO,MAAM,IAAI,QAAgB,CAAC\"}")}]
 right: Array [Object {"input_source_file_names": Array [String("/project/main.ts")], "source_map_json": String("{\"version\":3,\"file\":\"main.js\",\"sourceRoot\":\"\",\"sources\":[\"../main.ts\"],\"names\":[],\"mappings\":\";;;;;;;;;;;;;;;;;;;;;;;;;;;;;;;;;;;;;;AAAA,MAAM,MAAM,GAAc,EAAE,CAAC;AAC7B,SAAS,GAAG,CAAC,KAAU,EAAE,OAAY,IAAS,MAAM,CAAC,IAAI,CAAC,CAAC,KAAK,EAAE,MAAM,CAAC,OAAO,CAAC,IAAI,CAAC,CAAC,CAAC,CAAC,CAAC,OAAO,KAAK,CAAC,CAAC,CAAC;AACzG,SAAS,GAAG,KAAU,MAAM,CAAC,IAAI,CAAC,KAAK,CAAC,CAAC,CAAC,OAAO,GAAG,CAAC,CAAC,CAAC;AACvD,SAAS,IAAI,KAAU,MAAM,CAAC,IAAI,CAAC,MAAM,CAAC,CAAC,CAAC,OAAO,GAAG,CAAC,CAAC,CAAC;AACzD,SAAS,MAAM,CAAC,KAAc,IAAI,MAAM,CAAC,IAAI,CAAC,KAAK,CAAC,CAAC,CAAC,CAAC;AACvD,MAAM,EAAE,GAAG,EAAE,GAAG,EAAE,CAAC;AACnB,MAAM,IAAI,GAAG,EAAE,IAAI,CAAC,KAAU,MAAM,CAAC,IAAI,CAAC,KAAK,CAAC,CAAC,CAAC,OAAO,GAAG,CAAC,CAAC,CAAC,EAAE,IAAI,CAAC,KAAU,MAAM,CAAC,IAAI,CAAC,MAAM,CAAC,CAAC,CAAC,OAAO,GAAG,CAAC,CAAC,CAAC,EAAE,CAAC;IAExG,CAAC;4BADb,GAAG;;;;;;;;;;;;qCAEC,GAAG;YAAC,6CAAA,uBAAA,gDAAgB,cAAA,EAAhB,uBAAA,sDAAgB,cAAA,+GAAP,EAAE,yBAAF,EAAE,6BAAF,EAAE,6FAAK;YADzB,6KAOC;;;;QANiB,mBAAE,oDAAG,CAAC,EAAC;QAArB,IAAc,EAAE,mDAAK;QAArB,IAAc,EAAE,+DAAK;QACrB,KAAK,KAAK,OAAO,IAAI,CAAC,EAAE,CAAC,CAAC,CAAC;QAC3B;gBACe,CAAC;wCAAX,GAAG;;;;;;;;;;;;mDAAY,GAAG;wBAAC,+CAAA,uBAAA,kDAAgB,cAAA,EAAhB,uBAAA,wDAAgB,cAAA,iHAAP,EAAE,yBAAF,EAAE,6BAAF,EAAE,iGAAK;wBAA/B,6KAA6D;;;wBAAvD,uDAAC;;oBAAiB,qBAAE,sDAAG,CAAC,EAAC;oBAArB,IAAc,EAAE,qDAAK;oBAArB,IAAc,EAAE,iEAAK;oBAAC,KAAK,KAAK,OAAO,IAAI,CAAC,EAAE,CAAC,CAAC,CAAC;;;;;;;YAChE,MAAM,CAAC,IAAI,CAAC,EAAE,CAAC,KAAK,EAAE,CAAC,CAAC;QAC5B,CAAC;;;;;YANQ,uDAAC;;;;;SAAD,CAAC;AAQd,MAAM,CAAC,IAAI,CAAC,EAAE,CAAC,KAAK,EAAE,CAAC,CAAC;AACxB,MAAM,CAAC,MAAM,IAAI,GAAG,MAAM,CAAC,MAAM,CAAC\"}")}, Object {"input_source_file_names": Array [String("/project/main.ts")], "source_map_json": String("{\"version\":3,\"file\":\"main.d.ts\",\"sourceRoot\":\"\",\"sources\":[\"../main.ts\"],\"names\":[],\"mappings\":\"AAOA,qBACa,CAAC;;IAEV,KAAK;CAKR;AAED,eAAO,MAAM,IAAI,QAAgB,CAAC\"}")}]
decorator binding REPEATED FAILURE decorator-binding/reserved/es2022/set/private-accessor-storage-nested

thread 'decorator_binding_forms_match_complete_typescript_observations' (18083586) panicked at crates/compiler/tests/integration/h2_7b_w4a_controls.rs:402:5:
assertion `left == right` failed: decorator-binding/reserved/es2022/set/private-accessor-storage-siblings: exact source-map result
  left: Array [Object {"input_source_file_names": Array [String("/project/main.ts")], "source_map_json": String("{\"version\":3,\"file\":\"main.js\",\"sourceRoot\":\"\",\"sources\":[\"../main.ts\"],\"names\":[],\"mappings\":\";;;;;;;;;;;;;;;;;;;;;;;;;;;;;;;;;;;;;;AAAA,MAAM,MAAM,GAAc,EAAE,CAAC;AAC7B,SAAS,GAAG,CAAC,KAAU,EAAE,OAAY,IAAS,MAAM,CAAC,IAAI,CAAC,CAAC,KAAK,EAAE,MAAM,CAAC,OAAO,CAAC,IAAI,CAAC,CAAC,CAAC,CAAC,CAAC,OAAO,KAAK,CAAC,CAAC,CAAC;AACzG,SAAS,GAAG,KAAU,MAAM,CAAC,IAAI,CAAC,KAAK,CAAC,CAAC,CAAC,OAAO,GAAG,CAAC,CAAC,CAAC;AACvD,SAAS,IAAI,KAAU,MAAM,CAAC,IAAI,CAAC,MAAM,CAAC,CAAC,CAAC,OAAO,GAAG,CAAC,CAAC,CAAC;AACzD,SAAS,MAAM,CAAC,KAAc,IAAI,MAAM,CAAC,IAAI,CAAC,KAAK,CAAC,CAAC,CAAC,CAAC;AACvD,MAAM,EAAE,GAAG,EAAE,GAAG,EAAE,CAAC;AACnB,MAAM,IAAI,GAAG,EAAE,IAAI,CAAC,KAAU,MAAM,CAAC,IAAI,CAAC,KAAK,CAAC,CAAC,CAAC,OAAO,GAAG,CAAC,CAAC,CAAC,EAAE,IAAI,CAAC,KAAU,MAAM,CAAC,IAAI,CAAC,MAAM,CAAC,CAAC,CAAC,OAAO,GAAG,CAAC,CAAC,CAAC,EAAE,CAAC;IAExG,CAAC;4BADb,GAAG;;;;;;;;;;;;qCAEC,GAAG;YAAC,6CAAA,uBAAA,gDAAgB,cAAA,EAAhB,uBAAA,sDAAgB,cAAA,+GAAP,EAAE,yBAAF,EAAE,6BAAF,EAAE,6FAAK;YADzB,6KAGC;;;YAHY,uDAAC;;QACI,mBAAE,oDAAG,CAAC,EAAC;QAAhB,IAAS,EAAE,mDAAK;QAAhB,IAAS,EAAE,+DAAK;QACrB,KAAK,KAAK,OAAO,IAAI,CAAC,EAAE,CAAC,CAAC,CAAC;;;;;;;SAFlB,CAAC;IAKD,CAAC;4BADb,GAAG;;;;;;;;;;;;qCAEC,GAAG;YAAC,6CAAA,uBAAA,gDAAgB,cAAA,EAAhB,uBAAA,sDAAgB,cAAA,+GAAP,EAAE,yBAAF,EAAE,6BAAF,EAAE,6FAAK;YADzB,6KAGC;;;YAHY,uDAAC;;QACI,mBAAE,oDAAG,CAAC,EAAC;QAAhB,IAAS,EAAE,mDAAK;QAAhB,IAAS,EAAE,+DAAK;QACrB,KAAK,KAAK,OAAO,IAAI,CAAC,EAAE,CAAC,CAAC,CAAC;;;;;;;SAFlB,CAAC;AAId,MAAM,CAAC,IAAI,CAAC,EAAE,CAAC,KAAK,EAAE,GAAG,IAAI,CAAC,EAAE,CAAC,KAAK,EAAE,CAAC,CAAC;AAC1C,MAAM,CAAC,MAAM,IAAI,GAAG,MAAM,CAAC,MAAM,CAAC\"}")}, Object {"input_source_file_names": Array [String("/project/main.ts")], "source_map_json": String("{\"version\":3,\"file\":\"main.d.ts\",\"sourceRoot\":\"\",\"sources\":[\"../main.ts\"],\"names\":[],\"mappings\":\"AAOA,qBACa,CAAC;;IAEV,KAAK;CACR;AACD,qBACa,CAAC;;IAEV,KAAK;CACR;AAED,eAAO,MAAM,IAAI,QAAgB,CAAC\"}")}]
 right: Array [Object {"input_source_file_names": Array [String("/project/main.ts")], "source_map_json": String("{\"version\":3,\"file\":\"main.js\",\"sourceRoot\":\"\",\"sources\":[\"../main.ts\"],\"names\":[],\"mappings\":\";;;;;;;;;;;;;;;;;;;;;;;;;;;;;;;;;;;;;;AAAA,MAAM,MAAM,GAAc,EAAE,CAAC;AAC7B,SAAS,GAAG,CAAC,KAAU,EAAE,OAAY,IAAS,MAAM,CAAC,IAAI,CAAC,CAAC,KAAK,EAAE,MAAM,CAAC,OAAO,CAAC,IAAI,CAAC,CAAC,CAAC,CAAC,CAAC,OAAO,KAAK,CAAC,CAAC,CAAC;AACzG,SAAS,GAAG,KAAU,MAAM,CAAC,IAAI,CAAC,KAAK,CAAC,CAAC,CAAC,OAAO,GAAG,CAAC,CAAC,CAAC;AACvD,SAAS,IAAI,KAAU,MAAM,CAAC,IAAI,CAAC,MAAM,CAAC,CAAC,CAAC,OAAO,GAAG,CAAC,CAAC,CAAC;AACzD,SAAS,MAAM,CAAC,KAAc,IAAI,MAAM,CAAC,IAAI,CAAC,KAAK,CAAC,CAAC,CAAC,CAAC;AACvD,MAAM,EAAE,GAAG,EAAE,GAAG,EAAE,CAAC;AACnB,MAAM,IAAI,GAAG,EAAE,IAAI,CAAC,KAAU,MAAM,CAAC,IAAI,CAAC,KAAK,CAAC,CAAC,CAAC,OAAO,GAAG,CAAC,CAAC,CAAC,EAAE,IAAI,CAAC,KAAU,MAAM,CAAC,IAAI,CAAC,MAAM,CAAC,CAAC,CAAC,OAAO,GAAG,CAAC,CAAC,CAAC,EAAE,CAAC;IAExG,CAAC;4BADb,GAAG;;;;;;;;;;;;qCAEC,GAAG;YAAC,6CAAA,uBAAA,gDAAgB,cAAA,EAAhB,uBAAA,sDAAgB,cAAA,+GAAP,EAAE,yBAAF,EAAE,6BAAF,EAAE,6FAAK;YADzB,6KAGC;;;YAHY,uDAAC;;QACI,mBAAE,oDAAG,CAAC,EAAC;QAArB,IAAc,EAAE,mDAAK;QAArB,IAAc,EAAE,+DAAK;QACrB,KAAK,KAAK,OAAO,IAAI,CAAC,EAAE,CAAC,CAAC,CAAC;;;;;;;SAFlB,CAAC;IAKD,CAAC;4BADb,GAAG;;;;;;;;;;;;qCAEC,GAAG;YAAC,6CAAA,uBAAA,gDAAgB,cAAA,EAAhB,uBAAA,sDAAgB,cAAA,+GAAP,EAAE,yBAAF,EAAE,6BAAF,EAAE,6FAAK;YADzB,6KAGC;;;YAHY,uDAAC;;QACI,mBAAE,oDAAG,CAAC,EAAC;QAArB,IAAc,EAAE,mDAAK;QAArB,IAAc,EAAE,+DAAK;QACrB,KAAK,KAAK,OAAO,IAAI,CAAC,EAAE,CAAC,CAAC,CAAC;;;;;;;SAFlB,CAAC;AAId,MAAM,CAAC,IAAI,CAAC,EAAE,CAAC,KAAK,EAAE,GAAG,IAAI,CAAC,EAAE,CAAC,KAAK,EAAE,CAAC,CAAC;AAC1C,MAAM,CAAC,MAAM,IAAI,GAAG,MAAM,CAAC,MAAM,CAAC\"}")}, Object {"input_source_file_names": Array [String("/project/main.ts")], "source_map_json": String("{\"version\":3,\"file\":\"main.d.ts\",\"sourceRoot\":\"\",\"sources\":[\"../main.ts\"],\"names\":[],\"mappings\":\"AAOA,qBACa,CAAC;;IAEV,KAAK;CACR;AACD,qBACa,CAAC;;IAEV,KAAK;CACR;AAED,eAAO,MAAM,IAAI,QAAgB,CAAC\"}")}]

thread 'decorator_binding_forms_match_complete_typescript_observations' (18083586) panicked at crates/compiler/tests/integration/h2_7b_w4a_controls.rs:402:5:
assertion `left == right` failed: decorator-binding/reserved/es2022/set/private-accessor-storage-siblings: exact source-map result
  left: Array [Object {"input_source_file_names": Array [String("/project/main.ts")], "source_map_json": String("{\"version\":3,\"file\":\"main.js\",\"sourceRoot\":\"\",\"sources\":[\"../main.ts\"],\"names\":[],\"mappings\":\";;;;;;;;;;;;;;;;;;;;;;;;;;;;;;;;;;;;;;AAAA,MAAM,MAAM,GAAc,EAAE,CAAC;AAC7B,SAAS,GAAG,CAAC,KAAU,EAAE,OAAY,IAAS,MAAM,CAAC,IAAI,CAAC,CAAC,KAAK,EAAE,MAAM,CAAC,OAAO,CAAC,IAAI,CAAC,CAAC,CAAC,CAAC,CAAC,OAAO,KAAK,CAAC,CAAC,CAAC;AACzG,SAAS,GAAG,KAAU,MAAM,CAAC,IAAI,CAAC,KAAK,CAAC,CAAC,CAAC,OAAO,GAAG,CAAC,CAAC,CAAC;AACvD,SAAS,IAAI,KAAU,MAAM,CAAC,IAAI,CAAC,MAAM,CAAC,CAAC,CAAC,OAAO,GAAG,CAAC,CAAC,CAAC;AACzD,SAAS,MAAM,CAAC,KAAc,IAAI,MAAM,CAAC,IAAI,CAAC,KAAK,CAAC,CAAC,CAAC,CAAC;AACvD,MAAM,EAAE,GAAG,EAAE,GAAG,EAAE,CAAC;AACnB,MAAM,IAAI,GAAG,EAAE,IAAI,CAAC,KAAU,MAAM,CAAC,IAAI,CAAC,KAAK,CAAC,CAAC,CAAC,OAAO,GAAG,CAAC,CAAC,CAAC,EAAE,IAAI,CAAC,KAAU,MAAM,CAAC,IAAI,CAAC,MAAM,CAAC,CAAC,CAAC,OAAO,GAAG,CAAC,CAAC,CAAC,EAAE,CAAC;IAExG,CAAC;4BADb,GAAG;;;;;;;;;;;;qCAEC,GAAG;YAAC,6CAAA,uBAAA,gDAAgB,cAAA,EAAhB,uBAAA,sDAAgB,cAAA,+GAAP,EAAE,yBAAF,EAAE,6BAAF,EAAE,6FAAK;YADzB,6KAGC;;;YAHY,uDAAC;;QACI,mBAAE,oDAAG,CAAC,EAAC;QAAhB,IAAS,EAAE,mDAAK;QAAhB,IAAS,EAAE,+DAAK;QACrB,KAAK,KAAK,OAAO,IAAI,CAAC,EAAE,CAAC,CAAC,CAAC;;;;;;;SAFlB,CAAC;IAKD,CAAC;4BADb,GAAG;;;;;;;;;;;;qCAEC,GAAG;YAAC,6CAAA,uBAAA,gDAAgB,cAAA,EAAhB,uBAAA,sDAAgB,cAAA,+GAAP,EAAE,yBAAF,EAAE,6BAAF,EAAE,6FAAK;YADzB,6KAGC;;;YAHY,uDAAC;;QACI,mBAAE,oDAAG,CAAC,EAAC;QAAhB,IAAS,EAAE,mDAAK;QAAhB,IAAS,EAAE,+DAAK;QACrB,KAAK,KAAK,OAAO,IAAI,CAAC,EAAE,CAAC,CAAC,CAAC;;;;;;;SAFlB,CAAC;AAId,MAAM,CAAC,IAAI,CAAC,EAAE,CAAC,KAAK,EAAE,GAAG,IAAI,CAAC,EAAE,CAAC,KAAK,EAAE,CAAC,CAAC;AAC1C,MAAM,CAAC,MAAM,IAAI,GAAG,MAAM,CAAC,MAAM,CAAC\"}")}, Object {"input_source_file_names": Array [String("/project/main.ts")], "source_map_json": String("{\"version\":3,\"file\":\"main.d.ts\",\"sourceRoot\":\"\",\"sources\":[\"../main.ts\"],\"names\":[],\"mappings\":\"AAOA,qBACa,CAAC;;IAEV,KAAK;CACR;AACD,qBACa,CAAC;;IAEV,KAAK;CACR;AAED,eAAO,MAAM,IAAI,QAAgB,CAAC\"}")}]
 right: Array [Object {"input_source_file_names": Array [String("/project/main.ts")], "source_map_json": String("{\"version\":3,\"file\":\"main.js\",\"sourceRoot\":\"\",\"sources\":[\"../main.ts\"],\"names\":[],\"mappings\":\";;;;;;;;;;;;;;;;;;;;;;;;;;;;;;;;;;;;;;AAAA,MAAM,MAAM,GAAc,EAAE,CAAC;AAC7B,SAAS,GAAG,CAAC,KAAU,EAAE,OAAY,IAAS,MAAM,CAAC,IAAI,CAAC,CAAC,KAAK,EAAE,MAAM,CAAC,OAAO,CAAC,IAAI,CAAC,CAAC,CAAC,CAAC,CAAC,OAAO,KAAK,CAAC,CAAC,CAAC;AACzG,SAAS,GAAG,KAAU,MAAM,CAAC,IAAI,CAAC,KAAK,CAAC,CAAC,CAAC,OAAO,GAAG,CAAC,CAAC,CAAC;AACvD,SAAS,IAAI,KAAU,MAAM,CAAC,IAAI,CAAC,MAAM,CAAC,CAAC,CAAC,OAAO,GAAG,CAAC,CAAC,CAAC;AACzD,SAAS,MAAM,CAAC,KAAc,IAAI,MAAM,CAAC,IAAI,CAAC,KAAK,CAAC,CAAC,CAAC,CAAC;AACvD,MAAM,EAAE,GAAG,EAAE,GAAG,EAAE,CAAC;AACnB,MAAM,IAAI,GAAG,EAAE,IAAI,CAAC,KAAU,MAAM,CAAC,IAAI,CAAC,KAAK,CAAC,CAAC,CAAC,OAAO,GAAG,CAAC,CAAC,CAAC,EAAE,IAAI,CAAC,KAAU,MAAM,CAAC,IAAI,CAAC,MAAM,CAAC,CAAC,CAAC,OAAO,GAAG,CAAC,CAAC,CAAC,EAAE,CAAC;IAExG,CAAC;4BADb,GAAG;;;;;;;;;;;;qCAEC,GAAG;YAAC,6CAAA,uBAAA,gDAAgB,cAAA,EAAhB,uBAAA,sDAAgB,cAAA,+GAAP,EAAE,yBAAF,EAAE,6BAAF,EAAE,6FAAK;YADzB,6KAGC;;;YAHY,uDAAC;;QACI,mBAAE,oDAAG,CAAC,EAAC;QAArB,IAAc,EAAE,mDAAK;QAArB,IAAc,EAAE,+DAAK;QACrB,KAAK,KAAK,OAAO,IAAI,CAAC,EAAE,CAAC,CAAC,CAAC;;;;;;;SAFlB,CAAC;IAKD,CAAC;4BADb,GAAG;;;;;;;;;;;;qCAEC,GAAG;YAAC,6CAAA,uBAAA,gDAAgB,cAAA,EAAhB,uBAAA,sDAAgB,cAAA,+GAAP,EAAE,yBAAF,EAAE,6BAAF,EAAE,6FAAK;YADzB,6KAGC;;;YAHY,uDAAC;;QACI,mBAAE,oDAAG,CAAC,EAAC;QAArB,IAAc,EAAE,mDAAK;QAArB,IAAc,EAAE,+DAAK;QACrB,KAAK,KAAK,OAAO,IAAI,CAAC,EAAE,CAAC,CAAC,CAAC;;;;;;;SAFlB,CAAC;AAId,MAAM,CAAC,IAAI,CAAC,EAAE,CAAC,KAAK,EAAE,GAAG,IAAI,CAAC,EAAE,CAAC,KAAK,EAAE,CAAC,CAAC;AAC1C,MAAM,CAAC,MAAM,IAAI,GAAG,MAAM,CAAC,MAAM,CAAC\"}")}, Object {"input_source_file_names": Array [String("/project/main.ts")], "source_map_json": String("{\"version\":3,\"file\":\"main.d.ts\",\"sourceRoot\":\"\",\"sources\":[\"../main.ts\"],\"names\":[],\"mappings\":\"AAOA,qBACa,CAAC;;IAEV,KAAK;CACR;AACD,qBACa,CAAC;;IAEV,KAAK;CACR;AAED,eAAO,MAAM,IAAI,QAAgB,CAAC\"}")}]
decorator binding REPEATED FAILURE decorator-binding/reserved/es2022/set/private-accessor-storage-siblings

thread 'decorator_binding_forms_match_complete_typescript_observations' (18083586) panicked at crates/compiler/tests/integration/h2_7b_w4a_controls.rs:402:5:
assertion `left == right` failed: decorator-binding/reserved/es2022/set/private-and-public-same-stem: exact source-map result
  left: Array [Object {"input_source_file_names": Array [String("/project/main.ts")], "source_map_json": String("{\"version\":3,\"file\":\"main.js\",\"sourceRoot\":\"\",\"sources\":[\"../main.ts\"],\"names\":[],\"mappings\":\";;;;;;;;;;;;;;;;;;;;;;;;;;;;;;;;;;;;;;AAAA,MAAM,MAAM,GAAc,EAAE,CAAC;AAC7B,SAAS,GAAG,CAAC,KAAU,EAAE,OAAY,IAAS,MAAM,CAAC,IAAI,CAAC,CAAC,KAAK,EAAE,MAAM,CAAC,OAAO,CAAC,IAAI,CAAC,CAAC,CAAC,CAAC,CAAC,OAAO,KAAK,CAAC,CAAC,CAAC;AACzG,SAAS,GAAG,KAAU,MAAM,CAAC,IAAI,CAAC,KAAK,CAAC,CAAC,CAAC,OAAO,GAAG,CAAC,CAAC,CAAC;AACvD,SAAS,IAAI,KAAU,MAAM,CAAC,IAAI,CAAC,MAAM,CAAC,CAAC,CAAC,OAAO,GAAG,CAAC,CAAC,CAAC;AACzD,SAAS,MAAM,CAAC,KAAc,IAAI,MAAM,CAAC,IAAI,CAAC,KAAK,CAAC,CAAC,CAAC,CAAC;AACvD,MAAM,EAAE,GAAG,EAAE,GAAG,EAAE,CAAC;AACnB,MAAM,IAAI,GAAG,EAAE,IAAI,CAAC,KAAU,MAAM,CAAC,IAAI,CAAC,KAAK,CAAC,CAAC,CAAC,OAAO,GAAG,CAAC,CAAC,CAAC,EAAE,IAAI,CAAC,KAAU,MAAM,CAAC,IAAI,CAAC,MAAM,CAAC,CAAC,CAAC,OAAO,GAAG,CAAC,CAAC,CAAC,EAAE,CAAC;IAExG,CAAC;4BADb,GAAG;;;;;;;;;;;;;;;qCAEC,GAAG;6BACH,GAAG;YADC,6CAAA,uBAAA,gDAAgB,cAAA,EAAhB,uBAAA,sDAAgB,cAAA,+GAAP,EAAE,yBAAF,EAAE,6BAAF,EAAE,6FAAK;YAChB,wJAAS,CAAC,6BAAD,CAAC,6EAAK;YAFxB,6KAIC;;;YAJY,uDAAC;;QACI,mBAAE,oDAAG,CAAC,EAAC;QAAhB,IAAS,EAAE,mDAAK;QAAhB,IAAS,EAAE,+DAAK;QAChB,yHAAa,CAAC,GAAC;QAAf,IAAS,CAAC,yCAAK;QAAf,IAAS,CAAC,+CAAK;QACpB,KAAK,KAAK,OAAO,IAAI,CAAC,EAAE,GAAG,IAAI,CAAC,CAAC,CAAC,CAAC,CAAC;;;;;;;SAH3B,CAAC;AAKd,MAAM,CAAC,IAAI,CAAC,EAAE,CAAC,KAAK,EAAE,CAAC,CAAC;AACxB,MAAM,CAAC,MAAM,IAAI,GAAG,MAAM,CAAC,MAAM,CAAC\"}")}, Object {"input_source_file_names": Array [String("/project/main.ts")], "source_map_json": String("{\"version\":3,\"file\":\"main.d.ts\",\"sourceRoot\":\"\",\"sources\":[\"../main.ts\"],\"names\":[],\"mappings\":\"AAOA,qBACa,CAAC;;IAEL,QAAQ,CAAC,CAAC,SAAK;IACpB,KAAK;CACR;AAED,eAAO,MAAM,IAAI,QAAgB,CAAC\"}")}]
 right: Array [Object {"input_source_file_names": Array [String("/project/main.ts")], "source_map_json": String("{\"version\":3,\"file\":\"main.js\",\"sourceRoot\":\"\",\"sources\":[\"../main.ts\"],\"names\":[],\"mappings\":\";;;;;;;;;;;;;;;;;;;;;;;;;;;;;;;;;;;;;;AAAA,MAAM,MAAM,GAAc,EAAE,CAAC;AAC7B,SAAS,GAAG,CAAC,KAAU,EAAE,OAAY,IAAS,MAAM,CAAC,IAAI,CAAC,CAAC,KAAK,EAAE,MAAM,CAAC,OAAO,CAAC,IAAI,CAAC,CAAC,CAAC,CAAC,CAAC,OAAO,KAAK,CAAC,CAAC,CAAC;AACzG,SAAS,GAAG,KAAU,MAAM,CAAC,IAAI,CAAC,KAAK,CAAC,CAAC,CAAC,OAAO,GAAG,CAAC,CAAC,CAAC;AACvD,SAAS,IAAI,KAAU,MAAM,CAAC,IAAI,CAAC,MAAM,CAAC,CAAC,CAAC,OAAO,GAAG,CAAC,CAAC,CAAC;AACzD,SAAS,MAAM,CAAC,KAAc,IAAI,MAAM,CAAC,IAAI,CAAC,KAAK,CAAC,CAAC,CAAC,CAAC;AACvD,MAAM,EAAE,GAAG,EAAE,GAAG,EAAE,CAAC;AACnB,MAAM,IAAI,GAAG,EAAE,IAAI,CAAC,KAAU,MAAM,CAAC,IAAI,CAAC,KAAK,CAAC,CAAC,CAAC,OAAO,GAAG,CAAC,CAAC,CAAC,EAAE,IAAI,CAAC,KAAU,MAAM,CAAC,IAAI,CAAC,MAAM,CAAC,CAAC,CAAC,OAAO,GAAG,CAAC,CAAC,CAAC,EAAE,CAAC;IAExG,CAAC;4BADb,GAAG;;;;;;;;;;;;;;;qCAEC,GAAG;6BACH,GAAG;YADC,6CAAA,uBAAA,gDAAgB,cAAA,EAAhB,uBAAA,sDAAgB,cAAA,+GAAP,EAAE,yBAAF,EAAE,6BAAF,EAAE,6FAAK;YAChB,wJAAS,CAAC,6BAAD,CAAC,6EAAK;YAFxB,6KAIC;;;YAJY,uDAAC;;QACI,mBAAE,oDAAG,CAAC,EAAC;QAArB,IAAc,EAAE,mDAAK;QAArB,IAAc,EAAE,+DAAK;QAChB,yHAAa,CAAC,GAAC;QAAf,IAAS,CAAC,yCAAK;QAAf,IAAS,CAAC,+CAAK;QACpB,KAAK,KAAK,OAAO,IAAI,CAAC,EAAE,GAAG,IAAI,CAAC,CAAC,CAAC,CAAC,CAAC;;;;;;;SAH3B,CAAC;AAKd,MAAM,CAAC,IAAI,CAAC,EAAE,CAAC,KAAK,EAAE,CAAC,CAAC;AACxB,MAAM,CAAC,MAAM,IAAI,GAAG,MAAM,CAAC,MAAM,CAAC\"}")}, Object {"input_source_file_names": Array [String("/project/main.ts")], "source_map_json": String("{\"version\":3,\"file\":\"main.d.ts\",\"sourceRoot\":\"\",\"sources\":[\"../main.ts\"],\"names\":[],\"mappings\":\"AAOA,qBACa,CAAC;;IAEL,QAAQ,CAAC,CAAC,SAAK;IACpB,KAAK;CACR;AAED,eAAO,MAAM,IAAI,QAAgB,CAAC\"}")}]

thread 'decorator_binding_forms_match_complete_typescript_observations' (18083586) panicked at crates/compiler/tests/integration/h2_7b_w4a_controls.rs:402:5:
assertion `left == right` failed: decorator-binding/reserved/es2022/set/private-and-public-same-stem: exact source-map result
  left: Array [Object {"input_source_file_names": Array [String("/project/main.ts")], "source_map_json": String("{\"version\":3,\"file\":\"main.js\",\"sourceRoot\":\"\",\"sources\":[\"../main.ts\"],\"names\":[],\"mappings\":\";;;;;;;;;;;;;;;;;;;;;;;;;;;;;;;;;;;;;;AAAA,MAAM,MAAM,GAAc,EAAE,CAAC;AAC7B,SAAS,GAAG,CAAC,KAAU,EAAE,OAAY,IAAS,MAAM,CAAC,IAAI,CAAC,CAAC,KAAK,EAAE,MAAM,CAAC,OAAO,CAAC,IAAI,CAAC,CAAC,CAAC,CAAC,CAAC,OAAO,KAAK,CAAC,CAAC,CAAC;AACzG,SAAS,GAAG,KAAU,MAAM,CAAC,IAAI,CAAC,KAAK,CAAC,CAAC,CAAC,OAAO,GAAG,CAAC,CAAC,CAAC;AACvD,SAAS,IAAI,KAAU,MAAM,CAAC,IAAI,CAAC,MAAM,CAAC,CAAC,CAAC,OAAO,GAAG,CAAC,CAAC,CAAC;AACzD,SAAS,MAAM,CAAC,KAAc,IAAI,MAAM,CAAC,IAAI,CAAC,KAAK,CAAC,CAAC,CAAC,CAAC;AACvD,MAAM,EAAE,GAAG,EAAE,GAAG,EAAE,CAAC;AACnB,MAAM,IAAI,GAAG,EAAE,IAAI,CAAC,KAAU,MAAM,CAAC,IAAI,CAAC,KAAK,CAAC,CAAC,CAAC,OAAO,GAAG,CAAC,CAAC,CAAC,EAAE,IAAI,CAAC,KAAU,MAAM,CAAC,IAAI,CAAC,MAAM,CAAC,CAAC,CAAC,OAAO,GAAG,CAAC,CAAC,CAAC,EAAE,CAAC;IAExG,CAAC;4BADb,GAAG;;;;;;;;;;;;;;;qCAEC,GAAG;6BACH,GAAG;YADC,6CAAA,uBAAA,gDAAgB,cAAA,EAAhB,uBAAA,sDAAgB,cAAA,+GAAP,EAAE,yBAAF,EAAE,6BAAF,EAAE,6FAAK;YAChB,wJAAS,CAAC,6BAAD,CAAC,6EAAK;YAFxB,6KAIC;;;YAJY,uDAAC;;QACI,mBAAE,oDAAG,CAAC,EAAC;QAAhB,IAAS,EAAE,mDAAK;QAAhB,IAAS,EAAE,+DAAK;QAChB,yHAAa,CAAC,GAAC;QAAf,IAAS,CAAC,yCAAK;QAAf,IAAS,CAAC,+CAAK;QACpB,KAAK,KAAK,OAAO,IAAI,CAAC,EAAE,GAAG,IAAI,CAAC,CAAC,CAAC,CAAC,CAAC;;;;;;;SAH3B,CAAC;AAKd,MAAM,CAAC,IAAI,CAAC,EAAE,CAAC,KAAK,EAAE,CAAC,CAAC;AACxB,MAAM,CAAC,MAAM,IAAI,GAAG,MAAM,CAAC,MAAM,CAAC\"}")}, Object {"input_source_file_names": Array [String("/project/main.ts")], "source_map_json": String("{\"version\":3,\"file\":\"main.d.ts\",\"sourceRoot\":\"\",\"sources\":[\"../main.ts\"],\"names\":[],\"mappings\":\"AAOA,qBACa,CAAC;;IAEL,QAAQ,CAAC,CAAC,SAAK;IACpB,KAAK;CACR;AAED,eAAO,MAAM,IAAI,QAAgB,CAAC\"}")}]
 right: Array [Object {"input_source_file_names": Array [String("/project/main.ts")], "source_map_json": String("{\"version\":3,\"file\":\"main.js\",\"sourceRoot\":\"\",\"sources\":[\"../main.ts\"],\"names\":[],\"mappings\":\";;;;;;;;;;;;;;;;;;;;;;;;;;;;;;;;;;;;;;AAAA,MAAM,MAAM,GAAc,EAAE,CAAC;AAC7B,SAAS,GAAG,CAAC,KAAU,EAAE,OAAY,IAAS,MAAM,CAAC,IAAI,CAAC,CAAC,KAAK,EAAE,MAAM,CAAC,OAAO,CAAC,IAAI,CAAC,CAAC,CAAC,CAAC,CAAC,OAAO,KAAK,CAAC,CAAC,CAAC;AACzG,SAAS,GAAG,KAAU,MAAM,CAAC,IAAI,CAAC,KAAK,CAAC,CAAC,CAAC,OAAO,GAAG,CAAC,CAAC,CAAC;AACvD,SAAS,IAAI,KAAU,MAAM,CAAC,IAAI,CAAC,MAAM,CAAC,CAAC,CAAC,OAAO,GAAG,CAAC,CAAC,CAAC;AACzD,SAAS,MAAM,CAAC,KAAc,IAAI,MAAM,CAAC,IAAI,CAAC,KAAK,CAAC,CAAC,CAAC,CAAC;AACvD,MAAM,EAAE,GAAG,EAAE,GAAG,EAAE,CAAC;AACnB,MAAM,IAAI,GAAG,EAAE,IAAI,CAAC,KAAU,MAAM,CAAC,IAAI,CAAC,KAAK,CAAC,CAAC,CAAC,OAAO,GAAG,CAAC,CAAC,CAAC,EAAE,IAAI,CAAC,KAAU,MAAM,CAAC,IAAI,CAAC,MAAM,CAAC,CAAC,CAAC,OAAO,GAAG,CAAC,CAAC,CAAC,EAAE,CAAC;IAExG,CAAC;4BADb,GAAG;;;;;;;;;;;;;;;qCAEC,GAAG;6BACH,GAAG;YADC,6CAAA,uBAAA,gDAAgB,cAAA,EAAhB,uBAAA,sDAAgB,cAAA,+GAAP,EAAE,yBAAF,EAAE,6BAAF,EAAE,6FAAK;YAChB,wJAAS,CAAC,6BAAD,CAAC,6EAAK;YAFxB,6KAIC;;;YAJY,uDAAC;;QACI,mBAAE,oDAAG,CAAC,EAAC;QAArB,IAAc,EAAE,mDAAK;QAArB,IAAc,EAAE,+DAAK;QAChB,yHAAa,CAAC,GAAC;QAAf,IAAS,CAAC,yCAAK;QAAf,IAAS,CAAC,+CAAK;QACpB,KAAK,KAAK,OAAO,IAAI,CAAC,EAAE,GAAG,IAAI,CAAC,CAAC,CAAC,CAAC,CAAC;;;;;;;SAH3B,CAAC;AAKd,MAAM,CAAC,IAAI,CAAC,EAAE,CAAC,KAAK,EAAE,CAAC,CAAC;AACxB,MAAM,CAAC,MAAM,IAAI,GAAG,MAAM,CAAC,MAAM,CAAC\"}")}, Object {"input_source_file_names": Array [String("/project/main.ts")], "source_map_json": String("{\"version\":3,\"file\":\"main.d.ts\",\"sourceRoot\":\"\",\"sources\":[\"../main.ts\"],\"names\":[],\"mappings\":\"AAOA,qBACa,CAAC;;IAEL,QAAQ,CAAC,CAAC,SAAK;IACpB,KAAK;CACR;AAED,eAAO,MAAM,IAAI,QAAgB,CAAC\"}")}]
decorator binding REPEATED FAILURE decorator-binding/reserved/es2022/set/private-and-public-same-stem
decorator binding EXACT x2 decorator-binding/reserved/es2022/set/class-this-parsed-and-scoped
decorator binding EXACT x2 decorator-binding/computed/es2022/set/static-accessor-decorated
decorator binding EXACT x2 decorator-binding/computed/es2022/set/instance-accessor-decorated
decorator binding EXACT x2 decorator-binding/computed/es2022/set/method-decorated
decorator binding EXACT x2 decorator-binding/computed/es2022/set/static-method-decorated
decorator binding EXACT x2 decorator-binding/computed/es2022/set/getter-setter-decorated
decorator binding EXACT x2 decorator-binding/computed/es2022/set/field-decorated
decorator binding EXACT x2 decorator-binding/computed/es2022/set/static-field-decorated
decorator binding EXACT x2 decorator-binding/computed/es2022/set/multiple-keys
decorator binding EXACT x2 decorator-binding/computed/es2022/set/user-identifier-_a
decorator binding EXACT x2 decorator-binding/computed/es2022/set/undecorated-computed-between
decorator binding EXACT x2 decorator-binding/computed/es2022/set/undecorated-computed-method-after
decorator binding EXACT x2 decorator-binding/computed/es2022/set/class-expression-computed
decorator binding EXACT x2 decorator-binding/computed/es2022/set/member-only-decorators-computed
decorator binding EXACT x2 decorator-binding/computed/es2022/set/computed-literal-and-expression
decorator binding EXACT x2 decorator-binding/computed/es2022/set/computed-with-decorator-temp
decorator binding EXACT x2 decorator-binding/computed/es2022/set/computed-in-static-block-nested-class
decorator binding EXACT x2 decorator-binding/lifecycle/es2022/set/bundle-outer-this-two-files
decorator binding EXACT x2 decorator-binding/lifecycle/es2022/set/bundle-class-expression-two-files
decorator binding EXACT x2 decorator-binding/lifecycle/es2022/set/bundle-default-two-files

thread 'decorator_binding_forms_match_complete_typescript_observations' (18083586) panicked at crates/compiler/tests/decorator_binding_pipeline_contract.rs:191:33:
decorator-binding/lifecycle/es2022/set/bundle-file-level-then-scoped-across-files: production command completes: parsed emit metadata at TransformNode { source: TransformSourceId(1), node: NodeId(148579) } requires an unsupported cross-arena identity

thread 'decorator_binding_forms_match_complete_typescript_observations' (18083586) panicked at crates/compiler/tests/decorator_binding_pipeline_contract.rs:191:33:
decorator-binding/lifecycle/es2022/set/bundle-file-level-then-scoped-across-files: production command completes: parsed emit metadata at TransformNode { source: TransformSourceId(1), node: NodeId(148579) } requires an unsupported cross-arena identity
decorator binding REPEATED FAILURE decorator-binding/lifecycle/es2022/set/bundle-file-level-then-scoped-across-files
decorator binding EXACT x2 decorator-binding/lifecycle/es2022/set/bundle-parse-census-per-file
decorator binding EXACT x2 decorator-binding/lifecycle/es2022/set/bundle-scoped-names-two-files
decorator binding EXACT x2 decorator-binding/lifecycle/es2022/set/bundle-computed-temps-two-files
decorator binding EXACT x2 decorator-binding/lifecycle/es2022/set/cjs-full-class
decorator binding EXACT x2 decorator-binding/lifecycle/es2022/set/cjs-default-export
decorator binding EXACT x2 decorator-binding/lifecycle/es2022/set/cjs-class-expression
decorator binding EXACT x2 decorator-binding/lifecycle/es2022/set/cjs-computed
decorator binding EXACT x2 decorator-binding/lifecycle/es2022/set/cjs-global-script-_metadata
decorator binding EXACT x2 decorator-binding/lifecycle/es2022/set/cjs-sibling-file-level-then-scoped
decorator binding EXACT x2 decorator-binding/nested/es2022/define/inner-in-static-block
decorator binding EXACT x2 decorator-binding/nested/es2022/define/inner-in-method
decorator binding EXACT x2 decorator-binding/nested/es2022/define/inner-in-constructor
decorator binding EXACT x2 decorator-binding/nested/es2022/define/inner-in-static-field-initializer
decorator binding EXACT x2 decorator-binding/nested/es2022/define/inner-in-instance-field-initializer
decorator binding EXACT x2 decorator-binding/nested/es2022/define/inner-in-decorator-expression
decorator binding EXACT x2 decorator-binding/nested/es2022/define/inner-in-heritage
decorator binding EXACT x2 decorator-binding/nested/es2022/define/sibling-same-members
decorator binding EXACT x2 decorator-binding/nested/es2022/define/sibling-outer-this-twice
decorator binding EXACT x2 decorator-binding/nested/es2022/define/sibling-class-expressions
decorator binding EXACT x2 decorator-binding/nested/es2022/define/sibling-default-and-expression
decorator binding EXACT x2 decorator-binding/nested/es2022/define/sibling-computed-temps
decorator binding EXACT x2 decorator-binding/nested/es2022/define/ordinary-function-scopes
decorator binding EXACT x2 decorator-binding/nested/es2022/define/inner-computed-in-outer-computed-scope
decorator binding EXACT x2 decorator-binding/nested/es2022/define/triple-nesting
decorator binding EXACT x2 decorator-binding/reserved/es2022/define/file-level-then-static-private-field
decorator binding EXACT x2 decorator-binding/reserved/es2022/define/static-private-field-then-file-level
decorator binding EXACT x2 decorator-binding/reserved/es2022/define/file-level-then-static-private-method
decorator binding EXACT x2 decorator-binding/reserved/es2022/define/static-private-method-then-file-level
decorator binding EXACT x2 decorator-binding/reserved/es2022/define/file-level-then-static-private-accessor
decorator binding EXACT x2 decorator-binding/reserved/es2022/define/static-private-accessor-then-file-level
decorator binding EXACT x2 decorator-binding/reserved/es2022/define/file-level-then-static-auto-accessor
decorator binding EXACT x2 decorator-binding/reserved/es2022/define/static-auto-accessor-then-file-level
decorator binding EXACT x2 decorator-binding/reserved/es2022/define/file-level-then-static-private-auto-accessor
decorator binding EXACT x2 decorator-binding/reserved/es2022/define/static-private-auto-accessor-then-file-level
decorator binding EXACT x2 decorator-binding/reserved/es2022/define/file-level-then-decorated-static-private-auto-accessor
decorator binding EXACT x2 decorator-binding/reserved/es2022/define/decorated-static-private-auto-accessor-then-file-level
decorator binding EXACT x2 decorator-binding/reserved/es2022/define/file-level-then-instance-private-field-only
decorator binding EXACT x2 decorator-binding/reserved/es2022/define/instance-private-field-only-then-file-level
decorator binding EXACT x2 decorator-binding/reserved/es2022/define/file-level-then-public-static-field-only
decorator binding EXACT x2 decorator-binding/reserved/es2022/define/public-static-field-only-then-file-level
decorator binding EXACT x2 decorator-binding/reserved/es2022/define/file-level-then-instance-auto-accessor-only
decorator binding EXACT x2 decorator-binding/reserved/es2022/define/instance-auto-accessor-only-then-file-level
decorator binding EXACT x2 decorator-binding/reserved/es2022/define/file-level-then-static-block-only
decorator binding EXACT x2 decorator-binding/reserved/es2022/define/static-block-only-then-file-level
decorator binding EXACT x2 decorator-binding/reserved/es2022/define/scoped-then-scoped
decorator binding EXACT x2 decorator-binding/reserved/es2022/define/outer-file-level-inner-scoped
decorator binding EXACT x2 decorator-binding/reserved/es2022/define/outer-scoped-inner-file-level
decorator binding EXACT x2 decorator-binding/reserved/es2022/define/outer-scoped-inner-scoped

thread 'decorator_binding_forms_match_complete_typescript_observations' (18083586) panicked at crates/compiler/tests/integration/h2_7b_w4a_controls.rs:402:5:
assertion `left == right` failed: decorator-binding/reserved/es2022/define/private-accessor-storage-nested: exact source-map result
  left: Array [Object {"input_source_file_names": Array [String("/project/main.ts")], "source_map_json": String("{\"version\":3,\"file\":\"main.js\",\"sourceRoot\":\"\",\"sources\":[\"../main.ts\"],\"names\":[],\"mappings\":\";;;;;;;;;;;;;;;;;;;;;;;;;;;;;;;;;;;;;;AAAA,MAAM,MAAM,GAAc,EAAE,CAAC;AAC7B,SAAS,GAAG,CAAC,KAAU,EAAE,OAAY,IAAS,MAAM,CAAC,IAAI,CAAC,CAAC,KAAK,EAAE,MAAM,CAAC,OAAO,CAAC,IAAI,CAAC,CAAC,CAAC,CAAC,CAAC,OAAO,KAAK,CAAC,CAAC,CAAC;AACzG,SAAS,GAAG,KAAU,MAAM,CAAC,IAAI,CAAC,KAAK,CAAC,CAAC,CAAC,OAAO,GAAG,CAAC,CAAC,CAAC;AACvD,SAAS,IAAI,KAAU,MAAM,CAAC,IAAI,CAAC,MAAM,CAAC,CAAC,CAAC,OAAO,GAAG,CAAC,CAAC,CAAC;AACzD,SAAS,MAAM,CAAC,KAAc,IAAI,MAAM,CAAC,IAAI,CAAC,KAAK,CAAC,CAAC,CAAC,CAAC;AACvD,MAAM,EAAE,GAAG,EAAE,GAAG,EAAE,CAAC;AACnB,MAAM,IAAI,GAAG,EAAE,IAAI,CAAC,KAAU,MAAM,CAAC,IAAI,CAAC,KAAK,CAAC,CAAC,CAAC,OAAO,GAAG,CAAC,CAAC,CAAC,EAAE,IAAI,CAAC,KAAU,MAAM,CAAC,IAAI,CAAC,MAAM,CAAC,CAAC,CAAC,OAAO,GAAG,CAAC,CAAC,CAAC,EAAE,CAAC;IAExG,CAAC;4BADb,GAAG;;;;;;;;;;;;qCAEC,GAAG;YAAC,6CAAA,uBAAA,gDAAgB,cAAA,EAAhB,uBAAA,sDAAgB,cAAA,+GAAP,EAAE,yBAAF,EAAE,6BAAF,EAAE,6FAAK;YADzB,6KAOC;;;;QANiB,mBAAE,oDAAG,CAAC,EAAC;QAAhB,IAAS,EAAE,mDAAK;QAAhB,IAAS,EAAE,+DAAK;QACrB,KAAK,KAAK,OAAO,IAAI,CAAC,EAAE,CAAC,CAAC,CAAC;QAC3B;gBACe,CAAC;wCAAX,GAAG;;;;;;;;;;;;mDAAY,GAAG;wBAAC,+CAAA,uBAAA,kDAAgB,cAAA,EAAhB,uBAAA,wDAAgB,cAAA,iHAAP,EAAE,yBAAF,EAAE,6BAAF,EAAE,iGAAK;wBAA/B,6KAA6D;;;wBAAvD,uDAAC;;oBAAiB,qBAAE,sDAAG,CAAC,EAAC;oBAAhB,IAAS,EAAE,qDAAK;oBAAhB,IAAS,EAAE,iEAAK;oBAAC,KAAK,KAAK,OAAO,IAAI,CAAC,EAAE,CAAC,CAAC,CAAC;;;;;;;YAChE,MAAM,CAAC,IAAI,CAAC,EAAE,CAAC,KAAK,EAAE,CAAC,CAAC;QAC5B,CAAC;;;;;YANQ,uDAAC;;;;;SAAD,CAAC;AAQd,MAAM,CAAC,IAAI,CAAC,EAAE,CAAC,KAAK,EAAE,CAAC,CAAC;AACxB,MAAM,CAAC,MAAM,IAAI,GAAG,MAAM,CAAC,MAAM,CAAC\"}")}, Object {"input_source_file_names": Array [String("/project/main.ts")], "source_map_json": String("{\"version\":3,\"file\":\"main.d.ts\",\"sourceRoot\":\"\",\"sources\":[\"../main.ts\"],\"names\":[],\"mappings\":\"AAOA,qBACa,CAAC;;IAEV,KAAK;CAKR;AAED,eAAO,MAAM,IAAI,QAAgB,CAAC\"}")}]
 right: Array [Object {"input_source_file_names": Array [String("/project/main.ts")], "source_map_json": String("{\"version\":3,\"file\":\"main.js\",\"sourceRoot\":\"\",\"sources\":[\"../main.ts\"],\"names\":[],\"mappings\":\";;;;;;;;;;;;;;;;;;;;;;;;;;;;;;;;;;;;;;AAAA,MAAM,MAAM,GAAc,EAAE,CAAC;AAC7B,SAAS,GAAG,CAAC,KAAU,EAAE,OAAY,IAAS,MAAM,CAAC,IAAI,CAAC,CAAC,KAAK,EAAE,MAAM,CAAC,OAAO,CAAC,IAAI,CAAC,CAAC,CAAC,CAAC,CAAC,OAAO,KAAK,CAAC,CAAC,CAAC;AACzG,SAAS,GAAG,KAAU,MAAM,CAAC,IAAI,CAAC,KAAK,CAAC,CAAC,CAAC,OAAO,GAAG,CAAC,CAAC,CAAC;AACvD,SAAS,IAAI,KAAU,MAAM,CAAC,IAAI,CAAC,MAAM,CAAC,CAAC,CAAC,OAAO,GAAG,CAAC,CAAC,CAAC;AACzD,SAAS,MAAM,CAAC,KAAc,IAAI,MAAM,CAAC,IAAI,CAAC,KAAK,CAAC,CAAC,CAAC,CAAC;AACvD,MAAM,EAAE,GAAG,EAAE,GAAG,EAAE,CAAC;AACnB,MAAM,IAAI,GAAG,EAAE,IAAI,CAAC,KAAU,MAAM,CAAC,IAAI,CAAC,KAAK,CAAC,CAAC,CAAC,OAAO,GAAG,CAAC,CAAC,CAAC,EAAE,IAAI,CAAC,KAAU,MAAM,CAAC,IAAI,CAAC,MAAM,CAAC,CAAC,CAAC,OAAO,GAAG,CAAC,CAAC,CAAC,EAAE,CAAC;IAExG,CAAC;4BADb,GAAG;;;;;;;;;;;;qCAEC,GAAG;YAAC,6CAAA,uBAAA,gDAAgB,cAAA,EAAhB,uBAAA,sDAAgB,cAAA,+GAAP,EAAE,yBAAF,EAAE,6BAAF,EAAE,6FAAK;YADzB,6KAOC;;;;QANiB,mBAAE,oDAAG,CAAC,EAAC;QAArB,IAAc,EAAE,mDAAK;QAArB,IAAc,EAAE,+DAAK;QACrB,KAAK,KAAK,OAAO,IAAI,CAAC,EAAE,CAAC,CAAC,CAAC;QAC3B;gBACe,CAAC;wCAAX,GAAG;;;;;;;;;;;;mDAAY,GAAG;wBAAC,+CAAA,uBAAA,kDAAgB,cAAA,EAAhB,uBAAA,wDAAgB,cAAA,iHAAP,EAAE,yBAAF,EAAE,6BAAF,EAAE,iGAAK;wBAA/B,6KAA6D;;;wBAAvD,uDAAC;;oBAAiB,qBAAE,sDAAG,CAAC,EAAC;oBAArB,IAAc,EAAE,qDAAK;oBAArB,IAAc,EAAE,iEAAK;oBAAC,KAAK,KAAK,OAAO,IAAI,CAAC,EAAE,CAAC,CAAC,CAAC;;;;;;;YAChE,MAAM,CAAC,IAAI,CAAC,EAAE,CAAC,KAAK,EAAE,CAAC,CAAC;QAC5B,CAAC;;;;;YANQ,uDAAC;;;;;SAAD,CAAC;AAQd,MAAM,CAAC,IAAI,CAAC,EAAE,CAAC,KAAK,EAAE,CAAC,CAAC;AACxB,MAAM,CAAC,MAAM,IAAI,GAAG,MAAM,CAAC,MAAM,CAAC\"}")}, Object {"input_source_file_names": Array [String("/project/main.ts")], "source_map_json": String("{\"version\":3,\"file\":\"main.d.ts\",\"sourceRoot\":\"\",\"sources\":[\"../main.ts\"],\"names\":[],\"mappings\":\"AAOA,qBACa,CAAC;;IAEV,KAAK;CAKR;AAED,eAAO,MAAM,IAAI,QAAgB,CAAC\"}")}]

thread 'decorator_binding_forms_match_complete_typescript_observations' (18083586) panicked at crates/compiler/tests/integration/h2_7b_w4a_controls.rs:402:5:
assertion `left == right` failed: decorator-binding/reserved/es2022/define/private-accessor-storage-nested: exact source-map result
  left: Array [Object {"input_source_file_names": Array [String("/project/main.ts")], "source_map_json": String("{\"version\":3,\"file\":\"main.js\",\"sourceRoot\":\"\",\"sources\":[\"../main.ts\"],\"names\":[],\"mappings\":\";;;;;;;;;;;;;;;;;;;;;;;;;;;;;;;;;;;;;;AAAA,MAAM,MAAM,GAAc,EAAE,CAAC;AAC7B,SAAS,GAAG,CAAC,KAAU,EAAE,OAAY,IAAS,MAAM,CAAC,IAAI,CAAC,CAAC,KAAK,EAAE,MAAM,CAAC,OAAO,CAAC,IAAI,CAAC,CAAC,CAAC,CAAC,CAAC,OAAO,KAAK,CAAC,CAAC,CAAC;AACzG,SAAS,GAAG,KAAU,MAAM,CAAC,IAAI,CAAC,KAAK,CAAC,CAAC,CAAC,OAAO,GAAG,CAAC,CAAC,CAAC;AACvD,SAAS,IAAI,KAAU,MAAM,CAAC,IAAI,CAAC,MAAM,CAAC,CAAC,CAAC,OAAO,GAAG,CAAC,CAAC,CAAC;AACzD,SAAS,MAAM,CAAC,KAAc,IAAI,MAAM,CAAC,IAAI,CAAC,KAAK,CAAC,CAAC,CAAC,CAAC;AACvD,MAAM,EAAE,GAAG,EAAE,GAAG,EAAE,CAAC;AACnB,MAAM,IAAI,GAAG,EAAE,IAAI,CAAC,KAAU,MAAM,CAAC,IAAI,CAAC,KAAK,CAAC,CAAC,CAAC,OAAO,GAAG,CAAC,CAAC,CAAC,EAAE,IAAI,CAAC,KAAU,MAAM,CAAC,IAAI,CAAC,MAAM,CAAC,CAAC,CAAC,OAAO,GAAG,CAAC,CAAC,CAAC,EAAE,CAAC;IAExG,CAAC;4BADb,GAAG;;;;;;;;;;;;qCAEC,GAAG;YAAC,6CAAA,uBAAA,gDAAgB,cAAA,EAAhB,uBAAA,sDAAgB,cAAA,+GAAP,EAAE,yBAAF,EAAE,6BAAF,EAAE,6FAAK;YADzB,6KAOC;;;;QANiB,mBAAE,oDAAG,CAAC,EAAC;QAAhB,IAAS,EAAE,mDAAK;QAAhB,IAAS,EAAE,+DAAK;QACrB,KAAK,KAAK,OAAO,IAAI,CAAC,EAAE,CAAC,CAAC,CAAC;QAC3B;gBACe,CAAC;wCAAX,GAAG;;;;;;;;;;;;mDAAY,GAAG;wBAAC,+CAAA,uBAAA,kDAAgB,cAAA,EAAhB,uBAAA,wDAAgB,cAAA,iHAAP,EAAE,yBAAF,EAAE,6BAAF,EAAE,iGAAK;wBAA/B,6KAA6D;;;wBAAvD,uDAAC;;oBAAiB,qBAAE,sDAAG,CAAC,EAAC;oBAAhB,IAAS,EAAE,qDAAK;oBAAhB,IAAS,EAAE,iEAAK;oBAAC,KAAK,KAAK,OAAO,IAAI,CAAC,EAAE,CAAC,CAAC,CAAC;;;;;;;YAChE,MAAM,CAAC,IAAI,CAAC,EAAE,CAAC,KAAK,EAAE,CAAC,CAAC;QAC5B,CAAC;;;;;YANQ,uDAAC;;;;;SAAD,CAAC;AAQd,MAAM,CAAC,IAAI,CAAC,EAAE,CAAC,KAAK,EAAE,CAAC,CAAC;AACxB,MAAM,CAAC,MAAM,IAAI,GAAG,MAAM,CAAC,MAAM,CAAC\"}")}, Object {"input_source_file_names": Array [String("/project/main.ts")], "source_map_json": String("{\"version\":3,\"file\":\"main.d.ts\",\"sourceRoot\":\"\",\"sources\":[\"../main.ts\"],\"names\":[],\"mappings\":\"AAOA,qBACa,CAAC;;IAEV,KAAK;CAKR;AAED,eAAO,MAAM,IAAI,QAAgB,CAAC\"}")}]
 right: Array [Object {"input_source_file_names": Array [String("/project/main.ts")], "source_map_json": String("{\"version\":3,\"file\":\"main.js\",\"sourceRoot\":\"\",\"sources\":[\"../main.ts\"],\"names\":[],\"mappings\":\";;;;;;;;;;;;;;;;;;;;;;;;;;;;;;;;;;;;;;AAAA,MAAM,MAAM,GAAc,EAAE,CAAC;AAC7B,SAAS,GAAG,CAAC,KAAU,EAAE,OAAY,IAAS,MAAM,CAAC,IAAI,CAAC,CAAC,KAAK,EAAE,MAAM,CAAC,OAAO,CAAC,IAAI,CAAC,CAAC,CAAC,CAAC,CAAC,OAAO,KAAK,CAAC,CAAC,CAAC;AACzG,SAAS,GAAG,KAAU,MAAM,CAAC,IAAI,CAAC,KAAK,CAAC,CAAC,CAAC,OAAO,GAAG,CAAC,CAAC,CAAC;AACvD,SAAS,IAAI,KAAU,MAAM,CAAC,IAAI,CAAC,MAAM,CAAC,CAAC,CAAC,OAAO,GAAG,CAAC,CAAC,CAAC;AACzD,SAAS,MAAM,CAAC,KAAc,IAAI,MAAM,CAAC,IAAI,CAAC,KAAK,CAAC,CAAC,CAAC,CAAC;AACvD,MAAM,EAAE,GAAG,EAAE,GAAG,EAAE,CAAC;AACnB,MAAM,IAAI,GAAG,EAAE,IAAI,CAAC,KAAU,MAAM,CAAC,IAAI,CAAC,KAAK,CAAC,CAAC,CAAC,OAAO,GAAG,CAAC,CAAC,CAAC,EAAE,IAAI,CAAC,KAAU,MAAM,CAAC,IAAI,CAAC,MAAM,CAAC,CAAC,CAAC,OAAO,GAAG,CAAC,CAAC,CAAC,EAAE,CAAC;IAExG,CAAC;4BADb,GAAG;;;;;;;;;;;;qCAEC,GAAG;YAAC,6CAAA,uBAAA,gDAAgB,cAAA,EAAhB,uBAAA,sDAAgB,cAAA,+GAAP,EAAE,yBAAF,EAAE,6BAAF,EAAE,6FAAK;YADzB,6KAOC;;;;QANiB,mBAAE,oDAAG,CAAC,EAAC;QAArB,IAAc,EAAE,mDAAK;QAArB,IAAc,EAAE,+DAAK;QACrB,KAAK,KAAK,OAAO,IAAI,CAAC,EAAE,CAAC,CAAC,CAAC;QAC3B;gBACe,CAAC;wCAAX,GAAG;;;;;;;;;;;;mDAAY,GAAG;wBAAC,+CAAA,uBAAA,kDAAgB,cAAA,EAAhB,uBAAA,wDAAgB,cAAA,iHAAP,EAAE,yBAAF,EAAE,6BAAF,EAAE,iGAAK;wBAA/B,6KAA6D;;;wBAAvD,uDAAC;;oBAAiB,qBAAE,sDAAG,CAAC,EAAC;oBAArB,IAAc,EAAE,qDAAK;oBAArB,IAAc,EAAE,iEAAK;oBAAC,KAAK,KAAK,OAAO,IAAI,CAAC,EAAE,CAAC,CAAC,CAAC;;;;;;;YAChE,MAAM,CAAC,IAAI,CAAC,EAAE,CAAC,KAAK,EAAE,CAAC,CAAC;QAC5B,CAAC;;;;;YANQ,uDAAC;;;;;SAAD,CAAC;AAQd,MAAM,CAAC,IAAI,CAAC,EAAE,CAAC,KAAK,EAAE,CAAC,CAAC;AACxB,MAAM,CAAC,MAAM,IAAI,GAAG,MAAM,CAAC,MAAM,CAAC\"}")}, Object {"input_source_file_names": Array [String("/project/main.ts")], "source_map_json": String("{\"version\":3,\"file\":\"main.d.ts\",\"sourceRoot\":\"\",\"sources\":[\"../main.ts\"],\"names\":[],\"mappings\":\"AAOA,qBACa,CAAC;;IAEV,KAAK;CAKR;AAED,eAAO,MAAM,IAAI,QAAgB,CAAC\"}")}]
decorator binding REPEATED FAILURE decorator-binding/reserved/es2022/define/private-accessor-storage-nested

thread 'decorator_binding_forms_match_complete_typescript_observations' (18083586) panicked at crates/compiler/tests/integration/h2_7b_w4a_controls.rs:402:5:
assertion `left == right` failed: decorator-binding/reserved/es2022/define/private-accessor-storage-siblings: exact source-map result
  left: Array [Object {"input_source_file_names": Array [String("/project/main.ts")], "source_map_json": String("{\"version\":3,\"file\":\"main.js\",\"sourceRoot\":\"\",\"sources\":[\"../main.ts\"],\"names\":[],\"mappings\":\";;;;;;;;;;;;;;;;;;;;;;;;;;;;;;;;;;;;;;AAAA,MAAM,MAAM,GAAc,EAAE,CAAC;AAC7B,SAAS,GAAG,CAAC,KAAU,EAAE,OAAY,IAAS,MAAM,CAAC,IAAI,CAAC,CAAC,KAAK,EAAE,MAAM,CAAC,OAAO,CAAC,IAAI,CAAC,CAAC,CAAC,CAAC,CAAC,OAAO,KAAK,CAAC,CAAC,CAAC;AACzG,SAAS,GAAG,KAAU,MAAM,CAAC,IAAI,CAAC,KAAK,CAAC,CAAC,CAAC,OAAO,GAAG,CAAC,CAAC,CAAC;AACvD,SAAS,IAAI,KAAU,MAAM,CAAC,IAAI,CAAC,MAAM,CAAC,CAAC,CAAC,OAAO,GAAG,CAAC,CAAC,CAAC;AACzD,SAAS,MAAM,CAAC,KAAc,IAAI,MAAM,CAAC,IAAI,CAAC,KAAK,CAAC,CAAC,CAAC,CAAC;AACvD,MAAM,EAAE,GAAG,EAAE,GAAG,EAAE,CAAC;AACnB,MAAM,IAAI,GAAG,EAAE,IAAI,CAAC,KAAU,MAAM,CAAC,IAAI,CAAC,KAAK,CAAC,CAAC,CAAC,OAAO,GAAG,CAAC,CAAC,CAAC,EAAE,IAAI,CAAC,KAAU,MAAM,CAAC,IAAI,CAAC,MAAM,CAAC,CAAC,CAAC,OAAO,GAAG,CAAC,CAAC,CAAC,EAAE,CAAC;IAExG,CAAC;4BADb,GAAG;;;;;;;;;;;;qCAEC,GAAG;YAAC,6CAAA,uBAAA,gDAAgB,cAAA,EAAhB,uBAAA,sDAAgB,cAAA,+GAAP,EAAE,yBAAF,EAAE,6BAAF,EAAE,6FAAK;YADzB,6KAGC;;;YAHY,uDAAC;;QACI,mBAAE,oDAAG,CAAC,EAAC;QAAhB,IAAS,EAAE,mDAAK;QAAhB,IAAS,EAAE,+DAAK;QACrB,KAAK,KAAK,OAAO,IAAI,CAAC,EAAE,CAAC,CAAC,CAAC;;;;;;;SAFlB,CAAC;IAKD,CAAC;4BADb,GAAG;;;;;;;;;;;;qCAEC,GAAG;YAAC,6CAAA,uBAAA,gDAAgB,cAAA,EAAhB,uBAAA,sDAAgB,cAAA,+GAAP,EAAE,yBAAF,EAAE,6BAAF,EAAE,6FAAK;YADzB,6KAGC;;;YAHY,uDAAC;;QACI,mBAAE,oDAAG,CAAC,EAAC;QAAhB,IAAS,EAAE,mDAAK;QAAhB,IAAS,EAAE,+DAAK;QACrB,KAAK,KAAK,OAAO,IAAI,CAAC,EAAE,CAAC,CAAC,CAAC;;;;;;;SAFlB,CAAC;AAId,MAAM,CAAC,IAAI,CAAC,EAAE,CAAC,KAAK,EAAE,GAAG,IAAI,CAAC,EAAE,CAAC,KAAK,EAAE,CAAC,CAAC;AAC1C,MAAM,CAAC,MAAM,IAAI,GAAG,MAAM,CAAC,MAAM,CAAC\"}")}, Object {"input_source_file_names": Array [String("/project/main.ts")], "source_map_json": String("{\"version\":3,\"file\":\"main.d.ts\",\"sourceRoot\":\"\",\"sources\":[\"../main.ts\"],\"names\":[],\"mappings\":\"AAOA,qBACa,CAAC;;IAEV,KAAK;CACR;AACD,qBACa,CAAC;;IAEV,KAAK;CACR;AAED,eAAO,MAAM,IAAI,QAAgB,CAAC\"}")}]
 right: Array [Object {"input_source_file_names": Array [String("/project/main.ts")], "source_map_json": String("{\"version\":3,\"file\":\"main.js\",\"sourceRoot\":\"\",\"sources\":[\"../main.ts\"],\"names\":[],\"mappings\":\";;;;;;;;;;;;;;;;;;;;;;;;;;;;;;;;;;;;;;AAAA,MAAM,MAAM,GAAc,EAAE,CAAC;AAC7B,SAAS,GAAG,CAAC,KAAU,EAAE,OAAY,IAAS,MAAM,CAAC,IAAI,CAAC,CAAC,KAAK,EAAE,MAAM,CAAC,OAAO,CAAC,IAAI,CAAC,CAAC,CAAC,CAAC,CAAC,OAAO,KAAK,CAAC,CAAC,CAAC;AACzG,SAAS,GAAG,KAAU,MAAM,CAAC,IAAI,CAAC,KAAK,CAAC,CAAC,CAAC,OAAO,GAAG,CAAC,CAAC,CAAC;AACvD,SAAS,IAAI,KAAU,MAAM,CAAC,IAAI,CAAC,MAAM,CAAC,CAAC,CAAC,OAAO,GAAG,CAAC,CAAC,CAAC;AACzD,SAAS,MAAM,CAAC,KAAc,IAAI,MAAM,CAAC,IAAI,CAAC,KAAK,CAAC,CAAC,CAAC,CAAC;AACvD,MAAM,EAAE,GAAG,EAAE,GAAG,EAAE,CAAC;AACnB,MAAM,IAAI,GAAG,EAAE,IAAI,CAAC,KAAU,MAAM,CAAC,IAAI,CAAC,KAAK,CAAC,CAAC,CAAC,OAAO,GAAG,CAAC,CAAC,CAAC,EAAE,IAAI,CAAC,KAAU,MAAM,CAAC,IAAI,CAAC,MAAM,CAAC,CAAC,CAAC,OAAO,GAAG,CAAC,CAAC,CAAC,EAAE,CAAC;IAExG,CAAC;4BADb,GAAG;;;;;;;;;;;;qCAEC,GAAG;YAAC,6CAAA,uBAAA,gDAAgB,cAAA,EAAhB,uBAAA,sDAAgB,cAAA,+GAAP,EAAE,yBAAF,EAAE,6BAAF,EAAE,6FAAK;YADzB,6KAGC;;;YAHY,uDAAC;;QACI,mBAAE,oDAAG,CAAC,EAAC;QAArB,IAAc,EAAE,mDAAK;QAArB,IAAc,EAAE,+DAAK;QACrB,KAAK,KAAK,OAAO,IAAI,CAAC,EAAE,CAAC,CAAC,CAAC;;;;;;;SAFlB,CAAC;IAKD,CAAC;4BADb,GAAG;;;;;;;;;;;;qCAEC,GAAG;YAAC,6CAAA,uBAAA,gDAAgB,cAAA,EAAhB,uBAAA,sDAAgB,cAAA,+GAAP,EAAE,yBAAF,EAAE,6BAAF,EAAE,6FAAK;YADzB,6KAGC;;;YAHY,uDAAC;;QACI,mBAAE,oDAAG,CAAC,EAAC;QAArB,IAAc,EAAE,mDAAK;QAArB,IAAc,EAAE,+DAAK;QACrB,KAAK,KAAK,OAAO,IAAI,CAAC,EAAE,CAAC,CAAC,CAAC;;;;;;;SAFlB,CAAC;AAId,MAAM,CAAC,IAAI,CAAC,EAAE,CAAC,KAAK,EAAE,GAAG,IAAI,CAAC,EAAE,CAAC,KAAK,EAAE,CAAC,CAAC;AAC1C,MAAM,CAAC,MAAM,IAAI,GAAG,MAAM,CAAC,MAAM,CAAC\"}")}, Object {"input_source_file_names": Array [String("/project/main.ts")], "source_map_json": String("{\"version\":3,\"file\":\"main.d.ts\",\"sourceRoot\":\"\",\"sources\":[\"../main.ts\"],\"names\":[],\"mappings\":\"AAOA,qBACa,CAAC;;IAEV,KAAK;CACR;AACD,qBACa,CAAC;;IAEV,KAAK;CACR;AAED,eAAO,MAAM,IAAI,QAAgB,CAAC\"}")}]

thread 'decorator_binding_forms_match_complete_typescript_observations' (18083586) panicked at crates/compiler/tests/integration/h2_7b_w4a_controls.rs:402:5:
assertion `left == right` failed: decorator-binding/reserved/es2022/define/private-accessor-storage-siblings: exact source-map result
  left: Array [Object {"input_source_file_names": Array [String("/project/main.ts")], "source_map_json": String("{\"version\":3,\"file\":\"main.js\",\"sourceRoot\":\"\",\"sources\":[\"../main.ts\"],\"names\":[],\"mappings\":\";;;;;;;;;;;;;;;;;;;;;;;;;;;;;;;;;;;;;;AAAA,MAAM,MAAM,GAAc,EAAE,CAAC;AAC7B,SAAS,GAAG,CAAC,KAAU,EAAE,OAAY,IAAS,MAAM,CAAC,IAAI,CAAC,CAAC,KAAK,EAAE,MAAM,CAAC,OAAO,CAAC,IAAI,CAAC,CAAC,CAAC,CAAC,CAAC,OAAO,KAAK,CAAC,CAAC,CAAC;AACzG,SAAS,GAAG,KAAU,MAAM,CAAC,IAAI,CAAC,KAAK,CAAC,CAAC,CAAC,OAAO,GAAG,CAAC,CAAC,CAAC;AACvD,SAAS,IAAI,KAAU,MAAM,CAAC,IAAI,CAAC,MAAM,CAAC,CAAC,CAAC,OAAO,GAAG,CAAC,CAAC,CAAC;AACzD,SAAS,MAAM,CAAC,KAAc,IAAI,MAAM,CAAC,IAAI,CAAC,KAAK,CAAC,CAAC,CAAC,CAAC;AACvD,MAAM,EAAE,GAAG,EAAE,GAAG,EAAE,CAAC;AACnB,MAAM,IAAI,GAAG,EAAE,IAAI,CAAC,KAAU,MAAM,CAAC,IAAI,CAAC,KAAK,CAAC,CAAC,CAAC,OAAO,GAAG,CAAC,CAAC,CAAC,EAAE,IAAI,CAAC,KAAU,MAAM,CAAC,IAAI,CAAC,MAAM,CAAC,CAAC,CAAC,OAAO,GAAG,CAAC,CAAC,CAAC,EAAE,CAAC;IAExG,CAAC;4BADb,GAAG;;;;;;;;;;;;qCAEC,GAAG;YAAC,6CAAA,uBAAA,gDAAgB,cAAA,EAAhB,uBAAA,sDAAgB,cAAA,+GAAP,EAAE,yBAAF,EAAE,6BAAF,EAAE,6FAAK;YADzB,6KAGC;;;YAHY,uDAAC;;QACI,mBAAE,oDAAG,CAAC,EAAC;QAAhB,IAAS,EAAE,mDAAK;QAAhB,IAAS,EAAE,+DAAK;QACrB,KAAK,KAAK,OAAO,IAAI,CAAC,EAAE,CAAC,CAAC,CAAC;;;;;;;SAFlB,CAAC;IAKD,CAAC;4BADb,GAAG;;;;;;;;;;;;qCAEC,GAAG;YAAC,6CAAA,uBAAA,gDAAgB,cAAA,EAAhB,uBAAA,sDAAgB,cAAA,+GAAP,EAAE,yBAAF,EAAE,6BAAF,EAAE,6FAAK;YADzB,6KAGC;;;YAHY,uDAAC;;QACI,mBAAE,oDAAG,CAAC,EAAC;QAAhB,IAAS,EAAE,mDAAK;QAAhB,IAAS,EAAE,+DAAK;QACrB,KAAK,KAAK,OAAO,IAAI,CAAC,EAAE,CAAC,CAAC,CAAC;;;;;;;SAFlB,CAAC;AAId,MAAM,CAAC,IAAI,CAAC,EAAE,CAAC,KAAK,EAAE,GAAG,IAAI,CAAC,EAAE,CAAC,KAAK,EAAE,CAAC,CAAC;AAC1C,MAAM,CAAC,MAAM,IAAI,GAAG,MAAM,CAAC,MAAM,CAAC\"}")}, Object {"input_source_file_names": Array [String("/project/main.ts")], "source_map_json": String("{\"version\":3,\"file\":\"main.d.ts\",\"sourceRoot\":\"\",\"sources\":[\"../main.ts\"],\"names\":[],\"mappings\":\"AAOA,qBACa,CAAC;;IAEV,KAAK;CACR;AACD,qBACa,CAAC;;IAEV,KAAK;CACR;AAED,eAAO,MAAM,IAAI,QAAgB,CAAC\"}")}]
 right: Array [Object {"input_source_file_names": Array [String("/project/main.ts")], "source_map_json": String("{\"version\":3,\"file\":\"main.js\",\"sourceRoot\":\"\",\"sources\":[\"../main.ts\"],\"names\":[],\"mappings\":\";;;;;;;;;;;;;;;;;;;;;;;;;;;;;;;;;;;;;;AAAA,MAAM,MAAM,GAAc,EAAE,CAAC;AAC7B,SAAS,GAAG,CAAC,KAAU,EAAE,OAAY,IAAS,MAAM,CAAC,IAAI,CAAC,CAAC,KAAK,EAAE,MAAM,CAAC,OAAO,CAAC,IAAI,CAAC,CAAC,CAAC,CAAC,CAAC,OAAO,KAAK,CAAC,CAAC,CAAC;AACzG,SAAS,GAAG,KAAU,MAAM,CAAC,IAAI,CAAC,KAAK,CAAC,CAAC,CAAC,OAAO,GAAG,CAAC,CAAC,CAAC;AACvD,SAAS,IAAI,KAAU,MAAM,CAAC,IAAI,CAAC,MAAM,CAAC,CAAC,CAAC,OAAO,GAAG,CAAC,CAAC,CAAC;AACzD,SAAS,MAAM,CAAC,KAAc,IAAI,MAAM,CAAC,IAAI,CAAC,KAAK,CAAC,CAAC,CAAC,CAAC;AACvD,MAAM,EAAE,GAAG,EAAE,GAAG,EAAE,CAAC;AACnB,MAAM,IAAI,GAAG,EAAE,IAAI,CAAC,KAAU,MAAM,CAAC,IAAI,CAAC,KAAK,CAAC,CAAC,CAAC,OAAO,GAAG,CAAC,CAAC,CAAC,EAAE,IAAI,CAAC,KAAU,MAAM,CAAC,IAAI,CAAC,MAAM,CAAC,CAAC,CAAC,OAAO,GAAG,CAAC,CAAC,CAAC,EAAE,CAAC;IAExG,CAAC;4BADb,GAAG;;;;;;;;;;;;qCAEC,GAAG;YAAC,6CAAA,uBAAA,gDAAgB,cAAA,EAAhB,uBAAA,sDAAgB,cAAA,+GAAP,EAAE,yBAAF,EAAE,6BAAF,EAAE,6FAAK;YADzB,6KAGC;;;YAHY,uDAAC;;QACI,mBAAE,oDAAG,CAAC,EAAC;QAArB,IAAc,EAAE,mDAAK;QAArB,IAAc,EAAE,+DAAK;QACrB,KAAK,KAAK,OAAO,IAAI,CAAC,EAAE,CAAC,CAAC,CAAC;;;;;;;SAFlB,CAAC;IAKD,CAAC;4BADb,GAAG;;;;;;;;;;;;qCAEC,GAAG;YAAC,6CAAA,uBAAA,gDAAgB,cAAA,EAAhB,uBAAA,sDAAgB,cAAA,+GAAP,EAAE,yBAAF,EAAE,6BAAF,EAAE,6FAAK;YADzB,6KAGC;;;YAHY,uDAAC;;QACI,mBAAE,oDAAG,CAAC,EAAC;QAArB,IAAc,EAAE,mDAAK;QAArB,IAAc,EAAE,+DAAK;QACrB,KAAK,KAAK,OAAO,IAAI,CAAC,EAAE,CAAC,CAAC,CAAC;;;;;;;SAFlB,CAAC;AAId,MAAM,CAAC,IAAI,CAAC,EAAE,CAAC,KAAK,EAAE,GAAG,IAAI,CAAC,EAAE,CAAC,KAAK,EAAE,CAAC,CAAC;AAC1C,MAAM,CAAC,MAAM,IAAI,GAAG,MAAM,CAAC,MAAM,CAAC\"}")}, Object {"input_source_file_names": Array [String("/project/main.ts")], "source_map_json": String("{\"version\":3,\"file\":\"main.d.ts\",\"sourceRoot\":\"\",\"sources\":[\"../main.ts\"],\"names\":[],\"mappings\":\"AAOA,qBACa,CAAC;;IAEV,KAAK;CACR;AACD,qBACa,CAAC;;IAEV,KAAK;CACR;AAED,eAAO,MAAM,IAAI,QAAgB,CAAC\"}")}]
decorator binding REPEATED FAILURE decorator-binding/reserved/es2022/define/private-accessor-storage-siblings

thread 'decorator_binding_forms_match_complete_typescript_observations' (18083586) panicked at crates/compiler/tests/integration/h2_7b_w4a_controls.rs:402:5:
assertion `left == right` failed: decorator-binding/reserved/es2022/define/private-and-public-same-stem: exact source-map result
  left: Array [Object {"input_source_file_names": Array [String("/project/main.ts")], "source_map_json": String("{\"version\":3,\"file\":\"main.js\",\"sourceRoot\":\"\",\"sources\":[\"../main.ts\"],\"names\":[],\"mappings\":\";;;;;;;;;;;;;;;;;;;;;;;;;;;;;;;;;;;;;;AAAA,MAAM,MAAM,GAAc,EAAE,CAAC;AAC7B,SAAS,GAAG,CAAC,KAAU,EAAE,OAAY,IAAS,MAAM,CAAC,IAAI,CAAC,CAAC,KAAK,EAAE,MAAM,CAAC,OAAO,CAAC,IAAI,CAAC,CAAC,CAAC,CAAC,CAAC,OAAO,KAAK,CAAC,CAAC,CAAC;AACzG,SAAS,GAAG,KAAU,MAAM,CAAC,IAAI,CAAC,KAAK,CAAC,CAAC,CAAC,OAAO,GAAG,CAAC,CAAC,CAAC;AACvD,SAAS,IAAI,KAAU,MAAM,CAAC,IAAI,CAAC,MAAM,CAAC,CAAC,CAAC,OAAO,GAAG,CAAC,CAAC,CAAC;AACzD,SAAS,MAAM,CAAC,KAAc,IAAI,MAAM,CAAC,IAAI,CAAC,KAAK,CAAC,CAAC,CAAC,CAAC;AACvD,MAAM,EAAE,GAAG,EAAE,GAAG,EAAE,CAAC;AACnB,MAAM,IAAI,GAAG,EAAE,IAAI,CAAC,KAAU,MAAM,CAAC,IAAI,CAAC,KAAK,CAAC,CAAC,CAAC,OAAO,GAAG,CAAC,CAAC,CAAC,EAAE,IAAI,CAAC,KAAU,MAAM,CAAC,IAAI,CAAC,MAAM,CAAC,CAAC,CAAC,OAAO,GAAG,CAAC,CAAC,CAAC,EAAE,CAAC;IAExG,CAAC;4BADb,GAAG;;;;;;;;;;;;;;;qCAEC,GAAG;6BACH,GAAG;YADC,6CAAA,uBAAA,gDAAgB,cAAA,EAAhB,uBAAA,sDAAgB,cAAA,+GAAP,EAAE,yBAAF,EAAE,6BAAF,EAAE,6FAAK;YAChB,wJAAS,CAAC,6BAAD,CAAC,6EAAK;YAFxB,6KAIC;;;YAJY,uDAAC;;QACI,mBAAE,oDAAG,CAAC,EAAC;QAAhB,IAAS,EAAE,mDAAK;QAAhB,IAAS,EAAE,+DAAK;QAChB,yHAAa,CAAC,GAAC;QAAf,IAAS,CAAC,yCAAK;QAAf,IAAS,CAAC,+CAAK;QACpB,KAAK,KAAK,OAAO,IAAI,CAAC,EAAE,GAAG,IAAI,CAAC,CAAC,CAAC,CAAC,CAAC;;;;;;;SAH3B,CAAC;AAKd,MAAM,CAAC,IAAI,CAAC,EAAE,CAAC,KAAK,EAAE,CAAC,CAAC;AACxB,MAAM,CAAC,MAAM,IAAI,GAAG,MAAM,CAAC,MAAM,CAAC\"}")}, Object {"input_source_file_names": Array [String("/project/main.ts")], "source_map_json": String("{\"version\":3,\"file\":\"main.d.ts\",\"sourceRoot\":\"\",\"sources\":[\"../main.ts\"],\"names\":[],\"mappings\":\"AAOA,qBACa,CAAC;;IAEL,QAAQ,CAAC,CAAC,SAAK;IACpB,KAAK;CACR;AAED,eAAO,MAAM,IAAI,QAAgB,CAAC\"}")}]
 right: Array [Object {"input_source_file_names": Array [String("/project/main.ts")], "source_map_json": String("{\"version\":3,\"file\":\"main.js\",\"sourceRoot\":\"\",\"sources\":[\"../main.ts\"],\"names\":[],\"mappings\":\";;;;;;;;;;;;;;;;;;;;;;;;;;;;;;;;;;;;;;AAAA,MAAM,MAAM,GAAc,EAAE,CAAC;AAC7B,SAAS,GAAG,CAAC,KAAU,EAAE,OAAY,IAAS,MAAM,CAAC,IAAI,CAAC,CAAC,KAAK,EAAE,MAAM,CAAC,OAAO,CAAC,IAAI,CAAC,CAAC,CAAC,CAAC,CAAC,OAAO,KAAK,CAAC,CAAC,CAAC;AACzG,SAAS,GAAG,KAAU,MAAM,CAAC,IAAI,CAAC,KAAK,CAAC,CAAC,CAAC,OAAO,GAAG,CAAC,CAAC,CAAC;AACvD,SAAS,IAAI,KAAU,MAAM,CAAC,IAAI,CAAC,MAAM,CAAC,CAAC,CAAC,OAAO,GAAG,CAAC,CAAC,CAAC;AACzD,SAAS,MAAM,CAAC,KAAc,IAAI,MAAM,CAAC,IAAI,CAAC,KAAK,CAAC,CAAC,CAAC,CAAC;AACvD,MAAM,EAAE,GAAG,EAAE,GAAG,EAAE,CAAC;AACnB,MAAM,IAAI,GAAG,EAAE,IAAI,CAAC,KAAU,MAAM,CAAC,IAAI,CAAC,KAAK,CAAC,CAAC,CAAC,OAAO,GAAG,CAAC,CAAC,CAAC,EAAE,IAAI,CAAC,KAAU,MAAM,CAAC,IAAI,CAAC,MAAM,CAAC,CAAC,CAAC,OAAO,GAAG,CAAC,CAAC,CAAC,EAAE,CAAC;IAExG,CAAC;4BADb,GAAG;;;;;;;;;;;;;;;qCAEC,GAAG;6BACH,GAAG;YADC,6CAAA,uBAAA,gDAAgB,cAAA,EAAhB,uBAAA,sDAAgB,cAAA,+GAAP,EAAE,yBAAF,EAAE,6BAAF,EAAE,6FAAK;YAChB,wJAAS,CAAC,6BAAD,CAAC,6EAAK;YAFxB,6KAIC;;;YAJY,uDAAC;;QACI,mBAAE,oDAAG,CAAC,EAAC;QAArB,IAAc,EAAE,mDAAK;QAArB,IAAc,EAAE,+DAAK;QAChB,yHAAa,CAAC,GAAC;QAAf,IAAS,CAAC,yCAAK;QAAf,IAAS,CAAC,+CAAK;QACpB,KAAK,KAAK,OAAO,IAAI,CAAC,EAAE,GAAG,IAAI,CAAC,CAAC,CAAC,CAAC,CAAC;;;;;;;SAH3B,CAAC;AAKd,MAAM,CAAC,IAAI,CAAC,EAAE,CAAC,KAAK,EAAE,CAAC,CAAC;AACxB,MAAM,CAAC,MAAM,IAAI,GAAG,MAAM,CAAC,MAAM,CAAC\"}")}, Object {"input_source_file_names": Array [String("/project/main.ts")], "source_map_json": String("{\"version\":3,\"file\":\"main.d.ts\",\"sourceRoot\":\"\",\"sources\":[\"../main.ts\"],\"names\":[],\"mappings\":\"AAOA,qBACa,CAAC;;IAEL,QAAQ,CAAC,CAAC,SAAK;IACpB,KAAK;CACR;AAED,eAAO,MAAM,IAAI,QAAgB,CAAC\"}")}]

thread 'decorator_binding_forms_match_complete_typescript_observations' (18083586) panicked at crates/compiler/tests/integration/h2_7b_w4a_controls.rs:402:5:
assertion `left == right` failed: decorator-binding/reserved/es2022/define/private-and-public-same-stem: exact source-map result
  left: Array [Object {"input_source_file_names": Array [String("/project/main.ts")], "source_map_json": String("{\"version\":3,\"file\":\"main.js\",\"sourceRoot\":\"\",\"sources\":[\"../main.ts\"],\"names\":[],\"mappings\":\";;;;;;;;;;;;;;;;;;;;;;;;;;;;;;;;;;;;;;AAAA,MAAM,MAAM,GAAc,EAAE,CAAC;AAC7B,SAAS,GAAG,CAAC,KAAU,EAAE,OAAY,IAAS,MAAM,CAAC,IAAI,CAAC,CAAC,KAAK,EAAE,MAAM,CAAC,OAAO,CAAC,IAAI,CAAC,CAAC,CAAC,CAAC,CAAC,OAAO,KAAK,CAAC,CAAC,CAAC;AACzG,SAAS,GAAG,KAAU,MAAM,CAAC,IAAI,CAAC,KAAK,CAAC,CAAC,CAAC,OAAO,GAAG,CAAC,CAAC,CAAC;AACvD,SAAS,IAAI,KAAU,MAAM,CAAC,IAAI,CAAC,MAAM,CAAC,CAAC,CAAC,OAAO,GAAG,CAAC,CAAC,CAAC;AACzD,SAAS,MAAM,CAAC,KAAc,IAAI,MAAM,CAAC,IAAI,CAAC,KAAK,CAAC,CAAC,CAAC,CAAC;AACvD,MAAM,EAAE,GAAG,EAAE,GAAG,EAAE,CAAC;AACnB,MAAM,IAAI,GAAG,EAAE,IAAI,CAAC,KAAU,MAAM,CAAC,IAAI,CAAC,KAAK,CAAC,CAAC,CAAC,OAAO,GAAG,CAAC,CAAC,CAAC,EAAE,IAAI,CAAC,KAAU,MAAM,CAAC,IAAI,CAAC,MAAM,CAAC,CAAC,CAAC,OAAO,GAAG,CAAC,CAAC,CAAC,EAAE,CAAC;IAExG,CAAC;4BADb,GAAG;;;;;;;;;;;;;;;qCAEC,GAAG;6BACH,GAAG;YADC,6CAAA,uBAAA,gDAAgB,cAAA,EAAhB,uBAAA,sDAAgB,cAAA,+GAAP,EAAE,yBAAF,EAAE,6BAAF,EAAE,6FAAK;YAChB,wJAAS,CAAC,6BAAD,CAAC,6EAAK;YAFxB,6KAIC;;;YAJY,uDAAC;;QACI,mBAAE,oDAAG,CAAC,EAAC;QAAhB,IAAS,EAAE,mDAAK;QAAhB,IAAS,EAAE,+DAAK;QAChB,yHAAa,CAAC,GAAC;QAAf,IAAS,CAAC,yCAAK;QAAf,IAAS,CAAC,+CAAK;QACpB,KAAK,KAAK,OAAO,IAAI,CAAC,EAAE,GAAG,IAAI,CAAC,CAAC,CAAC,CAAC,CAAC;;;;;;;SAH3B,CAAC;AAKd,MAAM,CAAC,IAAI,CAAC,EAAE,CAAC,KAAK,EAAE,CAAC,CAAC;AACxB,MAAM,CAAC,MAAM,IAAI,GAAG,MAAM,CAAC,MAAM,CAAC\"}")}, Object {"input_source_file_names": Array [String("/project/main.ts")], "source_map_json": String("{\"version\":3,\"file\":\"main.d.ts\",\"sourceRoot\":\"\",\"sources\":[\"../main.ts\"],\"names\":[],\"mappings\":\"AAOA,qBACa,CAAC;;IAEL,QAAQ,CAAC,CAAC,SAAK;IACpB,KAAK;CACR;AAED,eAAO,MAAM,IAAI,QAAgB,CAAC\"}")}]
 right: Array [Object {"input_source_file_names": Array [String("/project/main.ts")], "source_map_json": String("{\"version\":3,\"file\":\"main.js\",\"sourceRoot\":\"\",\"sources\":[\"../main.ts\"],\"names\":[],\"mappings\":\";;;;;;;;;;;;;;;;;;;;;;;;;;;;;;;;;;;;;;AAAA,MAAM,MAAM,GAAc,EAAE,CAAC;AAC7B,SAAS,GAAG,CAAC,KAAU,EAAE,OAAY,IAAS,MAAM,CAAC,IAAI,CAAC,CAAC,KAAK,EAAE,MAAM,CAAC,OAAO,CAAC,IAAI,CAAC,CAAC,CAAC,CAAC,CAAC,OAAO,KAAK,CAAC,CAAC,CAAC;AACzG,SAAS,GAAG,KAAU,MAAM,CAAC,IAAI,CAAC,KAAK,CAAC,CAAC,CAAC,OAAO,GAAG,CAAC,CAAC,CAAC;AACvD,SAAS,IAAI,KAAU,MAAM,CAAC,IAAI,CAAC,MAAM,CAAC,CAAC,CAAC,OAAO,GAAG,CAAC,CAAC,CAAC;AACzD,SAAS,MAAM,CAAC,KAAc,IAAI,MAAM,CAAC,IAAI,CAAC,KAAK,CAAC,CAAC,CAAC,CAAC;AACvD,MAAM,EAAE,GAAG,EAAE,GAAG,EAAE,CAAC;AACnB,MAAM,IAAI,GAAG,EAAE,IAAI,CAAC,KAAU,MAAM,CAAC,IAAI,CAAC,KAAK,CAAC,CAAC,CAAC,OAAO,GAAG,CAAC,CAAC,CAAC,EAAE,IAAI,CAAC,KAAU,MAAM,CAAC,IAAI,CAAC,MAAM,CAAC,CAAC,CAAC,OAAO,GAAG,CAAC,CAAC,CAAC,EAAE,CAAC;IAExG,CAAC;4BADb,GAAG;;;;;;;;;;;;;;;qCAEC,GAAG;6BACH,GAAG;YADC,6CAAA,uBAAA,gDAAgB,cAAA,EAAhB,uBAAA,sDAAgB,cAAA,+GAAP,EAAE,yBAAF,EAAE,6BAAF,EAAE,6FAAK;YAChB,wJAAS,CAAC,6BAAD,CAAC,6EAAK;YAFxB,6KAIC;;;YAJY,uDAAC;;QACI,mBAAE,oDAAG,CAAC,EAAC;QAArB,IAAc,EAAE,mDAAK;QAArB,IAAc,EAAE,+DAAK;QAChB,yHAAa,CAAC,GAAC;QAAf,IAAS,CAAC,yCAAK;QAAf,IAAS,CAAC,+CAAK;QACpB,KAAK,KAAK,OAAO,IAAI,CAAC,EAAE,GAAG,IAAI,CAAC,CAAC,CAAC,CAAC,CAAC;;;;;;;SAH3B,CAAC;AAKd,MAAM,CAAC,IAAI,CAAC,EAAE,CAAC,KAAK,EAAE,CAAC,CAAC;AACxB,MAAM,CAAC,MAAM,IAAI,GAAG,MAAM,CAAC,MAAM,CAAC\"}")}, Object {"input_source_file_names": Array [String("/project/main.ts")], "source_map_json": String("{\"version\":3,\"file\":\"main.d.ts\",\"sourceRoot\":\"\",\"sources\":[\"../main.ts\"],\"names\":[],\"mappings\":\"AAOA,qBACa,CAAC;;IAEL,QAAQ,CAAC,CAAC,SAAK;IACpB,KAAK;CACR;AAED,eAAO,MAAM,IAAI,QAAgB,CAAC\"}")}]
decorator binding REPEATED FAILURE decorator-binding/reserved/es2022/define/private-and-public-same-stem
decorator binding EXACT x2 decorator-binding/reserved/es2022/define/class-this-parsed-and-scoped
decorator binding EXACT x2 decorator-binding/computed/es2022/define/static-accessor-decorated
decorator binding EXACT x2 decorator-binding/computed/es2022/define/instance-accessor-decorated
decorator binding EXACT x2 decorator-binding/computed/es2022/define/method-decorated
decorator binding EXACT x2 decorator-binding/computed/es2022/define/static-method-decorated
decorator binding EXACT x2 decorator-binding/computed/es2022/define/getter-setter-decorated
decorator binding EXACT x2 decorator-binding/computed/es2022/define/field-decorated
decorator binding EXACT x2 decorator-binding/computed/es2022/define/static-field-decorated
decorator binding EXACT x2 decorator-binding/computed/es2022/define/multiple-keys
decorator binding EXACT x2 decorator-binding/computed/es2022/define/user-identifier-_a
decorator binding EXACT x2 decorator-binding/computed/es2022/define/undecorated-computed-between
decorator binding EXACT x2 decorator-binding/computed/es2022/define/undecorated-computed-method-after
decorator binding EXACT x2 decorator-binding/computed/es2022/define/class-expression-computed
decorator binding EXACT x2 decorator-binding/computed/es2022/define/member-only-decorators-computed
decorator binding EXACT x2 decorator-binding/computed/es2022/define/computed-literal-and-expression
decorator binding EXACT x2 decorator-binding/computed/es2022/define/computed-with-decorator-temp
decorator binding EXACT x2 decorator-binding/computed/es2022/define/computed-in-static-block-nested-class
decorator binding EXACT x2 decorator-binding/lifecycle/es2022/define/bundle-outer-this-two-files
decorator binding EXACT x2 decorator-binding/lifecycle/es2022/define/bundle-class-expression-two-files
decorator binding EXACT x2 decorator-binding/lifecycle/es2022/define/bundle-default-two-files

thread 'decorator_binding_forms_match_complete_typescript_observations' (18083586) panicked at crates/compiler/tests/decorator_binding_pipeline_contract.rs:191:33:
decorator-binding/lifecycle/es2022/define/bundle-file-level-then-scoped-across-files: production command completes: parsed emit metadata at TransformNode { source: TransformSourceId(1), node: NodeId(148579) } requires an unsupported cross-arena identity

thread 'decorator_binding_forms_match_complete_typescript_observations' (18083586) panicked at crates/compiler/tests/decorator_binding_pipeline_contract.rs:191:33:
decorator-binding/lifecycle/es2022/define/bundle-file-level-then-scoped-across-files: production command completes: parsed emit metadata at TransformNode { source: TransformSourceId(1), node: NodeId(148579) } requires an unsupported cross-arena identity
decorator binding REPEATED FAILURE decorator-binding/lifecycle/es2022/define/bundle-file-level-then-scoped-across-files
decorator binding EXACT x2 decorator-binding/lifecycle/es2022/define/bundle-parse-census-per-file
decorator binding EXACT x2 decorator-binding/lifecycle/es2022/define/bundle-scoped-names-two-files
decorator binding EXACT x2 decorator-binding/lifecycle/es2022/define/bundle-computed-temps-two-files
decorator binding EXACT x2 decorator-binding/lifecycle/es2022/define/cjs-full-class
decorator binding EXACT x2 decorator-binding/lifecycle/es2022/define/cjs-default-export
decorator binding EXACT x2 decorator-binding/lifecycle/es2022/define/cjs-class-expression
decorator binding EXACT x2 decorator-binding/lifecycle/es2022/define/cjs-computed
decorator binding EXACT x2 decorator-binding/lifecycle/es2022/define/cjs-global-script-_metadata
decorator binding EXACT x2 decorator-binding/lifecycle/es2022/define/cjs-sibling-file-level-then-scoped
decorator binding EXACT x2 decorator-binding/nested/esnext/set/inner-in-static-block
decorator binding EXACT x2 decorator-binding/nested/esnext/set/inner-in-method
decorator binding EXACT x2 decorator-binding/nested/esnext/set/inner-in-constructor
decorator binding EXACT x2 decorator-binding/nested/esnext/set/inner-in-static-field-initializer
decorator binding EXACT x2 decorator-binding/nested/esnext/set/inner-in-instance-field-initializer
decorator binding EXACT x2 decorator-binding/nested/esnext/set/inner-in-decorator-expression
decorator binding EXACT x2 decorator-binding/nested/esnext/set/inner-in-heritage
decorator binding EXACT x2 decorator-binding/nested/esnext/set/sibling-same-members
decorator binding EXACT x2 decorator-binding/nested/esnext/set/sibling-outer-this-twice
decorator binding EXACT x2 decorator-binding/nested/esnext/set/sibling-class-expressions
decorator binding EXACT x2 decorator-binding/nested/esnext/set/sibling-default-and-expression
decorator binding EXACT x2 decorator-binding/nested/esnext/set/sibling-computed-temps
decorator binding EXACT x2 decorator-binding/nested/esnext/set/ordinary-function-scopes
decorator binding EXACT x2 decorator-binding/nested/esnext/set/inner-computed-in-outer-computed-scope
decorator binding EXACT x2 decorator-binding/nested/esnext/set/triple-nesting
decorator binding EXACT x2 decorator-binding/reserved/esnext/set/file-level-then-static-private-field
decorator binding EXACT x2 decorator-binding/reserved/esnext/set/static-private-field-then-file-level
decorator binding EXACT x2 decorator-binding/reserved/esnext/set/file-level-then-static-private-method
decorator binding EXACT x2 decorator-binding/reserved/esnext/set/static-private-method-then-file-level
decorator binding EXACT x2 decorator-binding/reserved/esnext/set/file-level-then-static-private-accessor
decorator binding EXACT x2 decorator-binding/reserved/esnext/set/static-private-accessor-then-file-level
decorator binding EXACT x2 decorator-binding/reserved/esnext/set/file-level-then-static-auto-accessor
decorator binding EXACT x2 decorator-binding/reserved/esnext/set/static-auto-accessor-then-file-level
decorator binding EXACT x2 decorator-binding/reserved/esnext/set/file-level-then-static-private-auto-accessor
decorator binding EXACT x2 decorator-binding/reserved/esnext/set/static-private-auto-accessor-then-file-level
decorator binding EXACT x2 decorator-binding/reserved/esnext/set/file-level-then-decorated-static-private-auto-accessor
decorator binding EXACT x2 decorator-binding/reserved/esnext/set/decorated-static-private-auto-accessor-then-file-level
decorator binding EXACT x2 decorator-binding/reserved/esnext/set/file-level-then-instance-private-field-only
decorator binding EXACT x2 decorator-binding/reserved/esnext/set/instance-private-field-only-then-file-level
decorator binding EXACT x2 decorator-binding/reserved/esnext/set/file-level-then-public-static-field-only
decorator binding EXACT x2 decorator-binding/reserved/esnext/set/public-static-field-only-then-file-level
decorator binding EXACT x2 decorator-binding/reserved/esnext/set/file-level-then-instance-auto-accessor-only
decorator binding EXACT x2 decorator-binding/reserved/esnext/set/instance-auto-accessor-only-then-file-level
decorator binding EXACT x2 decorator-binding/reserved/esnext/set/file-level-then-static-block-only
decorator binding EXACT x2 decorator-binding/reserved/esnext/set/static-block-only-then-file-level
decorator binding EXACT x2 decorator-binding/reserved/esnext/set/scoped-then-scoped
decorator binding EXACT x2 decorator-binding/reserved/esnext/set/outer-file-level-inner-scoped
decorator binding EXACT x2 decorator-binding/reserved/esnext/set/outer-scoped-inner-file-level
decorator binding EXACT x2 decorator-binding/reserved/esnext/set/outer-scoped-inner-scoped

thread 'decorator_binding_forms_match_complete_typescript_observations' (18083586) panicked at crates/compiler/tests/integration/h2_7b_w4a_controls.rs:402:5:
assertion `left == right` failed: decorator-binding/reserved/esnext/set/private-accessor-storage-nested: exact source-map result
  left: Array [Object {"input_source_file_names": Array [String("/project/main.ts")], "source_map_json": String("{\"version\":3,\"file\":\"main.js\",\"sourceRoot\":\"\",\"sources\":[\"../main.ts\"],\"names\":[],\"mappings\":\";;;;;;;;;;;;;;;;;;;;;;;;;;;;;;;;;;;;;;AAAA,MAAM,MAAM,GAAc,EAAE,CAAC;AAC7B,SAAS,GAAG,CAAC,KAAU,EAAE,OAAY,IAAS,MAAM,CAAC,IAAI,CAAC,CAAC,KAAK,EAAE,MAAM,CAAC,OAAO,CAAC,IAAI,CAAC,CAAC,CAAC,CAAC,CAAC,OAAO,KAAK,CAAC,CAAC,CAAC;AACzG,SAAS,GAAG,KAAU,MAAM,CAAC,IAAI,CAAC,KAAK,CAAC,CAAC,CAAC,OAAO,GAAG,CAAC,CAAC,CAAC;AACvD,SAAS,IAAI,KAAU,MAAM,CAAC,IAAI,CAAC,MAAM,CAAC,CAAC,CAAC,OAAO,GAAG,CAAC,CAAC,CAAC;AACzD,SAAS,MAAM,CAAC,KAAc,IAAI,MAAM,CAAC,IAAI,CAAC,KAAK,CAAC,CAAC,CAAC,CAAC;AACvD,MAAM,EAAE,GAAG,EAAE,GAAG,EAAE,CAAC;AACnB,MAAM,IAAI,GAAG,EAAE,IAAI,CAAC,KAAU,MAAM,CAAC,IAAI,CAAC,KAAK,CAAC,CAAC,CAAC,OAAO,GAAG,CAAC,CAAC,CAAC,EAAE,IAAI,CAAC,KAAU,MAAM,CAAC,IAAI,CAAC,MAAM,CAAC,CAAC,CAAC,OAAO,GAAG,CAAC,CAAC,CAAC,EAAE,CAAC;IAExG,CAAC;4BADb,GAAG;;;;;;;;;;;;qCAEC,GAAG;YAAC,6CAAA,uBAAA,gDAAgB,cAAA,EAAhB,uBAAA,sDAAgB,cAAA,+GAAP,EAAE,yBAAF,EAAE,6BAAF,EAAE,6FAAK;YADzB,6KAOC;;;;QANiB,mBAAE,oDAAG,CAAC,EAAC;QAAhB,IAAS,EAAE,mDAAK;QAAhB,IAAS,EAAE,+DAAK;QACrB,KAAK,KAAK,OAAO,IAAI,CAAC,EAAE,CAAC,CAAC,CAAC;QAC3B;gBACe,CAAC;wCAAX,GAAG;;;;;;;;;;;;mDAAY,GAAG;wBAAC,+CAAA,uBAAA,kDAAgB,cAAA,EAAhB,uBAAA,wDAAgB,cAAA,iHAAP,EAAE,yBAAF,EAAE,6BAAF,EAAE,iGAAK;wBAA/B,6KAA6D;;;wBAAvD,uDAAC;;oBAAiB,qBAAE,sDAAG,CAAC,EAAC;oBAAhB,IAAS,EAAE,qDAAK;oBAAhB,IAAS,EAAE,iEAAK;oBAAC,KAAK,KAAK,OAAO,IAAI,CAAC,EAAE,CAAC,CAAC,CAAC;;;;;;;YAChE,MAAM,CAAC,IAAI,CAAC,EAAE,CAAC,KAAK,EAAE,CAAC,CAAC;QAC5B,CAAC;;;;;YANQ,uDAAC;;;;;SAAD,CAAC;AAQd,MAAM,CAAC,IAAI,CAAC,EAAE,CAAC,KAAK,EAAE,CAAC,CAAC;AACxB,MAAM,CAAC,MAAM,IAAI,GAAG,MAAM,CAAC,MAAM,CAAC\"}")}, Object {"input_source_file_names": Array [String("/project/main.ts")], "source_map_json": String("{\"version\":3,\"file\":\"main.d.ts\",\"sourceRoot\":\"\",\"sources\":[\"../main.ts\"],\"names\":[],\"mappings\":\"AAOA,qBACa,CAAC;;IAEV,KAAK;CAKR;AAED,eAAO,MAAM,IAAI,QAAgB,CAAC\"}")}]
 right: Array [Object {"input_source_file_names": Array [String("/project/main.ts")], "source_map_json": String("{\"version\":3,\"file\":\"main.js\",\"sourceRoot\":\"\",\"sources\":[\"../main.ts\"],\"names\":[],\"mappings\":\";;;;;;;;;;;;;;;;;;;;;;;;;;;;;;;;;;;;;;AAAA,MAAM,MAAM,GAAc,EAAE,CAAC;AAC7B,SAAS,GAAG,CAAC,KAAU,EAAE,OAAY,IAAS,MAAM,CAAC,IAAI,CAAC,CAAC,KAAK,EAAE,MAAM,CAAC,OAAO,CAAC,IAAI,CAAC,CAAC,CAAC,CAAC,CAAC,OAAO,KAAK,CAAC,CAAC,CAAC;AACzG,SAAS,GAAG,KAAU,MAAM,CAAC,IAAI,CAAC,KAAK,CAAC,CAAC,CAAC,OAAO,GAAG,CAAC,CAAC,CAAC;AACvD,SAAS,IAAI,KAAU,MAAM,CAAC,IAAI,CAAC,MAAM,CAAC,CAAC,CAAC,OAAO,GAAG,CAAC,CAAC,CAAC;AACzD,SAAS,MAAM,CAAC,KAAc,IAAI,MAAM,CAAC,IAAI,CAAC,KAAK,CAAC,CAAC,CAAC,CAAC;AACvD,MAAM,EAAE,GAAG,EAAE,GAAG,EAAE,CAAC;AACnB,MAAM,IAAI,GAAG,EAAE,IAAI,CAAC,KAAU,MAAM,CAAC,IAAI,CAAC,KAAK,CAAC,CAAC,CAAC,OAAO,GAAG,CAAC,CAAC,CAAC,EAAE,IAAI,CAAC,KAAU,MAAM,CAAC,IAAI,CAAC,MAAM,CAAC,CAAC,CAAC,OAAO,GAAG,CAAC,CAAC,CAAC,EAAE,CAAC;IAExG,CAAC;4BADb,GAAG;;;;;;;;;;;;qCAEC,GAAG;YAAC,6CAAA,uBAAA,gDAAgB,cAAA,EAAhB,uBAAA,sDAAgB,cAAA,+GAAP,EAAE,yBAAF,EAAE,6BAAF,EAAE,6FAAK;YADzB,6KAOC;;;;QANiB,mBAAE,oDAAG,CAAC,EAAC;QAArB,IAAc,EAAE,mDAAK;QAArB,IAAc,EAAE,+DAAK;QACrB,KAAK,KAAK,OAAO,IAAI,CAAC,EAAE,CAAC,CAAC,CAAC;QAC3B;gBACe,CAAC;wCAAX,GAAG;;;;;;;;;;;;mDAAY,GAAG;wBAAC,+CAAA,uBAAA,kDAAgB,cAAA,EAAhB,uBAAA,wDAAgB,cAAA,iHAAP,EAAE,yBAAF,EAAE,6BAAF,EAAE,iGAAK;wBAA/B,6KAA6D;;;wBAAvD,uDAAC;;oBAAiB,qBAAE,sDAAG,CAAC,EAAC;oBAArB,IAAc,EAAE,qDAAK;oBAArB,IAAc,EAAE,iEAAK;oBAAC,KAAK,KAAK,OAAO,IAAI,CAAC,EAAE,CAAC,CAAC,CAAC;;;;;;;YAChE,MAAM,CAAC,IAAI,CAAC,EAAE,CAAC,KAAK,EAAE,CAAC,CAAC;QAC5B,CAAC;;;;;YANQ,uDAAC;;;;;SAAD,CAAC;AAQd,MAAM,CAAC,IAAI,CAAC,EAAE,CAAC,KAAK,EAAE,CAAC,CAAC;AACxB,MAAM,CAAC,MAAM,IAAI,GAAG,MAAM,CAAC,MAAM,CAAC\"}")}, Object {"input_source_file_names": Array [String("/project/main.ts")], "source_map_json": String("{\"version\":3,\"file\":\"main.d.ts\",\"sourceRoot\":\"\",\"sources\":[\"../main.ts\"],\"names\":[],\"mappings\":\"AAOA,qBACa,CAAC;;IAEV,KAAK;CAKR;AAED,eAAO,MAAM,IAAI,QAAgB,CAAC\"}")}]

thread 'decorator_binding_forms_match_complete_typescript_observations' (18083586) panicked at crates/compiler/tests/integration/h2_7b_w4a_controls.rs:402:5:
assertion `left == right` failed: decorator-binding/reserved/esnext/set/private-accessor-storage-nested: exact source-map result
  left: Array [Object {"input_source_file_names": Array [String("/project/main.ts")], "source_map_json": String("{\"version\":3,\"file\":\"main.js\",\"sourceRoot\":\"\",\"sources\":[\"../main.ts\"],\"names\":[],\"mappings\":\";;;;;;;;;;;;;;;;;;;;;;;;;;;;;;;;;;;;;;AAAA,MAAM,MAAM,GAAc,EAAE,CAAC;AAC7B,SAAS,GAAG,CAAC,KAAU,EAAE,OAAY,IAAS,MAAM,CAAC,IAAI,CAAC,CAAC,KAAK,EAAE,MAAM,CAAC,OAAO,CAAC,IAAI,CAAC,CAAC,CAAC,CAAC,CAAC,OAAO,KAAK,CAAC,CAAC,CAAC;AACzG,SAAS,GAAG,KAAU,MAAM,CAAC,IAAI,CAAC,KAAK,CAAC,CAAC,CAAC,OAAO,GAAG,CAAC,CAAC,CAAC;AACvD,SAAS,IAAI,KAAU,MAAM,CAAC,IAAI,CAAC,MAAM,CAAC,CAAC,CAAC,OAAO,GAAG,CAAC,CAAC,CAAC;AACzD,SAAS,MAAM,CAAC,KAAc,IAAI,MAAM,CAAC,IAAI,CAAC,KAAK,CAAC,CAAC,CAAC,CAAC;AACvD,MAAM,EAAE,GAAG,EAAE,GAAG,EAAE,CAAC;AACnB,MAAM,IAAI,GAAG,EAAE,IAAI,CAAC,KAAU,MAAM,CAAC,IAAI,CAAC,KAAK,CAAC,CAAC,CAAC,OAAO,GAAG,CAAC,CAAC,CAAC,EAAE,IAAI,CAAC,KAAU,MAAM,CAAC,IAAI,CAAC,MAAM,CAAC,CAAC,CAAC,OAAO,GAAG,CAAC,CAAC,CAAC,EAAE,CAAC;IAExG,CAAC;4BADb,GAAG;;;;;;;;;;;;qCAEC,GAAG;YAAC,6CAAA,uBAAA,gDAAgB,cAAA,EAAhB,uBAAA,sDAAgB,cAAA,+GAAP,EAAE,yBAAF,EAAE,6BAAF,EAAE,6FAAK;YADzB,6KAOC;;;;QANiB,mBAAE,oDAAG,CAAC,EAAC;QAAhB,IAAS,EAAE,mDAAK;QAAhB,IAAS,EAAE,+DAAK;QACrB,KAAK,KAAK,OAAO,IAAI,CAAC,EAAE,CAAC,CAAC,CAAC;QAC3B;gBACe,CAAC;wCAAX,GAAG;;;;;;;;;;;;mDAAY,GAAG;wBAAC,+CAAA,uBAAA,kDAAgB,cAAA,EAAhB,uBAAA,wDAAgB,cAAA,iHAAP,EAAE,yBAAF,EAAE,6BAAF,EAAE,iGAAK;wBAA/B,6KAA6D;;;wBAAvD,uDAAC;;oBAAiB,qBAAE,sDAAG,CAAC,EAAC;oBAAhB,IAAS,EAAE,qDAAK;oBAAhB,IAAS,EAAE,iEAAK;oBAAC,KAAK,KAAK,OAAO,IAAI,CAAC,EAAE,CAAC,CAAC,CAAC;;;;;;;YAChE,MAAM,CAAC,IAAI,CAAC,EAAE,CAAC,KAAK,EAAE,CAAC,CAAC;QAC5B,CAAC;;;;;YANQ,uDAAC;;;;;SAAD,CAAC;AAQd,MAAM,CAAC,IAAI,CAAC,EAAE,CAAC,KAAK,EAAE,CAAC,CAAC;AACxB,MAAM,CAAC,MAAM,IAAI,GAAG,MAAM,CAAC,MAAM,CAAC\"}")}, Object {"input_source_file_names": Array [String("/project/main.ts")], "source_map_json": String("{\"version\":3,\"file\":\"main.d.ts\",\"sourceRoot\":\"\",\"sources\":[\"../main.ts\"],\"names\":[],\"mappings\":\"AAOA,qBACa,CAAC;;IAEV,KAAK;CAKR;AAED,eAAO,MAAM,IAAI,QAAgB,CAAC\"}")}]
 right: Array [Object {"input_source_file_names": Array [String("/project/main.ts")], "source_map_json": String("{\"version\":3,\"file\":\"main.js\",\"sourceRoot\":\"\",\"sources\":[\"../main.ts\"],\"names\":[],\"mappings\":\";;;;;;;;;;;;;;;;;;;;;;;;;;;;;;;;;;;;;;AAAA,MAAM,MAAM,GAAc,EAAE,CAAC;AAC7B,SAAS,GAAG,CAAC,KAAU,EAAE,OAAY,IAAS,MAAM,CAAC,IAAI,CAAC,CAAC,KAAK,EAAE,MAAM,CAAC,OAAO,CAAC,IAAI,CAAC,CAAC,CAAC,CAAC,CAAC,OAAO,KAAK,CAAC,CAAC,CAAC;AACzG,SAAS,GAAG,KAAU,MAAM,CAAC,IAAI,CAAC,KAAK,CAAC,CAAC,CAAC,OAAO,GAAG,CAAC,CAAC,CAAC;AACvD,SAAS,IAAI,KAAU,MAAM,CAAC,IAAI,CAAC,MAAM,CAAC,CAAC,CAAC,OAAO,GAAG,CAAC,CAAC,CAAC;AACzD,SAAS,MAAM,CAAC,KAAc,IAAI,MAAM,CAAC,IAAI,CAAC,KAAK,CAAC,CAAC,CAAC,CAAC;AACvD,MAAM,EAAE,GAAG,EAAE,GAAG,EAAE,CAAC;AACnB,MAAM,IAAI,GAAG,EAAE,IAAI,CAAC,KAAU,MAAM,CAAC,IAAI,CAAC,KAAK,CAAC,CAAC,CAAC,OAAO,GAAG,CAAC,CAAC,CAAC,EAAE,IAAI,CAAC,KAAU,MAAM,CAAC,IAAI,CAAC,MAAM,CAAC,CAAC,CAAC,OAAO,GAAG,CAAC,CAAC,CAAC,EAAE,CAAC;IAExG,CAAC;4BADb,GAAG;;;;;;;;;;;;qCAEC,GAAG;YAAC,6CAAA,uBAAA,gDAAgB,cAAA,EAAhB,uBAAA,sDAAgB,cAAA,+GAAP,EAAE,yBAAF,EAAE,6BAAF,EAAE,6FAAK;YADzB,6KAOC;;;;QANiB,mBAAE,oDAAG,CAAC,EAAC;QAArB,IAAc,EAAE,mDAAK;QAArB,IAAc,EAAE,+DAAK;QACrB,KAAK,KAAK,OAAO,IAAI,CAAC,EAAE,CAAC,CAAC,CAAC;QAC3B;gBACe,CAAC;wCAAX,GAAG;;;;;;;;;;;;mDAAY,GAAG;wBAAC,+CAAA,uBAAA,kDAAgB,cAAA,EAAhB,uBAAA,wDAAgB,cAAA,iHAAP,EAAE,yBAAF,EAAE,6BAAF,EAAE,iGAAK;wBAA/B,6KAA6D;;;wBAAvD,uDAAC;;oBAAiB,qBAAE,sDAAG,CAAC,EAAC;oBAArB,IAAc,EAAE,qDAAK;oBAArB,IAAc,EAAE,iEAAK;oBAAC,KAAK,KAAK,OAAO,IAAI,CAAC,EAAE,CAAC,CAAC,CAAC;;;;;;;YAChE,MAAM,CAAC,IAAI,CAAC,EAAE,CAAC,KAAK,EAAE,CAAC,CAAC;QAC5B,CAAC;;;;;YANQ,uDAAC;;;;;SAAD,CAAC;AAQd,MAAM,CAAC,IAAI,CAAC,EAAE,CAAC,KAAK,EAAE,CAAC,CAAC;AACxB,MAAM,CAAC,MAAM,IAAI,GAAG,MAAM,CAAC,MAAM,CAAC\"}")}, Object {"input_source_file_names": Array [String("/project/main.ts")], "source_map_json": String("{\"version\":3,\"file\":\"main.d.ts\",\"sourceRoot\":\"\",\"sources\":[\"../main.ts\"],\"names\":[],\"mappings\":\"AAOA,qBACa,CAAC;;IAEV,KAAK;CAKR;AAED,eAAO,MAAM,IAAI,QAAgB,CAAC\"}")}]
decorator binding REPEATED FAILURE decorator-binding/reserved/esnext/set/private-accessor-storage-nested

thread 'decorator_binding_forms_match_complete_typescript_observations' (18083586) panicked at crates/compiler/tests/integration/h2_7b_w4a_controls.rs:402:5:
assertion `left == right` failed: decorator-binding/reserved/esnext/set/private-accessor-storage-siblings: exact source-map result
  left: Array [Object {"input_source_file_names": Array [String("/project/main.ts")], "source_map_json": String("{\"version\":3,\"file\":\"main.js\",\"sourceRoot\":\"\",\"sources\":[\"../main.ts\"],\"names\":[],\"mappings\":\";;;;;;;;;;;;;;;;;;;;;;;;;;;;;;;;;;;;;;AAAA,MAAM,MAAM,GAAc,EAAE,CAAC;AAC7B,SAAS,GAAG,CAAC,KAAU,EAAE,OAAY,IAAS,MAAM,CAAC,IAAI,CAAC,CAAC,KAAK,EAAE,MAAM,CAAC,OAAO,CAAC,IAAI,CAAC,CAAC,CAAC,CAAC,CAAC,OAAO,KAAK,CAAC,CAAC,CAAC;AACzG,SAAS,GAAG,KAAU,MAAM,CAAC,IAAI,CAAC,KAAK,CAAC,CAAC,CAAC,OAAO,GAAG,CAAC,CAAC,CAAC;AACvD,SAAS,IAAI,KAAU,MAAM,CAAC,IAAI,CAAC,MAAM,CAAC,CAAC,CAAC,OAAO,GAAG,CAAC,CAAC,CAAC;AACzD,SAAS,MAAM,CAAC,KAAc,IAAI,MAAM,CAAC,IAAI,CAAC,KAAK,CAAC,CAAC,CAAC,CAAC;AACvD,MAAM,EAAE,GAAG,EAAE,GAAG,EAAE,CAAC;AACnB,MAAM,IAAI,GAAG,EAAE,IAAI,CAAC,KAAU,MAAM,CAAC,IAAI,CAAC,KAAK,CAAC,CAAC,CAAC,OAAO,GAAG,CAAC,CAAC,CAAC,EAAE,IAAI,CAAC,KAAU,MAAM,CAAC,IAAI,CAAC,MAAM,CAAC,CAAC,CAAC,OAAO,GAAG,CAAC,CAAC,CAAC,EAAE,CAAC;IAExG,CAAC;4BADb,GAAG;;;;;;;;;;;;qCAEC,GAAG;YAAC,6CAAA,uBAAA,gDAAgB,cAAA,EAAhB,uBAAA,sDAAgB,cAAA,+GAAP,EAAE,yBAAF,EAAE,6BAAF,EAAE,6FAAK;YADzB,6KAGC;;;YAHY,uDAAC;;QACI,mBAAE,oDAAG,CAAC,EAAC;QAAhB,IAAS,EAAE,mDAAK;QAAhB,IAAS,EAAE,+DAAK;QACrB,KAAK,KAAK,OAAO,IAAI,CAAC,EAAE,CAAC,CAAC,CAAC;;;;;;;SAFlB,CAAC;IAKD,CAAC;4BADb,GAAG;;;;;;;;;;;;qCAEC,GAAG;YAAC,6CAAA,uBAAA,gDAAgB,cAAA,EAAhB,uBAAA,sDAAgB,cAAA,+GAAP,EAAE,yBAAF,EAAE,6BAAF,EAAE,6FAAK;YADzB,6KAGC;;;YAHY,uDAAC;;QACI,mBAAE,oDAAG,CAAC,EAAC;QAAhB,IAAS,EAAE,mDAAK;QAAhB,IAAS,EAAE,+DAAK;QACrB,KAAK,KAAK,OAAO,IAAI,CAAC,EAAE,CAAC,CAAC,CAAC;;;;;;;SAFlB,CAAC;AAId,MAAM,CAAC,IAAI,CAAC,EAAE,CAAC,KAAK,EAAE,GAAG,IAAI,CAAC,EAAE,CAAC,KAAK,EAAE,CAAC,CAAC;AAC1C,MAAM,CAAC,MAAM,IAAI,GAAG,MAAM,CAAC,MAAM,CAAC\"}")}, Object {"input_source_file_names": Array [String("/project/main.ts")], "source_map_json": String("{\"version\":3,\"file\":\"main.d.ts\",\"sourceRoot\":\"\",\"sources\":[\"../main.ts\"],\"names\":[],\"mappings\":\"AAOA,qBACa,CAAC;;IAEV,KAAK;CACR;AACD,qBACa,CAAC;;IAEV,KAAK;CACR;AAED,eAAO,MAAM,IAAI,QAAgB,CAAC\"}")}]
 right: Array [Object {"input_source_file_names": Array [String("/project/main.ts")], "source_map_json": String("{\"version\":3,\"file\":\"main.js\",\"sourceRoot\":\"\",\"sources\":[\"../main.ts\"],\"names\":[],\"mappings\":\";;;;;;;;;;;;;;;;;;;;;;;;;;;;;;;;;;;;;;AAAA,MAAM,MAAM,GAAc,EAAE,CAAC;AAC7B,SAAS,GAAG,CAAC,KAAU,EAAE,OAAY,IAAS,MAAM,CAAC,IAAI,CAAC,CAAC,KAAK,EAAE,MAAM,CAAC,OAAO,CAAC,IAAI,CAAC,CAAC,CAAC,CAAC,CAAC,OAAO,KAAK,CAAC,CAAC,CAAC;AACzG,SAAS,GAAG,KAAU,MAAM,CAAC,IAAI,CAAC,KAAK,CAAC,CAAC,CAAC,OAAO,GAAG,CAAC,CAAC,CAAC;AACvD,SAAS,IAAI,KAAU,MAAM,CAAC,IAAI,CAAC,MAAM,CAAC,CAAC,CAAC,OAAO,GAAG,CAAC,CAAC,CAAC;AACzD,SAAS,MAAM,CAAC,KAAc,IAAI,MAAM,CAAC,IAAI,CAAC,KAAK,CAAC,CAAC,CAAC,CAAC;AACvD,MAAM,EAAE,GAAG,EAAE,GAAG,EAAE,CAAC;AACnB,MAAM,IAAI,GAAG,EAAE,IAAI,CAAC,KAAU,MAAM,CAAC,IAAI,CAAC,KAAK,CAAC,CAAC,CAAC,OAAO,GAAG,CAAC,CAAC,CAAC,EAAE,IAAI,CAAC,KAAU,MAAM,CAAC,IAAI,CAAC,MAAM,CAAC,CAAC,CAAC,OAAO,GAAG,CAAC,CAAC,CAAC,EAAE,CAAC;IAExG,CAAC;4BADb,GAAG;;;;;;;;;;;;qCAEC,GAAG;YAAC,6CAAA,uBAAA,gDAAgB,cAAA,EAAhB,uBAAA,sDAAgB,cAAA,+GAAP,EAAE,yBAAF,EAAE,6BAAF,EAAE,6FAAK;YADzB,6KAGC;;;YAHY,uDAAC;;QACI,mBAAE,oDAAG,CAAC,EAAC;QAArB,IAAc,EAAE,mDAAK;QAArB,IAAc,EAAE,+DAAK;QACrB,KAAK,KAAK,OAAO,IAAI,CAAC,EAAE,CAAC,CAAC,CAAC;;;;;;;SAFlB,CAAC;IAKD,CAAC;4BADb,GAAG;;;;;;;;;;;;qCAEC,GAAG;YAAC,6CAAA,uBAAA,gDAAgB,cAAA,EAAhB,uBAAA,sDAAgB,cAAA,+GAAP,EAAE,yBAAF,EAAE,6BAAF,EAAE,6FAAK;YADzB,6KAGC;;;YAHY,uDAAC;;QACI,mBAAE,oDAAG,CAAC,EAAC;QAArB,IAAc,EAAE,mDAAK;QAArB,IAAc,EAAE,+DAAK;QACrB,KAAK,KAAK,OAAO,IAAI,CAAC,EAAE,CAAC,CAAC,CAAC;;;;;;;SAFlB,CAAC;AAId,MAAM,CAAC,IAAI,CAAC,EAAE,CAAC,KAAK,EAAE,GAAG,IAAI,CAAC,EAAE,CAAC,KAAK,EAAE,CAAC,CAAC;AAC1C,MAAM,CAAC,MAAM,IAAI,GAAG,MAAM,CAAC,MAAM,CAAC\"}")}, Object {"input_source_file_names": Array [String("/project/main.ts")], "source_map_json": String("{\"version\":3,\"file\":\"main.d.ts\",\"sourceRoot\":\"\",\"sources\":[\"../main.ts\"],\"names\":[],\"mappings\":\"AAOA,qBACa,CAAC;;IAEV,KAAK;CACR;AACD,qBACa,CAAC;;IAEV,KAAK;CACR;AAED,eAAO,MAAM,IAAI,QAAgB,CAAC\"}")}]

thread 'decorator_binding_forms_match_complete_typescript_observations' (18083586) panicked at crates/compiler/tests/integration/h2_7b_w4a_controls.rs:402:5:
assertion `left == right` failed: decorator-binding/reserved/esnext/set/private-accessor-storage-siblings: exact source-map result
  left: Array [Object {"input_source_file_names": Array [String("/project/main.ts")], "source_map_json": String("{\"version\":3,\"file\":\"main.js\",\"sourceRoot\":\"\",\"sources\":[\"../main.ts\"],\"names\":[],\"mappings\":\";;;;;;;;;;;;;;;;;;;;;;;;;;;;;;;;;;;;;;AAAA,MAAM,MAAM,GAAc,EAAE,CAAC;AAC7B,SAAS,GAAG,CAAC,KAAU,EAAE,OAAY,IAAS,MAAM,CAAC,IAAI,CAAC,CAAC,KAAK,EAAE,MAAM,CAAC,OAAO,CAAC,IAAI,CAAC,CAAC,CAAC,CAAC,CAAC,OAAO,KAAK,CAAC,CAAC,CAAC;AACzG,SAAS,GAAG,KAAU,MAAM,CAAC,IAAI,CAAC,KAAK,CAAC,CAAC,CAAC,OAAO,GAAG,CAAC,CAAC,CAAC;AACvD,SAAS,IAAI,KAAU,MAAM,CAAC,IAAI,CAAC,MAAM,CAAC,CAAC,CAAC,OAAO,GAAG,CAAC,CAAC,CAAC;AACzD,SAAS,MAAM,CAAC,KAAc,IAAI,MAAM,CAAC,IAAI,CAAC,KAAK,CAAC,CAAC,CAAC,CAAC;AACvD,MAAM,EAAE,GAAG,EAAE,GAAG,EAAE,CAAC;AACnB,MAAM,IAAI,GAAG,EAAE,IAAI,CAAC,KAAU,MAAM,CAAC,IAAI,CAAC,KAAK,CAAC,CAAC,CAAC,OAAO,GAAG,CAAC,CAAC,CAAC,EAAE,IAAI,CAAC,KAAU,MAAM,CAAC,IAAI,CAAC,MAAM,CAAC,CAAC,CAAC,OAAO,GAAG,CAAC,CAAC,CAAC,EAAE,CAAC;IAExG,CAAC;4BADb,GAAG;;;;;;;;;;;;qCAEC,GAAG;YAAC,6CAAA,uBAAA,gDAAgB,cAAA,EAAhB,uBAAA,sDAAgB,cAAA,+GAAP,EAAE,yBAAF,EAAE,6BAAF,EAAE,6FAAK;YADzB,6KAGC;;;YAHY,uDAAC;;QACI,mBAAE,oDAAG,CAAC,EAAC;QAAhB,IAAS,EAAE,mDAAK;QAAhB,IAAS,EAAE,+DAAK;QACrB,KAAK,KAAK,OAAO,IAAI,CAAC,EAAE,CAAC,CAAC,CAAC;;;;;;;SAFlB,CAAC;IAKD,CAAC;4BADb,GAAG;;;;;;;;;;;;qCAEC,GAAG;YAAC,6CAAA,uBAAA,gDAAgB,cAAA,EAAhB,uBAAA,sDAAgB,cAAA,+GAAP,EAAE,yBAAF,EAAE,6BAAF,EAAE,6FAAK;YADzB,6KAGC;;;YAHY,uDAAC;;QACI,mBAAE,oDAAG,CAAC,EAAC;QAAhB,IAAS,EAAE,mDAAK;QAAhB,IAAS,EAAE,+DAAK;QACrB,KAAK,KAAK,OAAO,IAAI,CAAC,EAAE,CAAC,CAAC,CAAC;;;;;;;SAFlB,CAAC;AAId,MAAM,CAAC,IAAI,CAAC,EAAE,CAAC,KAAK,EAAE,GAAG,IAAI,CAAC,EAAE,CAAC,KAAK,EAAE,CAAC,CAAC;AAC1C,MAAM,CAAC,MAAM,IAAI,GAAG,MAAM,CAAC,MAAM,CAAC\"}")}, Object {"input_source_file_names": Array [String("/project/main.ts")], "source_map_json": String("{\"version\":3,\"file\":\"main.d.ts\",\"sourceRoot\":\"\",\"sources\":[\"../main.ts\"],\"names\":[],\"mappings\":\"AAOA,qBACa,CAAC;;IAEV,KAAK;CACR;AACD,qBACa,CAAC;;IAEV,KAAK;CACR;AAED,eAAO,MAAM,IAAI,QAAgB,CAAC\"}")}]
 right: Array [Object {"input_source_file_names": Array [String("/project/main.ts")], "source_map_json": String("{\"version\":3,\"file\":\"main.js\",\"sourceRoot\":\"\",\"sources\":[\"../main.ts\"],\"names\":[],\"mappings\":\";;;;;;;;;;;;;;;;;;;;;;;;;;;;;;;;;;;;;;AAAA,MAAM,MAAM,GAAc,EAAE,CAAC;AAC7B,SAAS,GAAG,CAAC,KAAU,EAAE,OAAY,IAAS,MAAM,CAAC,IAAI,CAAC,CAAC,KAAK,EAAE,MAAM,CAAC,OAAO,CAAC,IAAI,CAAC,CAAC,CAAC,CAAC,CAAC,OAAO,KAAK,CAAC,CAAC,CAAC;AACzG,SAAS,GAAG,KAAU,MAAM,CAAC,IAAI,CAAC,KAAK,CAAC,CAAC,CAAC,OAAO,GAAG,CAAC,CAAC,CAAC;AACvD,SAAS,IAAI,KAAU,MAAM,CAAC,IAAI,CAAC,MAAM,CAAC,CAAC,CAAC,OAAO,GAAG,CAAC,CAAC,CAAC;AACzD,SAAS,MAAM,CAAC,KAAc,IAAI,MAAM,CAAC,IAAI,CAAC,KAAK,CAAC,CAAC,CAAC,CAAC;AACvD,MAAM,EAAE,GAAG,EAAE,GAAG,EAAE,CAAC;AACnB,MAAM,IAAI,GAAG,EAAE,IAAI,CAAC,KAAU,MAAM,CAAC,IAAI,CAAC,KAAK,CAAC,CAAC,CAAC,OAAO,GAAG,CAAC,CAAC,CAAC,EAAE,IAAI,CAAC,KAAU,MAAM,CAAC,IAAI,CAAC,MAAM,CAAC,CAAC,CAAC,OAAO,GAAG,CAAC,CAAC,CAAC,EAAE,CAAC;IAExG,CAAC;4BADb,GAAG;;;;;;;;;;;;qCAEC,GAAG;YAAC,6CAAA,uBAAA,gDAAgB,cAAA,EAAhB,uBAAA,sDAAgB,cAAA,+GAAP,EAAE,yBAAF,EAAE,6BAAF,EAAE,6FAAK;YADzB,6KAGC;;;YAHY,uDAAC;;QACI,mBAAE,oDAAG,CAAC,EAAC;QAArB,IAAc,EAAE,mDAAK;QAArB,IAAc,EAAE,+DAAK;QACrB,KAAK,KAAK,OAAO,IAAI,CAAC,EAAE,CAAC,CAAC,CAAC;;;;;;;SAFlB,CAAC;IAKD,CAAC;4BADb,GAAG;;;;;;;;;;;;qCAEC,GAAG;YAAC,6CAAA,uBAAA,gDAAgB,cAAA,EAAhB,uBAAA,sDAAgB,cAAA,+GAAP,EAAE,yBAAF,EAAE,6BAAF,EAAE,6FAAK;YADzB,6KAGC;;;YAHY,uDAAC;;QACI,mBAAE,oDAAG,CAAC,EAAC;QAArB,IAAc,EAAE,mDAAK;QAArB,IAAc,EAAE,+DAAK;QACrB,KAAK,KAAK,OAAO,IAAI,CAAC,EAAE,CAAC,CAAC,CAAC;;;;;;;SAFlB,CAAC;AAId,MAAM,CAAC,IAAI,CAAC,EAAE,CAAC,KAAK,EAAE,GAAG,IAAI,CAAC,EAAE,CAAC,KAAK,EAAE,CAAC,CAAC;AAC1C,MAAM,CAAC,MAAM,IAAI,GAAG,MAAM,CAAC,MAAM,CAAC\"}")}, Object {"input_source_file_names": Array [String("/project/main.ts")], "source_map_json": String("{\"version\":3,\"file\":\"main.d.ts\",\"sourceRoot\":\"\",\"sources\":[\"../main.ts\"],\"names\":[],\"mappings\":\"AAOA,qBACa,CAAC;;IAEV,KAAK;CACR;AACD,qBACa,CAAC;;IAEV,KAAK;CACR;AAED,eAAO,MAAM,IAAI,QAAgB,CAAC\"}")}]
decorator binding REPEATED FAILURE decorator-binding/reserved/esnext/set/private-accessor-storage-siblings

thread 'decorator_binding_forms_match_complete_typescript_observations' (18083586) panicked at crates/compiler/tests/integration/h2_7b_w4a_controls.rs:402:5:
assertion `left == right` failed: decorator-binding/reserved/esnext/set/private-and-public-same-stem: exact source-map result
  left: Array [Object {"input_source_file_names": Array [String("/project/main.ts")], "source_map_json": String("{\"version\":3,\"file\":\"main.js\",\"sourceRoot\":\"\",\"sources\":[\"../main.ts\"],\"names\":[],\"mappings\":\";;;;;;;;;;;;;;;;;;;;;;;;;;;;;;;;;;;;;;AAAA,MAAM,MAAM,GAAc,EAAE,CAAC;AAC7B,SAAS,GAAG,CAAC,KAAU,EAAE,OAAY,IAAS,MAAM,CAAC,IAAI,CAAC,CAAC,KAAK,EAAE,MAAM,CAAC,OAAO,CAAC,IAAI,CAAC,CAAC,CAAC,CAAC,CAAC,OAAO,KAAK,CAAC,CAAC,CAAC;AACzG,SAAS,GAAG,KAAU,MAAM,CAAC,IAAI,CAAC,KAAK,CAAC,CAAC,CAAC,OAAO,GAAG,CAAC,CAAC,CAAC;AACvD,SAAS,IAAI,KAAU,MAAM,CAAC,IAAI,CAAC,MAAM,CAAC,CAAC,CAAC,OAAO,GAAG,CAAC,CAAC,CAAC;AACzD,SAAS,MAAM,CAAC,KAAc,IAAI,MAAM,CAAC,IAAI,CAAC,KAAK,CAAC,CAAC,CAAC,CAAC;AACvD,MAAM,EAAE,GAAG,EAAE,GAAG,EAAE,CAAC;AACnB,MAAM,IAAI,GAAG,EAAE,IAAI,CAAC,KAAU,MAAM,CAAC,IAAI,CAAC,KAAK,CAAC,CAAC,CAAC,OAAO,GAAG,CAAC,CAAC,CAAC,EAAE,IAAI,CAAC,KAAU,MAAM,CAAC,IAAI,CAAC,MAAM,CAAC,CAAC,CAAC,OAAO,GAAG,CAAC,CAAC,CAAC,EAAE,CAAC;IAExG,CAAC;4BADb,GAAG;;;;;;;;;;;;;;;qCAEC,GAAG;6BACH,GAAG;YADC,6CAAA,uBAAA,gDAAgB,cAAA,EAAhB,uBAAA,sDAAgB,cAAA,+GAAP,EAAE,yBAAF,EAAE,6BAAF,EAAE,6FAAK;YAChB,wJAAS,CAAC,6BAAD,CAAC,6EAAK;YAFxB,6KAIC;;;YAJY,uDAAC;;QACI,mBAAE,oDAAG,CAAC,EAAC;QAAhB,IAAS,EAAE,mDAAK;QAAhB,IAAS,EAAE,+DAAK;QAChB,QAAQ,CAAC,CAAC,oGAAG,CAAC,GAAC;QACpB,KAAK,KAAK,OAAO,IAAI,CAAC,EAAE,GAAG,IAAI,CAAC,CAAC,CAAC,CAAC,CAAC;;;;;;;SAH3B,CAAC;AAKd,MAAM,CAAC,IAAI,CAAC,EAAE,CAAC,KAAK,EAAE,CAAC,CAAC;AACxB,MAAM,CAAC,MAAM,IAAI,GAAG,MAAM,CAAC,MAAM,CAAC\"}")}, Object {"input_source_file_names": Array [String("/project/main.ts")], "source_map_json": String("{\"version\":3,\"file\":\"main.d.ts\",\"sourceRoot\":\"\",\"sources\":[\"../main.ts\"],\"names\":[],\"mappings\":\"AAOA,qBACa,CAAC;;IAEL,QAAQ,CAAC,CAAC,SAAK;IACpB,KAAK;CACR;AAED,eAAO,MAAM,IAAI,QAAgB,CAAC\"}")}]
 right: Array [Object {"input_source_file_names": Array [String("/project/main.ts")], "source_map_json": String("{\"version\":3,\"file\":\"main.js\",\"sourceRoot\":\"\",\"sources\":[\"../main.ts\"],\"names\":[],\"mappings\":\";;;;;;;;;;;;;;;;;;;;;;;;;;;;;;;;;;;;;;AAAA,MAAM,MAAM,GAAc,EAAE,CAAC;AAC7B,SAAS,GAAG,CAAC,KAAU,EAAE,OAAY,IAAS,MAAM,CAAC,IAAI,CAAC,CAAC,KAAK,EAAE,MAAM,CAAC,OAAO,CAAC,IAAI,CAAC,CAAC,CAAC,CAAC,CAAC,OAAO,KAAK,CAAC,CAAC,CAAC;AACzG,SAAS,GAAG,KAAU,MAAM,CAAC,IAAI,CAAC,KAAK,CAAC,CAAC,CAAC,OAAO,GAAG,CAAC,CAAC,CAAC;AACvD,SAAS,IAAI,KAAU,MAAM,CAAC,IAAI,CAAC,MAAM,CAAC,CAAC,CAAC,OAAO,GAAG,CAAC,CAAC,CAAC;AACzD,SAAS,MAAM,CAAC,KAAc,IAAI,MAAM,CAAC,IAAI,CAAC,KAAK,CAAC,CAAC,CAAC,CAAC;AACvD,MAAM,EAAE,GAAG,EAAE,GAAG,EAAE,CAAC;AACnB,MAAM,IAAI,GAAG,EAAE,IAAI,CAAC,KAAU,MAAM,CAAC,IAAI,CAAC,KAAK,CAAC,CAAC,CAAC,OAAO,GAAG,CAAC,CAAC,CAAC,EAAE,IAAI,CAAC,KAAU,MAAM,CAAC,IAAI,CAAC,MAAM,CAAC,CAAC,CAAC,OAAO,GAAG,CAAC,CAAC,CAAC,EAAE,CAAC;IAExG,CAAC;4BADb,GAAG;;;;;;;;;;;;;;;qCAEC,GAAG;6BACH,GAAG;YADC,6CAAA,uBAAA,gDAAgB,cAAA,EAAhB,uBAAA,sDAAgB,cAAA,+GAAP,EAAE,yBAAF,EAAE,6BAAF,EAAE,6FAAK;YAChB,wJAAS,CAAC,6BAAD,CAAC,6EAAK;YAFxB,6KAIC;;;YAJY,uDAAC;;QACI,mBAAE,oDAAG,CAAC,EAAC;QAArB,IAAc,EAAE,mDAAK;QAArB,IAAc,EAAE,+DAAK;QAChB,QAAQ,CAAC,CAAC,oGAAG,CAAC,GAAC;QACpB,KAAK,KAAK,OAAO,IAAI,CAAC,EAAE,GAAG,IAAI,CAAC,CAAC,CAAC,CAAC,CAAC;;;;;;;SAH3B,CAAC;AAKd,MAAM,CAAC,IAAI,CAAC,EAAE,CAAC,KAAK,EAAE,CAAC,CAAC;AACxB,MAAM,CAAC,MAAM,IAAI,GAAG,MAAM,CAAC,MAAM,CAAC\"}")}, Object {"input_source_file_names": Array [String("/project/main.ts")], "source_map_json": String("{\"version\":3,\"file\":\"main.d.ts\",\"sourceRoot\":\"\",\"sources\":[\"../main.ts\"],\"names\":[],\"mappings\":\"AAOA,qBACa,CAAC;;IAEL,QAAQ,CAAC,CAAC,SAAK;IACpB,KAAK;CACR;AAED,eAAO,MAAM,IAAI,QAAgB,CAAC\"}")}]

thread 'decorator_binding_forms_match_complete_typescript_observations' (18083586) panicked at crates/compiler/tests/integration/h2_7b_w4a_controls.rs:402:5:
assertion `left == right` failed: decorator-binding/reserved/esnext/set/private-and-public-same-stem: exact source-map result
  left: Array [Object {"input_source_file_names": Array [String("/project/main.ts")], "source_map_json": String("{\"version\":3,\"file\":\"main.js\",\"sourceRoot\":\"\",\"sources\":[\"../main.ts\"],\"names\":[],\"mappings\":\";;;;;;;;;;;;;;;;;;;;;;;;;;;;;;;;;;;;;;AAAA,MAAM,MAAM,GAAc,EAAE,CAAC;AAC7B,SAAS,GAAG,CAAC,KAAU,EAAE,OAAY,IAAS,MAAM,CAAC,IAAI,CAAC,CAAC,KAAK,EAAE,MAAM,CAAC,OAAO,CAAC,IAAI,CAAC,CAAC,CAAC,CAAC,CAAC,OAAO,KAAK,CAAC,CAAC,CAAC;AACzG,SAAS,GAAG,KAAU,MAAM,CAAC,IAAI,CAAC,KAAK,CAAC,CAAC,CAAC,OAAO,GAAG,CAAC,CAAC,CAAC;AACvD,SAAS,IAAI,KAAU,MAAM,CAAC,IAAI,CAAC,MAAM,CAAC,CAAC,CAAC,OAAO,GAAG,CAAC,CAAC,CAAC;AACzD,SAAS,MAAM,CAAC,KAAc,IAAI,MAAM,CAAC,IAAI,CAAC,KAAK,CAAC,CAAC,CAAC,CAAC;AACvD,MAAM,EAAE,GAAG,EAAE,GAAG,EAAE,CAAC;AACnB,MAAM,IAAI,GAAG,EAAE,IAAI,CAAC,KAAU,MAAM,CAAC,IAAI,CAAC,KAAK,CAAC,CAAC,CAAC,OAAO,GAAG,CAAC,CAAC,CAAC,EAAE,IAAI,CAAC,KAAU,MAAM,CAAC,IAAI,CAAC,MAAM,CAAC,CAAC,CAAC,OAAO,GAAG,CAAC,CAAC,CAAC,EAAE,CAAC;IAExG,CAAC;4BADb,GAAG;;;;;;;;;;;;;;;qCAEC,GAAG;6BACH,GAAG;YADC,6CAAA,uBAAA,gDAAgB,cAAA,EAAhB,uBAAA,sDAAgB,cAAA,+GAAP,EAAE,yBAAF,EAAE,6BAAF,EAAE,6FAAK;YAChB,wJAAS,CAAC,6BAAD,CAAC,6EAAK;YAFxB,6KAIC;;;YAJY,uDAAC;;QACI,mBAAE,oDAAG,CAAC,EAAC;QAAhB,IAAS,EAAE,mDAAK;QAAhB,IAAS,EAAE,+DAAK;QAChB,QAAQ,CAAC,CAAC,oGAAG,CAAC,GAAC;QACpB,KAAK,KAAK,OAAO,IAAI,CAAC,EAAE,GAAG,IAAI,CAAC,CAAC,CAAC,CAAC,CAAC;;;;;;;SAH3B,CAAC;AAKd,MAAM,CAAC,IAAI,CAAC,EAAE,CAAC,KAAK,EAAE,CAAC,CAAC;AACxB,MAAM,CAAC,MAAM,IAAI,GAAG,MAAM,CAAC,MAAM,CAAC\"}")}, Object {"input_source_file_names": Array [String("/project/main.ts")], "source_map_json": String("{\"version\":3,\"file\":\"main.d.ts\",\"sourceRoot\":\"\",\"sources\":[\"../main.ts\"],\"names\":[],\"mappings\":\"AAOA,qBACa,CAAC;;IAEL,QAAQ,CAAC,CAAC,SAAK;IACpB,KAAK;CACR;AAED,eAAO,MAAM,IAAI,QAAgB,CAAC\"}")}]
 right: Array [Object {"input_source_file_names": Array [String("/project/main.ts")], "source_map_json": String("{\"version\":3,\"file\":\"main.js\",\"sourceRoot\":\"\",\"sources\":[\"../main.ts\"],\"names\":[],\"mappings\":\";;;;;;;;;;;;;;;;;;;;;;;;;;;;;;;;;;;;;;AAAA,MAAM,MAAM,GAAc,EAAE,CAAC;AAC7B,SAAS,GAAG,CAAC,KAAU,EAAE,OAAY,IAAS,MAAM,CAAC,IAAI,CAAC,CAAC,KAAK,EAAE,MAAM,CAAC,OAAO,CAAC,IAAI,CAAC,CAAC,CAAC,CAAC,CAAC,OAAO,KAAK,CAAC,CAAC,CAAC;AACzG,SAAS,GAAG,KAAU,MAAM,CAAC,IAAI,CAAC,KAAK,CAAC,CAAC,CAAC,OAAO,GAAG,CAAC,CAAC,CAAC;AACvD,SAAS,IAAI,KAAU,MAAM,CAAC,IAAI,CAAC,MAAM,CAAC,CAAC,CAAC,OAAO,GAAG,CAAC,CAAC,CAAC;AACzD,SAAS,MAAM,CAAC,KAAc,IAAI,MAAM,CAAC,IAAI,CAAC,KAAK,CAAC,CAAC,CAAC,CAAC;AACvD,MAAM,EAAE,GAAG,EAAE,GAAG,EAAE,CAAC;AACnB,MAAM,IAAI,GAAG,EAAE,IAAI,CAAC,KAAU,MAAM,CAAC,IAAI,CAAC,KAAK,CAAC,CAAC,CAAC,OAAO,GAAG,CAAC,CAAC,CAAC,EAAE,IAAI,CAAC,KAAU,MAAM,CAAC,IAAI,CAAC,MAAM,CAAC,CAAC,CAAC,OAAO,GAAG,CAAC,CAAC,CAAC,EAAE,CAAC;IAExG,CAAC;4BADb,GAAG;;;;;;;;;;;;;;;qCAEC,GAAG;6BACH,GAAG;YADC,6CAAA,uBAAA,gDAAgB,cAAA,EAAhB,uBAAA,sDAAgB,cAAA,+GAAP,EAAE,yBAAF,EAAE,6BAAF,EAAE,6FAAK;YAChB,wJAAS,CAAC,6BAAD,CAAC,6EAAK;YAFxB,6KAIC;;;YAJY,uDAAC;;QACI,mBAAE,oDAAG,CAAC,EAAC;QAArB,IAAc,EAAE,mDAAK;QAArB,IAAc,EAAE,+DAAK;QAChB,QAAQ,CAAC,CAAC,oGAAG,CAAC,GAAC;QACpB,KAAK,KAAK,OAAO,IAAI,CAAC,EAAE,GAAG,IAAI,CAAC,CAAC,CAAC,CAAC,CAAC;;;;;;;SAH3B,CAAC;AAKd,MAAM,CAAC,IAAI,CAAC,EAAE,CAAC,KAAK,EAAE,CAAC,CAAC;AACxB,MAAM,CAAC,MAAM,IAAI,GAAG,MAAM,CAAC,MAAM,CAAC\"}")}, Object {"input_source_file_names": Array [String("/project/main.ts")], "source_map_json": String("{\"version\":3,\"file\":\"main.d.ts\",\"sourceRoot\":\"\",\"sources\":[\"../main.ts\"],\"names\":[],\"mappings\":\"AAOA,qBACa,CAAC;;IAEL,QAAQ,CAAC,CAAC,SAAK;IACpB,KAAK;CACR;AAED,eAAO,MAAM,IAAI,QAAgB,CAAC\"}")}]
decorator binding REPEATED FAILURE decorator-binding/reserved/esnext/set/private-and-public-same-stem
decorator binding EXACT x2 decorator-binding/reserved/esnext/set/class-this-parsed-and-scoped
decorator binding EXACT x2 decorator-binding/computed/esnext/set/instance-accessor-decorated
decorator binding EXACT x2 decorator-binding/computed/esnext/set/method-decorated
decorator binding EXACT x2 decorator-binding/computed/esnext/set/static-method-decorated
decorator binding EXACT x2 decorator-binding/computed/esnext/set/getter-setter-decorated
decorator binding EXACT x2 decorator-binding/computed/esnext/set/field-decorated
decorator binding EXACT x2 decorator-binding/computed/esnext/set/static-field-decorated
decorator binding EXACT x2 decorator-binding/computed/esnext/set/multiple-keys
decorator binding EXACT x2 decorator-binding/computed/esnext/set/user-identifier-_a
decorator binding EXACT x2 decorator-binding/computed/esnext/set/undecorated-computed-between
decorator binding EXACT x2 decorator-binding/computed/esnext/set/undecorated-computed-method-after
decorator binding EXACT x2 decorator-binding/computed/esnext/set/class-expression-computed
decorator binding EXACT x2 decorator-binding/computed/esnext/set/member-only-decorators-computed
decorator binding EXACT x2 decorator-binding/computed/esnext/set/computed-literal-and-expression
decorator binding EXACT x2 decorator-binding/computed/esnext/set/computed-with-decorator-temp
decorator binding EXACT x2 decorator-binding/computed/esnext/set/computed-in-static-block-nested-class
decorator binding EXACT x2 decorator-binding/lifecycle/esnext/set/bundle-outer-this-two-files
decorator binding EXACT x2 decorator-binding/lifecycle/esnext/set/bundle-class-expression-two-files
decorator binding EXACT x2 decorator-binding/lifecycle/esnext/set/bundle-default-two-files

thread 'decorator_binding_forms_match_complete_typescript_observations' (18083586) panicked at crates/compiler/tests/decorator_binding_pipeline_contract.rs:191:33:
decorator-binding/lifecycle/esnext/set/bundle-file-level-then-scoped-across-files: production command completes: parsed emit metadata at TransformNode { source: TransformSourceId(1), node: NodeId(157943) } requires an unsupported cross-arena identity

thread 'decorator_binding_forms_match_complete_typescript_observations' (18083586) panicked at crates/compiler/tests/decorator_binding_pipeline_contract.rs:191:33:
decorator-binding/lifecycle/esnext/set/bundle-file-level-then-scoped-across-files: production command completes: parsed emit metadata at TransformNode { source: TransformSourceId(1), node: NodeId(157943) } requires an unsupported cross-arena identity
decorator binding REPEATED FAILURE decorator-binding/lifecycle/esnext/set/bundle-file-level-then-scoped-across-files
decorator binding EXACT x2 decorator-binding/lifecycle/esnext/set/bundle-parse-census-per-file
decorator binding EXACT x2 decorator-binding/lifecycle/esnext/set/bundle-scoped-names-two-files
decorator binding EXACT x2 decorator-binding/lifecycle/esnext/set/bundle-computed-temps-two-files
decorator binding EXACT x2 decorator-binding/lifecycle/esnext/set/cjs-full-class
decorator binding EXACT x2 decorator-binding/lifecycle/esnext/set/cjs-default-export
decorator binding EXACT x2 decorator-binding/lifecycle/esnext/set/cjs-class-expression
decorator binding EXACT x2 decorator-binding/lifecycle/esnext/set/cjs-computed
decorator binding EXACT x2 decorator-binding/lifecycle/esnext/set/cjs-global-script-_metadata
decorator binding EXACT x2 decorator-binding/lifecycle/esnext/set/cjs-sibling-file-level-then-scoped
decorator binding EXACT x2 decorator-binding/global/esnext/define/script-let-_metadata
decorator binding EXACT x2 decorator-binding/global/esnext/define/script-let-_classThis
decorator binding EXACT x2 decorator-binding/global/esnext/define/script-let-_classSuper
decorator binding EXACT x2 decorator-binding/global/esnext/define/script-let-_x_decorators
decorator binding EXACT x2 decorator-binding/global/esnext/define/script-let-_staticExtraInitializers
decorator binding EXACT x2 decorator-binding/global/esnext/define/script-let-_a
decorator binding EXACT x2 decorator-binding/global/esnext/define/script-let-_outerThis
decorator binding EXACT x2 decorator-binding/global/esnext/define/script-let-class_1

thread 'decorator_binding_forms_match_complete_typescript_observations' (18083586) panicked at crates/compiler/tests/integration/h2_7b_w4a_controls.rs:465:9:
assertion `left == right` failed: decorator-binding/global/esnext/define/script-let-default_1: callback bytes for /project/out/main.js
  left: [99, 111, 110, 115, 116, 32, 101, 118, 101, 110, 116, 115, 32, 61, 32, 91, 93, 59, 13, 10, 102, 117, 110, 99, 116, 105, 111, 110, 32, 100, 101, 99, 40, 118, 97, 108, 117, 101, 44, 32, 99, 111, 110, 116, 101, 120, 116, 41, 32, 123, 32, 101, 118, 101, 110, 116, 115, 46, 112, 117, 115, 104, 40, 91, 34, 100, 101, 99, 34, 44, 32, 83, 116, 114, 105, 110, 103, 40, 99, 111, 110, 116, 101, 120, 116, 46, 110, 97, 109, 101, 41, 93, 41, 59, 32, 114, 101, 116, 117, 114, 110, 32, 118, 97, 108, 117, 101, 59, 32, 125, 13, 10, 102, 117, 110, 99, 116, 105, 111, 110, 32, 107, 101, 121, 40, 41, 32, 123, 32, 101, 118, 101, 110, 116, 115, 46, 112, 117, 115, 104, 40, 34, 107, 101, 121, 34, 41, 59, 32, 114, 101, 116, 117, 114, 110, 32, 34, 120, 34, 59, 32, 125, 13, 10, 102, 117, 110, 99, 116, 105, 111, 110, 32, 107, 101, 121, 50, 40, 41, 32, 123, 32, 101, 118, 101, 110, 116, 115, 46, 112, 117, 115, 104, 40, 34, 107, 101, 121, 50, 34, 41, 59, 32, 114, 101, 116, 117, 114, 110, 32, 34, 121, 34, 59, 32, 125, 13, 10, 102, 117, 110, 99, 116, 105, 111, 110, 32, 114, 101, 99, 111, 114, 100, 40, 118, 97, 108, 117, 101, 41, 32, 123, 32, 101, 118, 101, 110, 116, 115, 46, 112, 117, 115, 104, 40, 118, 97, 108, 117, 101, 41, 59, 32, 125, 13, 10, 99, 111, 110, 115, 116, 32, 110, 115, 32, 61, 32, 123, 32, 100, 101, 99, 32, 125, 59, 13, 10, 99, 111, 110, 115, 116, 32, 107, 101, 121, 115, 32, 61, 32, 123, 32, 103, 101, 116, 32, 120, 40, 41, 32, 123, 32, 101, 118, 101, 110, 116, 115, 46, 112, 117, 115, 104, 40, 34, 107, 101, 121, 34, 41, 59, 32, 114, 101, 116, 117, 114, 110, 32, 34, 120, 34, 59, 32, 125, 44, 32, 103, 101, 116, 32, 121, 40, 41, 32, 123, 32, 101, 118, 101, 110, 116, 115, 46, 112, 117, 115, 104, 40, 34, 107, 101, 121, 50, 34, 41, 59, 32, 114, 101, 116, 117, 114, 110, 32, 34, 121, 34, 59, 32, 125, 32, 125, 59, 13, 10, 101, 120, 112, 111, 114, 116, 32, 100, 101, 102, 97, 117, 108, 116, 32, 13, 10, 64, 100, 101, 99, 13, 10, 99, 108, 97, 115, 115, 32, 100, 101, 102, 97, 117, 108, 116, 95, 49, 32, 123, 13, 10, 32, 32, 32, 32, 64, 100, 101, 99, 13, 10, 32, 32, 32, 32, 115, 116, 97, 116, 105, 99, 32, 109, 40, 41, 32, 123, 32, 125, 13, 10, 125, 13, 10, 101, 120, 112, 111, 114, 116, 32, 99, 111, 110, 115, 116, 32, 116, 97, 105, 108, 32, 61, 32, 101, 118, 101, 110, 116, 115, 46, 108, 101, 110, 103, 116, 104, 59, 13, 10, 47, 47, 35, 32, 115, 111, 117, 114, 99, 101, 77, 97, 112, 112, 105, 110, 103, 85, 82, 76, 61, 109, 97, 105, 110, 46, 106, 115, 46, 109, 97, 112]
 right: [99, 111, 110, 115, 116, 32, 101, 118, 101, 110, 116, 115, 32, 61, 32, 91, 93, 59, 13, 10, 102, 117, 110, 99, 116, 105, 111, 110, 32, 100, 101, 99, 40, 118, 97, 108, 117, 101, 44, 32, 99, 111, 110, 116, 101, 120, 116, 41, 32, 123, 32, 101, 118, 101, 110, 116, 115, 46, 112, 117, 115, 104, 40, 91, 34, 100, 101, 99, 34, 44, 32, 83, 116, 114, 105, 110, 103, 40, 99, 111, 110, 116, 101, 120, 116, 46, 110, 97, 109, 101, 41, 93, 41, 59, 32, 114, 101, 116, 117, 114, 110, 32, 118, 97, 108, 117, 101, 59, 32, 125, 13, 10, 102, 117, 110, 99, 116, 105, 111, 110, 32, 107, 101, 121, 40, 41, 32, 123, 32, 101, 118, 101, 110, 116, 115, 46, 112, 117, 115, 104, 40, 34, 107, 101, 121, 34, 41, 59, 32, 114, 101, 116, 117, 114, 110, 32, 34, 120, 34, 59, 32, 125, 13, 10, 102, 117, 110, 99, 116, 105, 111, 110, 32, 107, 101, 121, 50, 40, 41, 32, 123, 32, 101, 118, 101, 110, 116, 115, 46, 112, 117, 115, 104, 40, 34, 107, 101, 121, 50, 34, 41, 59, 32, 114, 101, 116, 117, 114, 110, 32, 34, 121, 34, 59, 32, 125, 13, 10, 102, 117, 110, 99, 116, 105, 111, 110, 32, 114, 101, 99, 111, 114, 100, 40, 118, 97, 108, 117, 101, 41, 32, 123, 32, 101, 118, 101, 110, 116, 115, 46, 112, 117, 115, 104, 40, 118, 97, 108, 117, 101, 41, 59, 32, 125, 13, 10, 99, 111, 110, 115, 116, 32, 110, 115, 32, 61, 32, 123, 32, 100, 101, 99, 32, 125, 59, 13, 10, 99, 111, 110, 115, 116, 32, 107, 101, 121, 115, 32, 61, 32, 123, 32, 103, 101, 116, 32, 120, 40, 41, 32, 123, 32, 101, 118, 101, 110, 116, 115, 46, 112, 117, 115, 104, 40, 34, 107, 101, 121, 34, 41, 59, 32, 114, 101, 116, 117, 114, 110, 32, 34, 120, 34, 59, 32, 125, 44, 32, 103, 101, 116, 32, 121, 40, 41, 32, 123, 32, 101, 118, 101, 110, 116, 115, 46, 112, 117, 115, 104, 40, 34, 107, 101, 121, 50, 34, 41, 59, 32, 114, 101, 116, 117, 114, 110, 32, 34, 121, 34, 59, 32, 125, 32, 125, 59, 13, 10, 101, 120, 112, 111, 114, 116, 32, 100, 101, 102, 97, 117, 108, 116, 32, 13, 10, 64, 100, 101, 99, 13, 10, 99, 108, 97, 115, 115, 32, 100, 101, 102, 97, 117, 108, 116, 95, 50, 32, 123, 13, 10, 32, 32, 32, 32, 64, 100, 101, 99, 13, 10, 32, 32, 32, 32, 115, 116, 97, 116, 105, 99, 32, 109, 40, 41, 32, 123, 32, 125, 13, 10, 125, 13, 10, 101, 120, 112, 111, 114, 116, 32, 99, 111, 110, 115, 116, 32, 116, 97, 105, 108, 32, 61, 32, 101, 118, 101, 110, 116, 115, 46, 108, 101, 110, 103, 116, 104, 59, 13, 10, 47, 47, 35, 32, 115, 111, 117, 114, 99, 101, 77, 97, 112, 112, 105, 110, 103, 85, 82, 76, 61, 109, 97, 105, 110, 46, 106, 115, 46, 109, 97, 112]

thread 'decorator_binding_forms_match_complete_typescript_observations' (18083586) panicked at crates/compiler/tests/integration/h2_7b_w4a_controls.rs:465:9:
assertion `left == right` failed: decorator-binding/global/esnext/define/script-let-default_1: callback bytes for /project/out/main.js
  left: [99, 111, 110, 115, 116, 32, 101, 118, 101, 110, 116, 115, 32, 61, 32, 91, 93, 59, 13, 10, 102, 117, 110, 99, 116, 105, 111, 110, 32, 100, 101, 99, 40, 118, 97, 108, 117, 101, 44, 32, 99, 111, 110, 116, 101, 120, 116, 41, 32, 123, 32, 101, 118, 101, 110, 116, 115, 46, 112, 117, 115, 104, 40, 91, 34, 100, 101, 99, 34, 44, 32, 83, 116, 114, 105, 110, 103, 40, 99, 111, 110, 116, 101, 120, 116, 46, 110, 97, 109, 101, 41, 93, 41, 59, 32, 114, 101, 116, 117, 114, 110, 32, 118, 97, 108, 117, 101, 59, 32, 125, 13, 10, 102, 117, 110, 99, 116, 105, 111, 110, 32, 107, 101, 121, 40, 41, 32, 123, 32, 101, 118, 101, 110, 116, 115, 46, 112, 117, 115, 104, 40, 34, 107, 101, 121, 34, 41, 59, 32, 114, 101, 116, 117, 114, 110, 32, 34, 120, 34, 59, 32, 125, 13, 10, 102, 117, 110, 99, 116, 105, 111, 110, 32, 107, 101, 121, 50, 40, 41, 32, 123, 32, 101, 118, 101, 110, 116, 115, 46, 112, 117, 115, 104, 40, 34, 107, 101, 121, 50, 34, 41, 59, 32, 114, 101, 116, 117, 114, 110, 32, 34, 121, 34, 59, 32, 125, 13, 10, 102, 117, 110, 99, 116, 105, 111, 110, 32, 114, 101, 99, 111, 114, 100, 40, 118, 97, 108, 117, 101, 41, 32, 123, 32, 101, 118, 101, 110, 116, 115, 46, 112, 117, 115, 104, 40, 118, 97, 108, 117, 101, 41, 59, 32, 125, 13, 10, 99, 111, 110, 115, 116, 32, 110, 115, 32, 61, 32, 123, 32, 100, 101, 99, 32, 125, 59, 13, 10, 99, 111, 110, 115, 116, 32, 107, 101, 121, 115, 32, 61, 32, 123, 32, 103, 101, 116, 32, 120, 40, 41, 32, 123, 32, 101, 118, 101, 110, 116, 115, 46, 112, 117, 115, 104, 40, 34, 107, 101, 121, 34, 41, 59, 32, 114, 101, 116, 117, 114, 110, 32, 34, 120, 34, 59, 32, 125, 44, 32, 103, 101, 116, 32, 121, 40, 41, 32, 123, 32, 101, 118, 101, 110, 116, 115, 46, 112, 117, 115, 104, 40, 34, 107, 101, 121, 50, 34, 41, 59, 32, 114, 101, 116, 117, 114, 110, 32, 34, 121, 34, 59, 32, 125, 32, 125, 59, 13, 10, 101, 120, 112, 111, 114, 116, 32, 100, 101, 102, 97, 117, 108, 116, 32, 13, 10, 64, 100, 101, 99, 13, 10, 99, 108, 97, 115, 115, 32, 100, 101, 102, 97, 117, 108, 116, 95, 49, 32, 123, 13, 10, 32, 32, 32, 32, 64, 100, 101, 99, 13, 10, 32, 32, 32, 32, 115, 116, 97, 116, 105, 99, 32, 109, 40, 41, 32, 123, 32, 125, 13, 10, 125, 13, 10, 101, 120, 112, 111, 114, 116, 32, 99, 111, 110, 115, 116, 32, 116, 97, 105, 108, 32, 61, 32, 101, 118, 101, 110, 116, 115, 46, 108, 101, 110, 103, 116, 104, 59, 13, 10, 47, 47, 35, 32, 115, 111, 117, 114, 99, 101, 77, 97, 112, 112, 105, 110, 103, 85, 82, 76, 61, 109, 97, 105, 110, 46, 106, 115, 46, 109, 97, 112]
 right: [99, 111, 110, 115, 116, 32, 101, 118, 101, 110, 116, 115, 32, 61, 32, 91, 93, 59, 13, 10, 102, 117, 110, 99, 116, 105, 111, 110, 32, 100, 101, 99, 40, 118, 97, 108, 117, 101, 44, 32, 99, 111, 110, 116, 101, 120, 116, 41, 32, 123, 32, 101, 118, 101, 110, 116, 115, 46, 112, 117, 115, 104, 40, 91, 34, 100, 101, 99, 34, 44, 32, 83, 116, 114, 105, 110, 103, 40, 99, 111, 110, 116, 101, 120, 116, 46, 110, 97, 109, 101, 41, 93, 41, 59, 32, 114, 101, 116, 117, 114, 110, 32, 118, 97, 108, 117, 101, 59, 32, 125, 13, 10, 102, 117, 110, 99, 116, 105, 111, 110, 32, 107, 101, 121, 40, 41, 32, 123, 32, 101, 118, 101, 110, 116, 115, 46, 112, 117, 115, 104, 40, 34, 107, 101, 121, 34, 41, 59, 32, 114, 101, 116, 117, 114, 110, 32, 34, 120, 34, 59, 32, 125, 13, 10, 102, 117, 110, 99, 116, 105, 111, 110, 32, 107, 101, 121, 50, 40, 41, 32, 123, 32, 101, 118, 101, 110, 116, 115, 46, 112, 117, 115, 104, 40, 34, 107, 101, 121, 50, 34, 41, 59, 32, 114, 101, 116, 117, 114, 110, 32, 34, 121, 34, 59, 32, 125, 13, 10, 102, 117, 110, 99, 116, 105, 111, 110, 32, 114, 101, 99, 111, 114, 100, 40, 118, 97, 108, 117, 101, 41, 32, 123, 32, 101, 118, 101, 110, 116, 115, 46, 112, 117, 115, 104, 40, 118, 97, 108, 117, 101, 41, 59, 32, 125, 13, 10, 99, 111, 110, 115, 116, 32, 110, 115, 32, 61, 32, 123, 32, 100, 101, 99, 32, 125, 59, 13, 10, 99, 111, 110, 115, 116, 32, 107, 101, 121, 115, 32, 61, 32, 123, 32, 103, 101, 116, 32, 120, 40, 41, 32, 123, 32, 101, 118, 101, 110, 116, 115, 46, 112, 117, 115, 104, 40, 34, 107, 101, 121, 34, 41, 59, 32, 114, 101, 116, 117, 114, 110, 32, 34, 120, 34, 59, 32, 125, 44, 32, 103, 101, 116, 32, 121, 40, 41, 32, 123, 32, 101, 118, 101, 110, 116, 115, 46, 112, 117, 115, 104, 40, 34, 107, 101, 121, 50, 34, 41, 59, 32, 114, 101, 116, 117, 114, 110, 32, 34, 121, 34, 59, 32, 125, 32, 125, 59, 13, 10, 101, 120, 112, 111, 114, 116, 32, 100, 101, 102, 97, 117, 108, 116, 32, 13, 10, 64, 100, 101, 99, 13, 10, 99, 108, 97, 115, 115, 32, 100, 101, 102, 97, 117, 108, 116, 95, 50, 32, 123, 13, 10, 32, 32, 32, 32, 64, 100, 101, 99, 13, 10, 32, 32, 32, 32, 115, 116, 97, 116, 105, 99, 32, 109, 40, 41, 32, 123, 32, 125, 13, 10, 125, 13, 10, 101, 120, 112, 111, 114, 116, 32, 99, 111, 110, 115, 116, 32, 116, 97, 105, 108, 32, 61, 32, 101, 118, 101, 110, 116, 115, 46, 108, 101, 110, 103, 116, 104, 59, 13, 10, 47, 47, 35, 32, 115, 111, 117, 114, 99, 101, 77, 97, 112, 112, 105, 110, 103, 85, 82, 76, 61, 109, 97, 105, 110, 46, 106, 115, 46, 109, 97, 112]
decorator binding REPEATED FAILURE decorator-binding/global/esnext/define/script-let-default_1
decorator binding EXACT x2 decorator-binding/global/esnext/define/script-function-_metadata
decorator binding EXACT x2 decorator-binding/global/esnext/define/script-type-alias-_metadata
decorator binding EXACT x2 decorator-binding/global/esnext/define/script-namespace-_classThis
decorator binding EXACT x2 decorator-binding/global/esnext/define/script-declare-let-_metadata
decorator binding EXACT x2 decorator-binding/global/esnext/define/script-block-scoped-not-global-_metadata
decorator binding EXACT x2 decorator-binding/global/esnext/define/script-numbered-chain-_metadata
decorator binding EXACT x2 decorator-binding/global/esnext/define/script-temp-chain-_a-_b
decorator binding EXACT x2 decorator-binding/global/esnext/define/module-local-_metadata
decorator binding EXACT x2 decorator-binding/global/esnext/define/module-local-_x_decorators
decorator binding EXACT x2 decorator-binding/global/esnext/define/declare-global-var-_metadata
decorator binding EXACT x2 decorator-binding/global/esnext/define/declare-global-in-module-file-_classThis
decorator binding EXACT x2 decorator-binding/global/esnext/define/script-and-source-both-_metadata
decorator binding EXACT x2 decorator-binding/nested/esnext/define/inner-in-static-block
decorator binding EXACT x2 decorator-binding/nested/esnext/define/inner-in-method
decorator binding EXACT x2 decorator-binding/nested/esnext/define/inner-in-constructor
decorator binding EXACT x2 decorator-binding/nested/esnext/define/inner-in-static-field-initializer
decorator binding EXACT x2 decorator-binding/nested/esnext/define/inner-in-instance-field-initializer
decorator binding EXACT x2 decorator-binding/nested/esnext/define/inner-in-decorator-expression
decorator binding EXACT x2 decorator-binding/nested/esnext/define/inner-in-heritage
decorator binding EXACT x2 decorator-binding/nested/esnext/define/sibling-same-members
decorator binding EXACT x2 decorator-binding/nested/esnext/define/sibling-outer-this-twice
decorator binding EXACT x2 decorator-binding/nested/esnext/define/sibling-class-expressions
decorator binding EXACT x2 decorator-binding/nested/esnext/define/sibling-default-and-expression
decorator binding EXACT x2 decorator-binding/nested/esnext/define/sibling-computed-temps
decorator binding EXACT x2 decorator-binding/nested/esnext/define/ordinary-function-scopes
decorator binding EXACT x2 decorator-binding/nested/esnext/define/inner-computed-in-outer-computed-scope
decorator binding EXACT x2 decorator-binding/nested/esnext/define/triple-nesting
decorator binding EXACT x2 decorator-binding/reserved/esnext/define/file-level-then-static-private-field
decorator binding EXACT x2 decorator-binding/reserved/esnext/define/static-private-field-then-file-level
decorator binding EXACT x2 decorator-binding/reserved/esnext/define/file-level-then-static-private-method
decorator binding EXACT x2 decorator-binding/reserved/esnext/define/static-private-method-then-file-level
decorator binding EXACT x2 decorator-binding/reserved/esnext/define/file-level-then-static-private-accessor
decorator binding EXACT x2 decorator-binding/reserved/esnext/define/static-private-accessor-then-file-level
decorator binding EXACT x2 decorator-binding/reserved/esnext/define/file-level-then-static-auto-accessor
decorator binding EXACT x2 decorator-binding/reserved/esnext/define/static-auto-accessor-then-file-level
decorator binding EXACT x2 decorator-binding/reserved/esnext/define/file-level-then-static-private-auto-accessor
decorator binding EXACT x2 decorator-binding/reserved/esnext/define/static-private-auto-accessor-then-file-level
decorator binding EXACT x2 decorator-binding/reserved/esnext/define/file-level-then-decorated-static-private-auto-accessor
decorator binding EXACT x2 decorator-binding/reserved/esnext/define/decorated-static-private-auto-accessor-then-file-level
decorator binding EXACT x2 decorator-binding/reserved/esnext/define/file-level-then-instance-private-field-only
decorator binding EXACT x2 decorator-binding/reserved/esnext/define/instance-private-field-only-then-file-level
decorator binding EXACT x2 decorator-binding/reserved/esnext/define/file-level-then-public-static-field-only
decorator binding EXACT x2 decorator-binding/reserved/esnext/define/public-static-field-only-then-file-level
decorator binding EXACT x2 decorator-binding/reserved/esnext/define/file-level-then-instance-auto-accessor-only
decorator binding EXACT x2 decorator-binding/reserved/esnext/define/instance-auto-accessor-only-then-file-level
decorator binding EXACT x2 decorator-binding/reserved/esnext/define/file-level-then-static-block-only
decorator binding EXACT x2 decorator-binding/reserved/esnext/define/static-block-only-then-file-level
decorator binding EXACT x2 decorator-binding/reserved/esnext/define/scoped-then-scoped
decorator binding EXACT x2 decorator-binding/reserved/esnext/define/outer-file-level-inner-scoped
decorator binding EXACT x2 decorator-binding/reserved/esnext/define/outer-scoped-inner-file-level
decorator binding EXACT x2 decorator-binding/reserved/esnext/define/outer-scoped-inner-scoped
decorator binding EXACT x2 decorator-binding/reserved/esnext/define/private-accessor-storage-nested
decorator binding EXACT x2 decorator-binding/reserved/esnext/define/private-accessor-storage-siblings
decorator binding EXACT x2 decorator-binding/reserved/esnext/define/private-and-public-same-stem
decorator binding EXACT x2 decorator-binding/reserved/esnext/define/class-this-parsed-and-scoped
decorator binding EXACT x2 decorator-binding/computed/esnext/define/static-accessor-decorated
decorator binding EXACT x2 decorator-binding/computed/esnext/define/instance-accessor-decorated
decorator binding EXACT x2 decorator-binding/computed/esnext/define/method-decorated
decorator binding EXACT x2 decorator-binding/computed/esnext/define/static-method-decorated
decorator binding EXACT x2 decorator-binding/computed/esnext/define/getter-setter-decorated
decorator binding EXACT x2 decorator-binding/computed/esnext/define/field-decorated
decorator binding EXACT x2 decorator-binding/computed/esnext/define/static-field-decorated
decorator binding EXACT x2 decorator-binding/computed/esnext/define/multiple-keys
decorator binding EXACT x2 decorator-binding/computed/esnext/define/user-identifier-_a
decorator binding EXACT x2 decorator-binding/computed/esnext/define/undecorated-computed-between
decorator binding EXACT x2 decorator-binding/computed/esnext/define/undecorated-computed-method-after
decorator binding EXACT x2 decorator-binding/computed/esnext/define/class-expression-computed
decorator binding EXACT x2 decorator-binding/computed/esnext/define/member-only-decorators-computed
decorator binding EXACT x2 decorator-binding/computed/esnext/define/computed-literal-and-expression
decorator binding EXACT x2 decorator-binding/computed/esnext/define/computed-with-decorator-temp
decorator binding EXACT x2 decorator-binding/computed/esnext/define/computed-in-static-block-nested-class
decorator binding EXACT x2 decorator-binding/lifecycle/esnext/define/bundle-outer-this-two-files
decorator binding EXACT x2 decorator-binding/lifecycle/esnext/define/bundle-class-expression-two-files

thread 'decorator_binding_forms_match_complete_typescript_observations' (18083586) panicked at crates/compiler/tests/integration/h2_7b_w4a_controls.rs:465:9:
assertion `left == right` failed: decorator-binding/lifecycle/esnext/define/bundle-default-two-files: callback bytes for /project/out/bundle.js
  left: [83, 121, 115, 116, 101, 109, 46, 114, 101, 103, 105, 115, 116, 101, 114, 40, 34, 109, 97, 105, 110, 34, 44, 32, 91, 93, 44, 32, 102, 117, 110, 99, 116, 105, 111, 110, 32, 40, 101, 120, 112, 111, 114, 116, 115, 95, 49, 44, 32, 99, 111, 110, 116, 101, 120, 116, 95, 49, 41, 32, 123, 13, 10, 32, 32, 32, 32, 34, 117, 115, 101, 32, 115, 116, 114, 105, 99, 116, 34, 59, 13, 10, 32, 32, 32, 32, 118, 97, 114, 32, 101, 118, 101, 110, 116, 115, 44, 32, 110, 115, 44, 32, 107, 101, 121, 115, 44, 32, 100, 101, 102, 97, 117, 108, 116, 95, 49, 44, 32, 116, 97, 105, 108, 59, 13, 10, 32, 32, 32, 32, 118, 97, 114, 32, 95, 95, 109, 111, 100, 117, 108, 101, 78, 97, 109, 101, 32, 61, 32, 99, 111, 110, 116, 101, 120, 116, 95, 49, 32, 38, 38, 32, 99, 111, 110, 116, 101, 120, 116, 95, 49, 46, 105, 100, 59, 13, 10, 32, 32, 32, 32, 102, 117, 110, 99, 116, 105, 111, 110, 32, 100, 101, 99, 40, 118, 97, 108, 117, 101, 44, 32, 99, 111, 110, 116, 101, 120, 116, 41, 32, 123, 32, 101, 118, 101, 110, 116, 115, 46, 112, 117, 115, 104, 40, 91, 34, 100, 101, 99, 34, 44, 32, 83, 116, 114, 105, 110, 103, 40, 99, 111, 110, 116, 101, 120, 116, 46, 110, 97, 109, 101, 41, 93, 41, 59, 32, 114, 101, 116, 117, 114, 110, 32, 118, 97, 108, 117, 101, 59, 32, 125, 13, 10, 32, 32, 32, 32, 102, 117, 110, 99, 116, 105, 111, 110, 32, 107, 101, 121, 40, 41, 32, 123, 32, 101, 118, 101, 110, 116, 115, 46, 112, 117, 115, 104, 40, 34, 107, 101, 121, 34, 41, 59, 32, 114, 101, 116, 117, 114, 110, 32, 34, 120, 34, 59, 32, 125, 13, 10, 32, 32, 32, 32, 102, 117, 110, 99, 116, 105, 111, 110, 32, 107, 101, 121, 50, 40, 41, 32, 123, 32, 101, 118, 101, 110, 116, 115, 46, 112, 117, 115, 104, 40, 34, 107, 101, 121, 50, 34, 41, 59, 32, 114, 101, 116, 117, 114, 110, 32, 34, 121, 34, 59, 32, 125, 13, 10, 32, 32, 32, 32, 102, 117, 110, 99, 116, 105, 111, 110, 32, 114, 101, 99, 111, 114, 100, 40, 118, 97, 108, 117, 101, 41, 32, 123, 32, 101, 118, 101, 110, 116, 115, 46, 112, 117, 115, 104, 40, 118, 97, 108, 117, 101, 41, 59, 32, 125, 13, 10, 32, 32, 32, 32, 114, 101, 116, 117, 114, 110, 32, 123, 13, 10, 32, 32, 32, 32, 32, 32, 32, 32, 115, 101, 116, 116, 101, 114, 115, 58, 32, 91, 93, 44, 13, 10, 32, 32, 32, 32, 32, 32, 32, 32, 101, 120, 101, 99, 117, 116, 101, 58, 32, 102, 117, 110, 99, 116, 105, 111, 110, 32, 40, 41, 32, 123, 13, 10, 32, 32, 32, 32, 32, 32, 32, 32, 32, 32, 32, 32, 101, 118, 101, 110, 116, 115, 32, 61, 32, 91, 93, 59, 13, 10, 32, 32, 32, 32, 32, 32, 32, 32, 32, 32, 32, 32, 110, 115, 32, 61, 32, 123, 32, 100, 101, 99, 32, 125, 59, 13, 10, 32, 32, 32, 32, 32, 32, 32, 32, 32, 32, 32, 32, 107, 101, 121, 115, 32, 61, 32, 123, 32, 103, 101, 116, 32, 120, 40, 41, 32, 123, 32, 101, 118, 101, 110, 116, 115, 46, 112, 117, 115, 104, 40, 34, 107, 101, 121, 34, 41, 59, 32, 114, 101, 116, 117, 114, 110, 32, 34, 120, 34, 59, 32, 125, 44, 32, 103, 101, 116, 32, 121, 40, 41, 32, 123, 32, 101, 118, 101, 110, 116, 115, 46, 112, 117, 115, 104, 40, 34, 107, 101, 121, 50, 34, 41, 59, 32, 114, 101, 116, 117, 114, 110, 32, 34, 121, 34, 59, 32, 125, 32, 125, 59, 13, 10, 32, 32, 32, 32, 32, 32, 32, 32, 32, 32, 32, 32, 100, 101, 102, 97, 117, 108, 116, 95, 49, 32, 61, 32, 13, 10, 32, 32, 32, 32, 32, 32, 32, 32, 32, 32, 32, 32, 64, 100, 101, 99, 13, 10, 32, 32, 32, 32, 32, 32, 32, 32, 32, 32, 32, 32, 99, 108, 97, 115, 115, 32, 100, 101, 102, 97, 117, 108, 116, 95, 49, 32, 123, 13, 10, 32, 32, 32, 32, 32, 32, 32, 32, 32, 32, 32, 32, 32, 32, 32, 32, 64, 100, 101, 99, 13, 10, 32, 32, 32, 32, 32, 32, 32, 32, 32, 32, 32, 32, 32, 32, 32, 32, 115, 116, 97, 116, 105, 99, 32, 109, 40, 41, 32, 123, 32, 125, 13, 10, 32, 32, 32, 32, 32, 32, 32, 32, 32, 32, 32, 32, 125, 59, 13, 10, 32, 32, 32, 32, 32, 32, 32, 32, 32, 32, 32, 32, 101, 120, 112, 111, 114, 116, 115, 95, 49, 40, 34, 100, 101, 102, 97, 117, 108, 116, 34, 44, 32, 100, 101, 102, 97, 117, 108, 116, 95, 49, 41, 59, 13, 10, 32, 32, 32, 32, 32, 32, 32, 32, 32, 32, 32, 32, 101, 120, 112, 111, 114, 116, 115, 95, 49, 40, 34, 116, 97, 105, 108, 34, 44, 32, 116, 97, 105, 108, 32, 61, 32, 101, 118, 101, 110, 116, 115, 46, 108, 101, 110, 103, 116, 104, 41, 59, 13, 10, 32, 32, 32, 32, 32, 32, 32, 32, 125, 13, 10, 32, 32, 32, 32, 125, 59, 13, 10, 125, 41, 59, 13, 10, 83, 121, 115, 116, 101, 109, 46, 114, 101, 103, 105, 115, 116, 101, 114, 40, 34, 115, 101, 99, 111, 110, 100, 34, 44, 32, 91, 93, 44, 32, 102, 117, 110, 99, 116, 105, 111, 110, 32, 40, 101, 120, 112, 111, 114, 116, 115, 95, 50, 44, 32, 99, 111, 110, 116, 101, 120, 116, 95, 50, 41, 32, 123, 13, 10, 32, 32, 32, 32, 34, 117, 115, 101, 32, 115, 116, 114, 105, 99, 116, 34, 59, 13, 10, 32, 32, 32, 32, 118, 97, 114, 32, 101, 118, 101, 110, 116, 115, 44, 32, 110, 115, 44, 32, 107, 101, 121, 115, 44, 32, 100, 101, 102, 97, 117, 108, 116, 95, 49, 44, 32, 116, 97, 105, 108, 59, 13, 10, 32, 32, 32, 32, 118, 97, 114, 32, 95, 95, 109, 111, 100, 117, 108, 101, 78, 97, 109, 101, 32, 61, 32, 99, 111, 110, 116, 101, 120, 116, 95, 50, 32, 38, 38, 32, 99, 111, 110, 116, 101, 120, 116, 95, 50, 46, 105, 100, 59, 13, 10, 32, 32, 32, 32, 102, 117, 110, 99, 116, 105, 111, 110, 32, 100, 101, 99, 40, 118, 97, 108, 117, 101, 44, 32, 99, 111, 110, 116, 101, 120, 116, 41, 32, 123, 32, 101, 118, 101, 110, 116, 115, 46, 112, 117, 115, 104, 40, 91, 34, 100, 101, 99, 34, 44, 32, 83, 116, 114, 105, 110, 103, 40, 99, 111, 110, 116, 101, 120, 116, 46, 110, 97, 109, 101, 41, 93, 41, 59, 32, 114, 101, 116, 117, 114, 110, 32, 118, 97, 108, 117, 101, 59, 32, 125, 13, 10, 32, 32, 32, 32, 102, 117, 110, 99, 116, 105, 111, 110, 32, 107, 101, 121, 40, 41, 32, 123, 32, 101, 118, 101, 110, 116, 115, 46, 112, 117, 115, 104, 40, 34, 107, 101, 121, 34, 41, 59, 32, 114, 101, 116, 117, 114, 110, 32, 34, 120, 34, 59, 32, 125, 13, 10, 32, 32, 32, 32, 102, 117, 110, 99, 116, 105, 111, 110, 32, 107, 101, 121, 50, 40, 41, 32, 123, 32, 101, 118, 101, 110, 116, 115, 46, 112, 117, 115, 104, 40, 34, 107, 101, 121, 50, 34, 41, 59, 32, 114, 101, 116, 117, 114, 110, 32, 34, 121, 34, 59, 32, 125, 13, 10, 32, 32, 32, 32, 102, 117, 110, 99, 116, 105, 111, 110, 32, 114, 101, 99, 111, 114, 100, 40, 118, 97, 108, 117, 101, 41, 32, 123, 32, 101, 118, 101, 110, 116, 115, 46, 112, 117, 115, 104, 40, 118, 97, 108, 117, 101, 41, 59, 32, 125, 13, 10, 32, 32, 32, 32, 114, 101, 116, 117, 114, 110, 32, 123, 13, 10, 32, 32, 32, 32, 32, 32, 32, 32, 115, 101, 116, 116, 101, 114, 115, 58, 32, 91, 93, 44, 13, 10, 32, 32, 32, 32, 32, 32, 32, 32, 101, 120, 101, 99, 117, 116, 101, 58, 32, 102, 117, 110, 99, 116, 105, 111, 110, 32, 40, 41, 32, 123, 13, 10, 32, 32, 32, 32, 32, 32, 32, 32, 32, 32, 32, 32, 101, 118, 101, 110, 116, 115, 32, 61, 32, 91, 93, 59, 13, 10, 32, 32, 32, 32, 32, 32, 32, 32, 32, 32, 32, 32, 110, 115, 32, 61, 32, 123, 32, 100, 101, 99, 32, 125, 59, 13, 10, 32, 32, 32, 32, 32, 32, 32, 32, 32, 32, 32, 32, 107, 101, 121, 115, 32, 61, 32, 123, 32, 103, 101, 116, 32, 120, 40, 41, 32, 123, 32, 101, 118, 101, 110, 116, 115, 46, 112, 117, 115, 104, 40, 34, 107, 101, 121, 34, 41, 59, 32, 114, 101, 116, 117, 114, 110, 32, 34, 120, 34, 59, 32, 125, 44, 32, 103, 101, 116, 32, 121, 40, 41, 32, 123, 32, 101, 118, 101, 110, 116, 115, 46, 112, 117, 115, 104, 40, 34, 107, 101, 121, 50, 34, 41, 59, 32, 114, 101, 116, 117, 114, 110, 32, 34, 121, 34, 59, 32, 125, 32, 125, 59, 13, 10, 32, 32, 32, 32, 32, 32, 32, 32, 32, 32, 32, 32, 100, 101, 102, 97, 117, 108, 116, 95, 49, 32, 61, 32, 13, 10, 32, 32, 32, 32, 32, 32, 32, 32, 32, 32, 32, 32, 64, 100, 101, 99, 13, 10, 32, 32, 32, 32, 32, 32, 32, 32, 32, 32, 32, 32, 99, 108, 97, 115, 115, 32, 100, 101, 102, 97, 117, 108, 116, 95, 49, 32, 123, 13, 10, 32, 32, 32, 32, 32, 32, 32, 32, 32, 32, 32, 32, 32, 32, 32, 32, 64, 100, 101, 99, 13, 10, 32, 32, 32, 32, 32, 32, 32, 32, 32, 32, 32, 32, 32, 32, 32, 32, 115, 116, 97, 116, 105, 99, 32, 109, 40, 41, 32, 123, 32, 125, 13, 10, 32, 32, 32, 32, 32, 32, 32, 32, 32, 32, 32, 32, 125, 59, 13, 10, 32, 32, 32, 32, 32, 32, 32, 32, 32, 32, 32, 32, 101, 120, 112, 111, 114, 116, 115, 95, 50, 40, 34, 100, 101, 102, 97, 117, 108, 116, 34, 44, 32, 100, 101, 102, 97, 117, 108, 116, 95, 49, 41, 59, 13, 10, 32, 32, 32, 32, 32, 32, 32, 32, 32, 32, 32, 32, 101, 120, 112, 111, 114, 116, 115, 95, 50, 40, 34, 116, 97, 105, 108, 34, 44, 32, 116, 97, 105, 108, 32, 61, 32, 101, 118, 101, 110, 116, 115, 46, 108, 101, 110, 103, 116, 104, 41, 59, 13, 10, 32, 32, 32, 32, 32, 32, 32, 32, 125, 13, 10, 32, 32, 32, 32, 125, 59, 13, 10, 125, 41, 59, 13, 10, 47, 47, 35, 32, 115, 111, 117, 114, 99, 101, 77, 97, 112, 112, 105, 110, 103, 85, 82, 76, 61, 98, 117, 110, 100, 108, 101, 46, 106, 115, 46, 109, 97, 112]
 right: [83, 121, 115, 116, 101, 109, 46, 114, 101, 103, 105, 115, 116, 101, 114, 40, 34, 109, 97, 105, 110, 34, 44, 32, 91, 93, 44, 32, 102, 117, 110, 99, 116, 105, 111, 110, 32, 40, 101, 120, 112, 111, 114, 116, 115, 95, 49, 44, 32, 99, 111, 110, 116, 101, 120, 116, 95, 49, 41, 32, 123, 13, 10, 32, 32, 32, 32, 34, 117, 115, 101, 32, 115, 116, 114, 105, 99, 116, 34, 59, 13, 10, 32, 32, 32, 32, 118, 97, 114, 32, 101, 118, 101, 110, 116, 115, 44, 32, 110, 115, 44, 32, 107, 101, 121, 115, 44, 32, 100, 101, 102, 97, 117, 108, 116, 95, 49, 44, 32, 116, 97, 105, 108, 59, 13, 10, 32, 32, 32, 32, 118, 97, 114, 32, 95, 95, 109, 111, 100, 117, 108, 101, 78, 97, 109, 101, 32, 61, 32, 99, 111, 110, 116, 101, 120, 116, 95, 49, 32, 38, 38, 32, 99, 111, 110, 116, 101, 120, 116, 95, 49, 46, 105, 100, 59, 13, 10, 32, 32, 32, 32, 102, 117, 110, 99, 116, 105, 111, 110, 32, 100, 101, 99, 40, 118, 97, 108, 117, 101, 44, 32, 99, 111, 110, 116, 101, 120, 116, 41, 32, 123, 32, 101, 118, 101, 110, 116, 115, 46, 112, 117, 115, 104, 40, 91, 34, 100, 101, 99, 34, 44, 32, 83, 116, 114, 105, 110, 103, 40, 99, 111, 110, 116, 101, 120, 116, 46, 110, 97, 109, 101, 41, 93, 41, 59, 32, 114, 101, 116, 117, 114, 110, 32, 118, 97, 108, 117, 101, 59, 32, 125, 13, 10, 32, 32, 32, 32, 102, 117, 110, 99, 116, 105, 111, 110, 32, 107, 101, 121, 40, 41, 32, 123, 32, 101, 118, 101, 110, 116, 115, 46, 112, 117, 115, 104, 40, 34, 107, 101, 121, 34, 41, 59, 32, 114, 101, 116, 117, 114, 110, 32, 34, 120, 34, 59, 32, 125, 13, 10, 32, 32, 32, 32, 102, 117, 110, 99, 116, 105, 111, 110, 32, 107, 101, 121, 50, 40, 41, 32, 123, 32, 101, 118, 101, 110, 116, 115, 46, 112, 117, 115, 104, 40, 34, 107, 101, 121, 50, 34, 41, 59, 32, 114, 101, 116, 117, 114, 110, 32, 34, 121, 34, 59, 32, 125, 13, 10, 32, 32, 32, 32, 102, 117, 110, 99, 116, 105, 111, 110, 32, 114, 101, 99, 111, 114, 100, 40, 118, 97, 108, 117, 101, 41, 32, 123, 32, 101, 118, 101, 110, 116, 115, 46, 112, 117, 115, 104, 40, 118, 97, 108, 117, 101, 41, 59, 32, 125, 13, 10, 32, 32, 32, 32, 114, 101, 116, 117, 114, 110, 32, 123, 13, 10, 32, 32, 32, 32, 32, 32, 32, 32, 115, 101, 116, 116, 101, 114, 115, 58, 32, 91, 93, 44, 13, 10, 32, 32, 32, 32, 32, 32, 32, 32, 101, 120, 101, 99, 117, 116, 101, 58, 32, 102, 117, 110, 99, 116, 105, 111, 110, 32, 40, 41, 32, 123, 13, 10, 32, 32, 32, 32, 32, 32, 32, 32, 32, 32, 32, 32, 101, 118, 101, 110, 116, 115, 32, 61, 32, 91, 93, 59, 13, 10, 32, 32, 32, 32, 32, 32, 32, 32, 32, 32, 32, 32, 110, 115, 32, 61, 32, 123, 32, 100, 101, 99, 32, 125, 59, 13, 10, 32, 32, 32, 32, 32, 32, 32, 32, 32, 32, 32, 32, 107, 101, 121, 115, 32, 61, 32, 123, 32, 103, 101, 116, 32, 120, 40, 41, 32, 123, 32, 101, 118, 101, 110, 116, 115, 46, 112, 117, 115, 104, 40, 34, 107, 101, 121, 34, 41, 59, 32, 114, 101, 116, 117, 114, 110, 32, 34, 120, 34, 59, 32, 125, 44, 32, 103, 101, 116, 32, 121, 40, 41, 32, 123, 32, 101, 118, 101, 110, 116, 115, 46, 112, 117, 115, 104, 40, 34, 107, 101, 121, 50, 34, 41, 59, 32, 114, 101, 116, 117, 114, 110, 32, 34, 121, 34, 59, 32, 125, 32, 125, 59, 13, 10, 32, 32, 32, 32, 32, 32, 32, 32, 32, 32, 32, 32, 100, 101, 102, 97, 117, 108, 116, 95, 49, 32, 61, 32, 13, 10, 32, 32, 32, 32, 32, 32, 32, 32, 32, 32, 32, 32, 64, 100, 101, 99, 13, 10, 32, 32, 32, 32, 32, 32, 32, 32, 32, 32, 32, 32, 99, 108, 97, 115, 115, 32, 100, 101, 102, 97, 117, 108, 116, 95, 49, 32, 123, 13, 10, 32, 32, 32, 32, 32, 32, 32, 32, 32, 32, 32, 32, 32, 32, 32, 32, 64, 100, 101, 99, 13, 10, 32, 32, 32, 32, 32, 32, 32, 32, 32, 32, 32, 32, 32, 32, 32, 32, 115, 116, 97, 116, 105, 99, 32, 109, 40, 41, 32, 123, 32, 125, 13, 10, 32, 32, 32, 32, 32, 32, 32, 32, 32, 32, 32, 32, 125, 59, 13, 10, 32, 32, 32, 32, 32, 32, 32, 32, 32, 32, 32, 32, 101, 120, 112, 111, 114, 116, 115, 95, 49, 40, 34, 100, 101, 102, 97, 117, 108, 116, 34, 44, 32, 100, 101, 102, 97, 117, 108, 116, 95, 49, 41, 59, 13, 10, 32, 32, 32, 32, 32, 32, 32, 32, 32, 32, 32, 32, 101, 120, 112, 111, 114, 116, 115, 95, 49, 40, 34, 116, 97, 105, 108, 34, 44, 32, 116, 97, 105, 108, 32, 61, 32, 101, 118, 101, 110, 116, 115, 46, 108, 101, 110, 103, 116, 104, 41, 59, 13, 10, 32, 32, 32, 32, 32, 32, 32, 32, 125, 13, 10, 32, 32, 32, 32, 125, 59, 13, 10, 125, 41, 59, 13, 10, 83, 121, 115, 116, 101, 109, 46, 114, 101, 103, 105, 115, 116, 101, 114, 40, 34, 115, 101, 99, 111, 110, 100, 34, 44, 32, 91, 93, 44, 32, 102, 117, 110, 99, 116, 105, 111, 110, 32, 40, 101, 120, 112, 111, 114, 116, 115, 95, 50, 44, 32, 99, 111, 110, 116, 101, 120, 116, 95, 50, 41, 32, 123, 13, 10, 32, 32, 32, 32, 34, 117, 115, 101, 32, 115, 116, 114, 105, 99, 116, 34, 59, 13, 10, 32, 32, 32, 32, 118, 97, 114, 32, 101, 118, 101, 110, 116, 115, 44, 32, 110, 115, 44, 32, 107, 101, 121, 115, 44, 32, 100, 101, 102, 97, 117, 108, 116, 95, 50, 44, 32, 116, 97, 105, 108, 59, 13, 10, 32, 32, 32, 32, 118, 97, 114, 32, 95, 95, 109, 111, 100, 117, 108, 101, 78, 97, 109, 101, 32, 61, 32, 99, 111, 110, 116, 101, 120, 116, 95, 50, 32, 38, 38, 32, 99, 111, 110, 116, 101, 120, 116, 95, 50, 46, 105, 100, 59, 13, 10, 32, 32, 32, 32, 102, 117, 110, 99, 116, 105, 111, 110, 32, 100, 101, 99, 40, 118, 97, 108, 117, 101, 44, 32, 99, 111, 110, 116, 101, 120, 116, 41, 32, 123, 32, 101, 118, 101, 110, 116, 115, 46, 112, 117, 115, 104, 40, 91, 34, 100, 101, 99, 34, 44, 32, 83, 116, 114, 105, 110, 103, 40, 99, 111, 110, 116, 101, 120, 116, 46, 110, 97, 109, 101, 41, 93, 41, 59, 32, 114, 101, 116, 117, 114, 110, 32, 118, 97, 108, 117, 101, 59, 32, 125, 13, 10, 32, 32, 32, 32, 102, 117, 110, 99, 116, 105, 111, 110, 32, 107, 101, 121, 40, 41, 32, 123, 32, 101, 118, 101, 110, 116, 115, 46, 112, 117, 115, 104, 40, 34, 107, 101, 121, 34, 41, 59, 32, 114, 101, 116, 117, 114, 110, 32, 34, 120, 34, 59, 32, 125, 13, 10, 32, 32, 32, 32, 102, 117, 110, 99, 116, 105, 111, 110, 32, 107, 101, 121, 50, 40, 41, 32, 123, 32, 101, 118, 101, 110, 116, 115, 46, 112, 117, 115, 104, 40, 34, 107, 101, 121, 50, 34, 41, 59, 32, 114, 101, 116, 117, 114, 110, 32, 34, 121, 34, 59, 32, 125, 13, 10, 32, 32, 32, 32, 102, 117, 110, 99, 116, 105, 111, 110, 32, 114, 101, 99, 111, 114, 100, 40, 118, 97, 108, 117, 101, 41, 32, 123, 32, 101, 118, 101, 110, 116, 115, 46, 112, 117, 115, 104, 40, 118, 97, 108, 117, 101, 41, 59, 32, 125, 13, 10, 32, 32, 32, 32, 114, 101, 116, 117, 114, 110, 32, 123, 13, 10, 32, 32, 32, 32, 32, 32, 32, 32, 115, 101, 116, 116, 101, 114, 115, 58, 32, 91, 93, 44, 13, 10, 32, 32, 32, 32, 32, 32, 32, 32, 101, 120, 101, 99, 117, 116, 101, 58, 32, 102, 117, 110, 99, 116, 105, 111, 110, 32, 40, 41, 32, 123, 13, 10, 32, 32, 32, 32, 32, 32, 32, 32, 32, 32, 32, 32, 101, 118, 101, 110, 116, 115, 32, 61, 32, 91, 93, 59, 13, 10, 32, 32, 32, 32, 32, 32, 32, 32, 32, 32, 32, 32, 110, 115, 32, 61, 32, 123, 32, 100, 101, 99, 32, 125, 59, 13, 10, 32, 32, 32, 32, 32, 32, 32, 32, 32, 32, 32, 32, 107, 101, 121, 115, 32, 61, 32, 123, 32, 103, 101, 116, 32, 120, 40, 41, 32, 123, 32, 101, 118, 101, 110, 116, 115, 46, 112, 117, 115, 104, 40, 34, 107, 101, 121, 34, 41, 59, 32, 114, 101, 116, 117, 114, 110, 32, 34, 120, 34, 59, 32, 125, 44, 32, 103, 101, 116, 32, 121, 40, 41, 32, 123, 32, 101, 118, 101, 110, 116, 115, 46, 112, 117, 115, 104, 40, 34, 107, 101, 121, 50, 34, 41, 59, 32, 114, 101, 116, 117, 114, 110, 32, 34, 121, 34, 59, 32, 125, 32, 125, 59, 13, 10, 32, 32, 32, 32, 32, 32, 32, 32, 32, 32, 32, 32, 100, 101, 102, 97, 117, 108, 116, 95, 50, 32, 61, 32, 13, 10, 32, 32, 32, 32, 32, 32, 32, 32, 32, 32, 32, 32, 64, 100, 101, 99, 13, 10, 32, 32, 32, 32, 32, 32, 32, 32, 32, 32, 32, 32, 99, 108, 97, 115, 115, 32, 100, 101, 102, 97, 117, 108, 116, 95, 50, 32, 123, 13, 10, 32, 32, 32, 32, 32, 32, 32, 32, 32, 32, 32, 32, 32, 32, 32, 32, 64, 100, 101, 99, 13, 10, 32, 32, 32, 32, 32, 32, 32, 32, 32, 32, 32, 32, 32, 32, 32, 32, 115, 116, 97, 116, 105, 99, 32, 109, 40, 41, 32, 123, 32, 125, 13, 10, 32, 32, 32, 32, 32, 32, 32, 32, 32, 32, 32, 32, 125, 59, 13, 10, 32, 32, 32, 32, 32, 32, 32, 32, 32, 32, 32, 32, 101, 120, 112, 111, 114, 116, 115, 95, 50, 40, 34, 100, 101, 102, 97, 117, 108, 116, 34, 44, 32, 100, 101, 102, 97, 117, 108, 116, 95, 50, 41, 59, 13, 10, 32, 32, 32, 32, 32, 32, 32, 32, 32, 32, 32, 32, 101, 120, 112, 111, 114, 116, 115, 95, 50, 40, 34, 116, 97, 105, 108, 34, 44, 32, 116, 97, 105, 108, 32, 61, 32, 101, 118, 101, 110, 116, 115, 46, 108, 101, 110, 103, 116, 104, 41, 59, 13, 10, 32, 32, 32, 32, 32, 32, 32, 32, 125, 13, 10, 32, 32, 32, 32, 125, 59, 13, 10, 125, 41, 59, 13, 10, 47, 47, 35, 32, 115, 111, 117, 114, 99, 101, 77, 97, 112, 112, 105, 110, 103, 85, 82, 76, 61, 98, 117, 110, 100, 108, 101, 46, 106, 115, 46, 109, 97, 112]

thread 'decorator_binding_forms_match_complete_typescript_observations' (18083586) panicked at crates/compiler/tests/integration/h2_7b_w4a_controls.rs:465:9:
assertion `left == right` failed: decorator-binding/lifecycle/esnext/define/bundle-default-two-files: callback bytes for /project/out/bundle.js
  left: [83, 121, 115, 116, 101, 109, 46, 114, 101, 103, 105, 115, 116, 101, 114, 40, 34, 109, 97, 105, 110, 34, 44, 32, 91, 93, 44, 32, 102, 117, 110, 99, 116, 105, 111, 110, 32, 40, 101, 120, 112, 111, 114, 116, 115, 95, 49, 44, 32, 99, 111, 110, 116, 101, 120, 116, 95, 49, 41, 32, 123, 13, 10, 32, 32, 32, 32, 34, 117, 115, 101, 32, 115, 116, 114, 105, 99, 116, 34, 59, 13, 10, 32, 32, 32, 32, 118, 97, 114, 32, 101, 118, 101, 110, 116, 115, 44, 32, 110, 115, 44, 32, 107, 101, 121, 115, 44, 32, 100, 101, 102, 97, 117, 108, 116, 95, 49, 44, 32, 116, 97, 105, 108, 59, 13, 10, 32, 32, 32, 32, 118, 97, 114, 32, 95, 95, 109, 111, 100, 117, 108, 101, 78, 97, 109, 101, 32, 61, 32, 99, 111, 110, 116, 101, 120, 116, 95, 49, 32, 38, 38, 32, 99, 111, 110, 116, 101, 120, 116, 95, 49, 46, 105, 100, 59, 13, 10, 32, 32, 32, 32, 102, 117, 110, 99, 116, 105, 111, 110, 32, 100, 101, 99, 40, 118, 97, 108, 117, 101, 44, 32, 99, 111, 110, 116, 101, 120, 116, 41, 32, 123, 32, 101, 118, 101, 110, 116, 115, 46, 112, 117, 115, 104, 40, 91, 34, 100, 101, 99, 34, 44, 32, 83, 116, 114, 105, 110, 103, 40, 99, 111, 110, 116, 101, 120, 116, 46, 110, 97, 109, 101, 41, 93, 41, 59, 32, 114, 101, 116, 117, 114, 110, 32, 118, 97, 108, 117, 101, 59, 32, 125, 13, 10, 32, 32, 32, 32, 102, 117, 110, 99, 116, 105, 111, 110, 32, 107, 101, 121, 40, 41, 32, 123, 32, 101, 118, 101, 110, 116, 115, 46, 112, 117, 115, 104, 40, 34, 107, 101, 121, 34, 41, 59, 32, 114, 101, 116, 117, 114, 110, 32, 34, 120, 34, 59, 32, 125, 13, 10, 32, 32, 32, 32, 102, 117, 110, 99, 116, 105, 111, 110, 32, 107, 101, 121, 50, 40, 41, 32, 123, 32, 101, 118, 101, 110, 116, 115, 46, 112, 117, 115, 104, 40, 34, 107, 101, 121, 50, 34, 41, 59, 32, 114, 101, 116, 117, 114, 110, 32, 34, 121, 34, 59, 32, 125, 13, 10, 32, 32, 32, 32, 102, 117, 110, 99, 116, 105, 111, 110, 32, 114, 101, 99, 111, 114, 100, 40, 118, 97, 108, 117, 101, 41, 32, 123, 32, 101, 118, 101, 110, 116, 115, 46, 112, 117, 115, 104, 40, 118, 97, 108, 117, 101, 41, 59, 32, 125, 13, 10, 32, 32, 32, 32, 114, 101, 116, 117, 114, 110, 32, 123, 13, 10, 32, 32, 32, 32, 32, 32, 32, 32, 115, 101, 116, 116, 101, 114, 115, 58, 32, 91, 93, 44, 13, 10, 32, 32, 32, 32, 32, 32, 32, 32, 101, 120, 101, 99, 117, 116, 101, 58, 32, 102, 117, 110, 99, 116, 105, 111, 110, 32, 40, 41, 32, 123, 13, 10, 32, 32, 32, 32, 32, 32, 32, 32, 32, 32, 32, 32, 101, 118, 101, 110, 116, 115, 32, 61, 32, 91, 93, 59, 13, 10, 32, 32, 32, 32, 32, 32, 32, 32, 32, 32, 32, 32, 110, 115, 32, 61, 32, 123, 32, 100, 101, 99, 32, 125, 59, 13, 10, 32, 32, 32, 32, 32, 32, 32, 32, 32, 32, 32, 32, 107, 101, 121, 115, 32, 61, 32, 123, 32, 103, 101, 116, 32, 120, 40, 41, 32, 123, 32, 101, 118, 101, 110, 116, 115, 46, 112, 117, 115, 104, 40, 34, 107, 101, 121, 34, 41, 59, 32, 114, 101, 116, 117, 114, 110, 32, 34, 120, 34, 59, 32, 125, 44, 32, 103, 101, 116, 32, 121, 40, 41, 32, 123, 32, 101, 118, 101, 110, 116, 115, 46, 112, 117, 115, 104, 40, 34, 107, 101, 121, 50, 34, 41, 59, 32, 114, 101, 116, 117, 114, 110, 32, 34, 121, 34, 59, 32, 125, 32, 125, 59, 13, 10, 32, 32, 32, 32, 32, 32, 32, 32, 32, 32, 32, 32, 100, 101, 102, 97, 117, 108, 116, 95, 49, 32, 61, 32, 13, 10, 32, 32, 32, 32, 32, 32, 32, 32, 32, 32, 32, 32, 64, 100, 101, 99, 13, 10, 32, 32, 32, 32, 32, 32, 32, 32, 32, 32, 32, 32, 99, 108, 97, 115, 115, 32, 100, 101, 102, 97, 117, 108, 116, 95, 49, 32, 123, 13, 10, 32, 32, 32, 32, 32, 32, 32, 32, 32, 32, 32, 32, 32, 32, 32, 32, 64, 100, 101, 99, 13, 10, 32, 32, 32, 32, 32, 32, 32, 32, 32, 32, 32, 32, 32, 32, 32, 32, 115, 116, 97, 116, 105, 99, 32, 109, 40, 41, 32, 123, 32, 125, 13, 10, 32, 32, 32, 32, 32, 32, 32, 32, 32, 32, 32, 32, 125, 59, 13, 10, 32, 32, 32, 32, 32, 32, 32, 32, 32, 32, 32, 32, 101, 120, 112, 111, 114, 116, 115, 95, 49, 40, 34, 100, 101, 102, 97, 117, 108, 116, 34, 44, 32, 100, 101, 102, 97, 117, 108, 116, 95, 49, 41, 59, 13, 10, 32, 32, 32, 32, 32, 32, 32, 32, 32, 32, 32, 32, 101, 120, 112, 111, 114, 116, 115, 95, 49, 40, 34, 116, 97, 105, 108, 34, 44, 32, 116, 97, 105, 108, 32, 61, 32, 101, 118, 101, 110, 116, 115, 46, 108, 101, 110, 103, 116, 104, 41, 59, 13, 10, 32, 32, 32, 32, 32, 32, 32, 32, 125, 13, 10, 32, 32, 32, 32, 125, 59, 13, 10, 125, 41, 59, 13, 10, 83, 121, 115, 116, 101, 109, 46, 114, 101, 103, 105, 115, 116, 101, 114, 40, 34, 115, 101, 99, 111, 110, 100, 34, 44, 32, 91, 93, 44, 32, 102, 117, 110, 99, 116, 105, 111, 110, 32, 40, 101, 120, 112, 111, 114, 116, 115, 95, 50, 44, 32, 99, 111, 110, 116, 101, 120, 116, 95, 50, 41, 32, 123, 13, 10, 32, 32, 32, 32, 34, 117, 115, 101, 32, 115, 116, 114, 105, 99, 116, 34, 59, 13, 10, 32, 32, 32, 32, 118, 97, 114, 32, 101, 118, 101, 110, 116, 115, 44, 32, 110, 115, 44, 32, 107, 101, 121, 115, 44, 32, 100, 101, 102, 97, 117, 108, 116, 95, 49, 44, 32, 116, 97, 105, 108, 59, 13, 10, 32, 32, 32, 32, 118, 97, 114, 32, 95, 95, 109, 111, 100, 117, 108, 101, 78, 97, 109, 101, 32, 61, 32, 99, 111, 110, 116, 101, 120, 116, 95, 50, 32, 38, 38, 32, 99, 111, 110, 116, 101, 120, 116, 95, 50, 46, 105, 100, 59, 13, 10, 32, 32, 32, 32, 102, 117, 110, 99, 116, 105, 111, 110, 32, 100, 101, 99, 40, 118, 97, 108, 117, 101, 44, 32, 99, 111, 110, 116, 101, 120, 116, 41, 32, 123, 32, 101, 118, 101, 110, 116, 115, 46, 112, 117, 115, 104, 40, 91, 34, 100, 101, 99, 34, 44, 32, 83, 116, 114, 105, 110, 103, 40, 99, 111, 110, 116, 101, 120, 116, 46, 110, 97, 109, 101, 41, 93, 41, 59, 32, 114, 101, 116, 117, 114, 110, 32, 118, 97, 108, 117, 101, 59, 32, 125, 13, 10, 32, 32, 32, 32, 102, 117, 110, 99, 116, 105, 111, 110, 32, 107, 101, 121, 40, 41, 32, 123, 32, 101, 118, 101, 110, 116, 115, 46, 112, 117, 115, 104, 40, 34, 107, 101, 121, 34, 41, 59, 32, 114, 101, 116, 117, 114, 110, 32, 34, 120, 34, 59, 32, 125, 13, 10, 32, 32, 32, 32, 102, 117, 110, 99, 116, 105, 111, 110, 32, 107, 101, 121, 50, 40, 41, 32, 123, 32, 101, 118, 101, 110, 116, 115, 46, 112, 117, 115, 104, 40, 34, 107, 101, 121, 50, 34, 41, 59, 32, 114, 101, 116, 117, 114, 110, 32, 34, 121, 34, 59, 32, 125, 13, 10, 32, 32, 32, 32, 102, 117, 110, 99, 116, 105, 111, 110, 32, 114, 101, 99, 111, 114, 100, 40, 118, 97, 108, 117, 101, 41, 32, 123, 32, 101, 118, 101, 110, 116, 115, 46, 112, 117, 115, 104, 40, 118, 97, 108, 117, 101, 41, 59, 32, 125, 13, 10, 32, 32, 32, 32, 114, 101, 116, 117, 114, 110, 32, 123, 13, 10, 32, 32, 32, 32, 32, 32, 32, 32, 115, 101, 116, 116, 101, 114, 115, 58, 32, 91, 93, 44, 13, 10, 32, 32, 32, 32, 32, 32, 32, 32, 101, 120, 101, 99, 117, 116, 101, 58, 32, 102, 117, 110, 99, 116, 105, 111, 110, 32, 40, 41, 32, 123, 13, 10, 32, 32, 32, 32, 32, 32, 32, 32, 32, 32, 32, 32, 101, 118, 101, 110, 116, 115, 32, 61, 32, 91, 93, 59, 13, 10, 32, 32, 32, 32, 32, 32, 32, 32, 32, 32, 32, 32, 110, 115, 32, 61, 32, 123, 32, 100, 101, 99, 32, 125, 59, 13, 10, 32, 32, 32, 32, 32, 32, 32, 32, 32, 32, 32, 32, 107, 101, 121, 115, 32, 61, 32, 123, 32, 103, 101, 116, 32, 120, 40, 41, 32, 123, 32, 101, 118, 101, 110, 116, 115, 46, 112, 117, 115, 104, 40, 34, 107, 101, 121, 34, 41, 59, 32, 114, 101, 116, 117, 114, 110, 32, 34, 120, 34, 59, 32, 125, 44, 32, 103, 101, 116, 32, 121, 40, 41, 32, 123, 32, 101, 118, 101, 110, 116, 115, 46, 112, 117, 115, 104, 40, 34, 107, 101, 121, 50, 34, 41, 59, 32, 114, 101, 116, 117, 114, 110, 32, 34, 121, 34, 59, 32, 125, 32, 125, 59, 13, 10, 32, 32, 32, 32, 32, 32, 32, 32, 32, 32, 32, 32, 100, 101, 102, 97, 117, 108, 116, 95, 49, 32, 61, 32, 13, 10, 32, 32, 32, 32, 32, 32, 32, 32, 32, 32, 32, 32, 64, 100, 101, 99, 13, 10, 32, 32, 32, 32, 32, 32, 32, 32, 32, 32, 32, 32, 99, 108, 97, 115, 115, 32, 100, 101, 102, 97, 117, 108, 116, 95, 49, 32, 123, 13, 10, 32, 32, 32, 32, 32, 32, 32, 32, 32, 32, 32, 32, 32, 32, 32, 32, 64, 100, 101, 99, 13, 10, 32, 32, 32, 32, 32, 32, 32, 32, 32, 32, 32, 32, 32, 32, 32, 32, 115, 116, 97, 116, 105, 99, 32, 109, 40, 41, 32, 123, 32, 125, 13, 10, 32, 32, 32, 32, 32, 32, 32, 32, 32, 32, 32, 32, 125, 59, 13, 10, 32, 32, 32, 32, 32, 32, 32, 32, 32, 32, 32, 32, 101, 120, 112, 111, 114, 116, 115, 95, 50, 40, 34, 100, 101, 102, 97, 117, 108, 116, 34, 44, 32, 100, 101, 102, 97, 117, 108, 116, 95, 49, 41, 59, 13, 10, 32, 32, 32, 32, 32, 32, 32, 32, 32, 32, 32, 32, 101, 120, 112, 111, 114, 116, 115, 95, 50, 40, 34, 116, 97, 105, 108, 34, 44, 32, 116, 97, 105, 108, 32, 61, 32, 101, 118, 101, 110, 116, 115, 46, 108, 101, 110, 103, 116, 104, 41, 59, 13, 10, 32, 32, 32, 32, 32, 32, 32, 32, 125, 13, 10, 32, 32, 32, 32, 125, 59, 13, 10, 125, 41, 59, 13, 10, 47, 47, 35, 32, 115, 111, 117, 114, 99, 101, 77, 97, 112, 112, 105, 110, 103, 85, 82, 76, 61, 98, 117, 110, 100, 108, 101, 46, 106, 115, 46, 109, 97, 112]
 right: [83, 121, 115, 116, 101, 109, 46, 114, 101, 103, 105, 115, 116, 101, 114, 40, 34, 109, 97, 105, 110, 34, 44, 32, 91, 93, 44, 32, 102, 117, 110, 99, 116, 105, 111, 110, 32, 40, 101, 120, 112, 111, 114, 116, 115, 95, 49, 44, 32, 99, 111, 110, 116, 101, 120, 116, 95, 49, 41, 32, 123, 13, 10, 32, 32, 32, 32, 34, 117, 115, 101, 32, 115, 116, 114, 105, 99, 116, 34, 59, 13, 10, 32, 32, 32, 32, 118, 97, 114, 32, 101, 118, 101, 110, 116, 115, 44, 32, 110, 115, 44, 32, 107, 101, 121, 115, 44, 32, 100, 101, 102, 97, 117, 108, 116, 95, 49, 44, 32, 116, 97, 105, 108, 59, 13, 10, 32, 32, 32, 32, 118, 97, 114, 32, 95, 95, 109, 111, 100, 117, 108, 101, 78, 97, 109, 101, 32, 61, 32, 99, 111, 110, 116, 101, 120, 116, 95, 49, 32, 38, 38, 32, 99, 111, 110, 116, 101, 120, 116, 95, 49, 46, 105, 100, 59, 13, 10, 32, 32, 32, 32, 102, 117, 110, 99, 116, 105, 111, 110, 32, 100, 101, 99, 40, 118, 97, 108, 117, 101, 44, 32, 99, 111, 110, 116, 101, 120, 116, 41, 32, 123, 32, 101, 118, 101, 110, 116, 115, 46, 112, 117, 115, 104, 40, 91, 34, 100, 101, 99, 34, 44, 32, 83, 116, 114, 105, 110, 103, 40, 99, 111, 110, 116, 101, 120, 116, 46, 110, 97, 109, 101, 41, 93, 41, 59, 32, 114, 101, 116, 117, 114, 110, 32, 118, 97, 108, 117, 101, 59, 32, 125, 13, 10, 32, 32, 32, 32, 102, 117, 110, 99, 116, 105, 111, 110, 32, 107, 101, 121, 40, 41, 32, 123, 32, 101, 118, 101, 110, 116, 115, 46, 112, 117, 115, 104, 40, 34, 107, 101, 121, 34, 41, 59, 32, 114, 101, 116, 117, 114, 110, 32, 34, 120, 34, 59, 32, 125, 13, 10, 32, 32, 32, 32, 102, 117, 110, 99, 116, 105, 111, 110, 32, 107, 101, 121, 50, 40, 41, 32, 123, 32, 101, 118, 101, 110, 116, 115, 46, 112, 117, 115, 104, 40, 34, 107, 101, 121, 50, 34, 41, 59, 32, 114, 101, 116, 117, 114, 110, 32, 34, 121, 34, 59, 32, 125, 13, 10, 32, 32, 32, 32, 102, 117, 110, 99, 116, 105, 111, 110, 32, 114, 101, 99, 111, 114, 100, 40, 118, 97, 108, 117, 101, 41, 32, 123, 32, 101, 118, 101, 110, 116, 115, 46, 112, 117, 115, 104, 40, 118, 97, 108, 117, 101, 41, 59, 32, 125, 13, 10, 32, 32, 32, 32, 114, 101, 116, 117, 114, 110, 32, 123, 13, 10, 32, 32, 32, 32, 32, 32, 32, 32, 115, 101, 116, 116, 101, 114, 115, 58, 32, 91, 93, 44, 13, 10, 32, 32, 32, 32, 32, 32, 32, 32, 101, 120, 101, 99, 117, 116, 101, 58, 32, 102, 117, 110, 99, 116, 105, 111, 110, 32, 40, 41, 32, 123, 13, 10, 32, 32, 32, 32, 32, 32, 32, 32, 32, 32, 32, 32, 101, 118, 101, 110, 116, 115, 32, 61, 32, 91, 93, 59, 13, 10, 32, 32, 32, 32, 32, 32, 32, 32, 32, 32, 32, 32, 110, 115, 32, 61, 32, 123, 32, 100, 101, 99, 32, 125, 59, 13, 10, 32, 32, 32, 32, 32, 32, 32, 32, 32, 32, 32, 32, 107, 101, 121, 115, 32, 61, 32, 123, 32, 103, 101, 116, 32, 120, 40, 41, 32, 123, 32, 101, 118, 101, 110, 116, 115, 46, 112, 117, 115, 104, 40, 34, 107, 101, 121, 34, 41, 59, 32, 114, 101, 116, 117, 114, 110, 32, 34, 120, 34, 59, 32, 125, 44, 32, 103, 101, 116, 32, 121, 40, 41, 32, 123, 32, 101, 118, 101, 110, 116, 115, 46, 112, 117, 115, 104, 40, 34, 107, 101, 121, 50, 34, 41, 59, 32, 114, 101, 116, 117, 114, 110, 32, 34, 121, 34, 59, 32, 125, 32, 125, 59, 13, 10, 32, 32, 32, 32, 32, 32, 32, 32, 32, 32, 32, 32, 100, 101, 102, 97, 117, 108, 116, 95, 49, 32, 61, 32, 13, 10, 32, 32, 32, 32, 32, 32, 32, 32, 32, 32, 32, 32, 64, 100, 101, 99, 13, 10, 32, 32, 32, 32, 32, 32, 32, 32, 32, 32, 32, 32, 99, 108, 97, 115, 115, 32, 100, 101, 102, 97, 117, 108, 116, 95, 49, 32, 123, 13, 10, 32, 32, 32, 32, 32, 32, 32, 32, 32, 32, 32, 32, 32, 32, 32, 32, 64, 100, 101, 99, 13, 10, 32, 32, 32, 32, 32, 32, 32, 32, 32, 32, 32, 32, 32, 32, 32, 32, 115, 116, 97, 116, 105, 99, 32, 109, 40, 41, 32, 123, 32, 125, 13, 10, 32, 32, 32, 32, 32, 32, 32, 32, 32, 32, 32, 32, 125, 59, 13, 10, 32, 32, 32, 32, 32, 32, 32, 32, 32, 32, 32, 32, 101, 120, 112, 111, 114, 116, 115, 95, 49, 40, 34, 100, 101, 102, 97, 117, 108, 116, 34, 44, 32, 100, 101, 102, 97, 117, 108, 116, 95, 49, 41, 59, 13, 10, 32, 32, 32, 32, 32, 32, 32, 32, 32, 32, 32, 32, 101, 120, 112, 111, 114, 116, 115, 95, 49, 40, 34, 116, 97, 105, 108, 34, 44, 32, 116, 97, 105, 108, 32, 61, 32, 101, 118, 101, 110, 116, 115, 46, 108, 101, 110, 103, 116, 104, 41, 59, 13, 10, 32, 32, 32, 32, 32, 32, 32, 32, 125, 13, 10, 32, 32, 32, 32, 125, 59, 13, 10, 125, 41, 59, 13, 10, 83, 121, 115, 116, 101, 109, 46, 114, 101, 103, 105, 115, 116, 101, 114, 40, 34, 115, 101, 99, 111, 110, 100, 34, 44, 32, 91, 93, 44, 32, 102, 117, 110, 99, 116, 105, 111, 110, 32, 40, 101, 120, 112, 111, 114, 116, 115, 95, 50, 44, 32, 99, 111, 110, 116, 101, 120, 116, 95, 50, 41, 32, 123, 13, 10, 32, 32, 32, 32, 34, 117, 115, 101, 32, 115, 116, 114, 105, 99, 116, 34, 59, 13, 10, 32, 32, 32, 32, 118, 97, 114, 32, 101, 118, 101, 110, 116, 115, 44, 32, 110, 115, 44, 32, 107, 101, 121, 115, 44, 32, 100, 101, 102, 97, 117, 108, 116, 95, 50, 44, 32, 116, 97, 105, 108, 59, 13, 10, 32, 32, 32, 32, 118, 97, 114, 32, 95, 95, 109, 111, 100, 117, 108, 101, 78, 97, 109, 101, 32, 61, 32, 99, 111, 110, 116, 101, 120, 116, 95, 50, 32, 38, 38, 32, 99, 111, 110, 116, 101, 120, 116, 95, 50, 46, 105, 100, 59, 13, 10, 32, 32, 32, 32, 102, 117, 110, 99, 116, 105, 111, 110, 32, 100, 101, 99, 40, 118, 97, 108, 117, 101, 44, 32, 99, 111, 110, 116, 101, 120, 116, 41, 32, 123, 32, 101, 118, 101, 110, 116, 115, 46, 112, 117, 115, 104, 40, 91, 34, 100, 101, 99, 34, 44, 32, 83, 116, 114, 105, 110, 103, 40, 99, 111, 110, 116, 101, 120, 116, 46, 110, 97, 109, 101, 41, 93, 41, 59, 32, 114, 101, 116, 117, 114, 110, 32, 118, 97, 108, 117, 101, 59, 32, 125, 13, 10, 32, 32, 32, 32, 102, 117, 110, 99, 116, 105, 111, 110, 32, 107, 101, 121, 40, 41, 32, 123, 32, 101, 118, 101, 110, 116, 115, 46, 112, 117, 115, 104, 40, 34, 107, 101, 121, 34, 41, 59, 32, 114, 101, 116, 117, 114, 110, 32, 34, 120, 34, 59, 32, 125, 13, 10, 32, 32, 32, 32, 102, 117, 110, 99, 116, 105, 111, 110, 32, 107, 101, 121, 50, 40, 41, 32, 123, 32, 101, 118, 101, 110, 116, 115, 46, 112, 117, 115, 104, 40, 34, 107, 101, 121, 50, 34, 41, 59, 32, 114, 101, 116, 117, 114, 110, 32, 34, 121, 34, 59, 32, 125, 13, 10, 32, 32, 32, 32, 102, 117, 110, 99, 116, 105, 111, 110, 32, 114, 101, 99, 111, 114, 100, 40, 118, 97, 108, 117, 101, 41, 32, 123, 32, 101, 118, 101, 110, 116, 115, 46, 112, 117, 115, 104, 40, 118, 97, 108, 117, 101, 41, 59, 32, 125, 13, 10, 32, 32, 32, 32, 114, 101, 116, 117, 114, 110, 32, 123, 13, 10, 32, 32, 32, 32, 32, 32, 32, 32, 115, 101, 116, 116, 101, 114, 115, 58, 32, 91, 93, 44, 13, 10, 32, 32, 32, 32, 32, 32, 32, 32, 101, 120, 101, 99, 117, 116, 101, 58, 32, 102, 117, 110, 99, 116, 105, 111, 110, 32, 40, 41, 32, 123, 13, 10, 32, 32, 32, 32, 32, 32, 32, 32, 32, 32, 32, 32, 101, 118, 101, 110, 116, 115, 32, 61, 32, 91, 93, 59, 13, 10, 32, 32, 32, 32, 32, 32, 32, 32, 32, 32, 32, 32, 110, 115, 32, 61, 32, 123, 32, 100, 101, 99, 32, 125, 59, 13, 10, 32, 32, 32, 32, 32, 32, 32, 32, 32, 32, 32, 32, 107, 101, 121, 115, 32, 61, 32, 123, 32, 103, 101, 116, 32, 120, 40, 41, 32, 123, 32, 101, 118, 101, 110, 116, 115, 46, 112, 117, 115, 104, 40, 34, 107, 101, 121, 34, 41, 59, 32, 114, 101, 116, 117, 114, 110, 32, 34, 120, 34, 59, 32, 125, 44, 32, 103, 101, 116, 32, 121, 40, 41, 32, 123, 32, 101, 118, 101, 110, 116, 115, 46, 112, 117, 115, 104, 40, 34, 107, 101, 121, 50, 34, 41, 59, 32, 114, 101, 116, 117, 114, 110, 32, 34, 121, 34, 59, 32, 125, 32, 125, 59, 13, 10, 32, 32, 32, 32, 32, 32, 32, 32, 32, 32, 32, 32, 100, 101, 102, 97, 117, 108, 116, 95, 50, 32, 61, 32, 13, 10, 32, 32, 32, 32, 32, 32, 32, 32, 32, 32, 32, 32, 64, 100, 101, 99, 13, 10, 32, 32, 32, 32, 32, 32, 32, 32, 32, 32, 32, 32, 99, 108, 97, 115, 115, 32, 100, 101, 102, 97, 117, 108, 116, 95, 50, 32, 123, 13, 10, 32, 32, 32, 32, 32, 32, 32, 32, 32, 32, 32, 32, 32, 32, 32, 32, 64, 100, 101, 99, 13, 10, 32, 32, 32, 32, 32, 32, 32, 32, 32, 32, 32, 32, 32, 32, 32, 32, 115, 116, 97, 116, 105, 99, 32, 109, 40, 41, 32, 123, 32, 125, 13, 10, 32, 32, 32, 32, 32, 32, 32, 32, 32, 32, 32, 32, 125, 59, 13, 10, 32, 32, 32, 32, 32, 32, 32, 32, 32, 32, 32, 32, 101, 120, 112, 111, 114, 116, 115, 95, 50, 40, 34, 100, 101, 102, 97, 117, 108, 116, 34, 44, 32, 100, 101, 102, 97, 117, 108, 116, 95, 50, 41, 59, 13, 10, 32, 32, 32, 32, 32, 32, 32, 32, 32, 32, 32, 32, 101, 120, 112, 111, 114, 116, 115, 95, 50, 40, 34, 116, 97, 105, 108, 34, 44, 32, 116, 97, 105, 108, 32, 61, 32, 101, 118, 101, 110, 116, 115, 46, 108, 101, 110, 103, 116, 104, 41, 59, 13, 10, 32, 32, 32, 32, 32, 32, 32, 32, 125, 13, 10, 32, 32, 32, 32, 125, 59, 13, 10, 125, 41, 59, 13, 10, 47, 47, 35, 32, 115, 111, 117, 114, 99, 101, 77, 97, 112, 112, 105, 110, 103, 85, 82, 76, 61, 98, 117, 110, 100, 108, 101, 46, 106, 115, 46, 109, 97, 112]
decorator binding REPEATED FAILURE decorator-binding/lifecycle/esnext/define/bundle-default-two-files

thread 'decorator_binding_forms_match_complete_typescript_observations' (18083586) panicked at crates/compiler/tests/integration/h2_7b_w4a_controls.rs:402:5:
assertion `left == right` failed: decorator-binding/lifecycle/esnext/define/bundle-file-level-then-scoped-across-files: exact source-map result
  left: Array [Object {"input_source_file_names": Array [String("/project/main.ts"), String("/project/second.ts")], "source_map_json": String("{\"version\":3,\"file\":\"bundle.js\",\"sourceRoot\":\"\",\"sources\":[\"../main.ts\",\"../second.ts\"],\"names\":[],\"mappings\":\";;;;IACA,SAAS,GAAG,CAAC,KAAU,EAAE,OAAY,IAAS,MAAM,CAAC,IAAI,CAAC,CAAC,KAAK,EAAE,MAAM,CAAC,OAAO,CAAC,IAAI,CAAC,CAAC,CAAC,CAAC,CAAC,OAAO,KAAK,CAAC,CAAC,CAAC;IACzG,SAAS,GAAG,KAAU,MAAM,CAAC,IAAI,CAAC,KAAK,CAAC,CAAC,CAAC,OAAO,GAAG,CAAC,CAAC,CAAC;IACvD,SAAS,IAAI,KAAU,MAAM,CAAC,IAAI,CAAC,MAAM,CAAC,CAAC,CAAC,OAAO,GAAG,CAAC,CAAC,CAAC;IACzD,SAAS,MAAM,CAAC,KAAc,IAAI,MAAM,CAAC,IAAI,CAAC,KAAK,CAAC,CAAC,CAAC,CAAC;;;;YAJjD,MAAM,GAAc,EAAE,CAAC;YAKvB,EAAE,GAAG,EAAE,GAAG,EAAE,CAAC;YACb,IAAI,GAAG,EAAE,IAAI,CAAC,KAAU,MAAM,CAAC,IAAI,CAAC,KAAK,CAAC,CAAC,CAAC,OAAO,GAAG,CAAC,CAAC,CAAC,EAAE,IAAI,CAAC,KAAU,MAAM,CAAC,IAAI,CAAC,MAAM,CAAC,CAAC,CAAC,OAAO,GAAG,CAAC,CAAC,CAAC,EAAE,CAAC;YACrH,IAAA;YAAA,CAAC,GAAG;kBACS,CAAE,SAAQ,MAAM;gBACzB,CAAC,GAAG;gBAAC,CAAC,GAAG,CAAC,CAAC;gBACX,MAAM,CAAC,CAAC,GAAG,CAAC,CAAC;;;YAEjB,MAAM,CAAC,CAAC,CAAC,IAAI,CAAC,CAAC;YACf,kBAAa,IAAI,GAAG,MAAM,CAAC,MAAM,EAAC;;;;;;;;ICZlC,SAAS,GAAG,CAAC,KAAU,EAAE,OAAY,IAAS,MAAM,CAAC,IAAI,CAAC,CAAC,KAAK,EAAE,MAAM,CAAC,OAAO,CAAC,IAAI,CAAC,CAAC,CAAC,CAAC,CAAC,OAAO,KAAK,CAAC,CAAC,CAAC;IACzG,SAAS,GAAG,KAAU,MAAM,CAAC,IAAI,CAAC,KAAK,CAAC,CAAC,CAAC,OAAO,GAAG,CAAC,CAAC,CAAC;IACvD,SAAS,IAAI,KAAU,MAAM,CAAC,IAAI,CAAC,MAAM,CAAC,CAAC,CAAC,OAAO,GAAG,CAAC,CAAC,CAAC;IACzD,SAAS,MAAM,CAAC,KAAc,IAAI,MAAM,CAAC,IAAI,CAAC,KAAK,CAAC,CAAC,CAAC,CAAC;;;;YAJjD,MAAM,GAAc,EAAE,CAAC;YAKvB,EAAE,GAAG,EAAE,GAAG,EAAE,CAAC;YACb,IAAI,GAAG,EAAE,IAAI,CAAC,KAAU,MAAM,CAAC,IAAI,CAAC,KAAK,CAAC,CAAC,CAAC,OAAO,GAAG,CAAC,CAAC,CAAC,EAAE,IAAI,CAAC,KAAU,MAAM,CAAC,IAAI,CAAC,MAAM,CAAC,CAAC,CAAC,OAAO,GAAG,CAAC,CAAC,CAAC,EAAE,CAAC;YACrH,IAAA;YAAA,CAAC,GAAG;kBACS,CAAE,SAAQ,MAAM;gBACzB,CAAC,GAAG;gBAAC,CAAC,GAAG,CAAC,CAAC;gBACX,MAAM,CAAC,EAAE,GAAG,CAAC,CAAC;gBACd,MAAM,CAAC,KAAK,KAAK,OAAO,CAAC,CAAC,EAAE,CAAC,CAAC,CAAC;;;YAEnC,MAAM,CAAC,CAAC,CAAC,IAAI,CAAC,CAAC;YACf,kBAAa,IAAI,GAAG,MAAM,CAAC,MAAM,EAAC\"}")}, Object {"input_source_file_names": Array [String("/project/main.ts"), String("/project/second.ts")], "source_map_json": String("{\"version\":3,\"file\":\"bundle.d.ts\",\"sourceRoot\":\"\",\"sources\":[\"../main.ts\",\"../second.ts\"],\"names\":[],\"mappings\":\";IAQA,MAAM,OAAO,CAAE,SAAQ,MAAM;QACpB,CAAC,SAAK;QACX,MAAM,CAAC,CAAC,SAAK;;IAGjB,MAAM,CAAC,MAAM,IAAI,QAAgB,CAAC;;;ICLlC,MAAM,OAAO,CAAE,SAAQ,MAAM;;QACpB,CAAC,SAAK;QAEX,MAAM,CAAC,KAAK;;IAGhB,MAAM,CAAC,MAAM,IAAI,QAAgB,CAAC\"}")}]
 right: Array [Object {"input_source_file_names": Array [String("/project/main.ts"), String("/project/second.ts")], "source_map_json": String("{\"version\":3,\"file\":\"bundle.js\",\"sourceRoot\":\"\",\"sources\":[\"../main.ts\",\"../second.ts\"],\"names\":[],\"mappings\":\";;;;IACA,SAAS,GAAG,CAAC,KAAU,EAAE,OAAY,IAAS,MAAM,CAAC,IAAI,CAAC,CAAC,KAAK,EAAE,MAAM,CAAC,OAAO,CAAC,IAAI,CAAC,CAAC,CAAC,CAAC,CAAC,OAAO,KAAK,CAAC,CAAC,CAAC;IACzG,SAAS,GAAG,KAAU,MAAM,CAAC,IAAI,CAAC,KAAK,CAAC,CAAC,CAAC,OAAO,GAAG,CAAC,CAAC,CAAC;IACvD,SAAS,IAAI,KAAU,MAAM,CAAC,IAAI,CAAC,MAAM,CAAC,CAAC,CAAC,OAAO,GAAG,CAAC,CAAC,CAAC;IACzD,SAAS,MAAM,CAAC,KAAc,IAAI,MAAM,CAAC,IAAI,CAAC,KAAK,CAAC,CAAC,CAAC,CAAC;;;;YAJjD,MAAM,GAAc,EAAE,CAAC;YAKvB,EAAE,GAAG,EAAE,GAAG,EAAE,CAAC;YACb,IAAI,GAAG,EAAE,IAAI,CAAC,KAAU,MAAM,CAAC,IAAI,CAAC,KAAK,CAAC,CAAC,CAAC,OAAO,GAAG,CAAC,CAAC,CAAC,EAAE,IAAI,CAAC,KAAU,MAAM,CAAC,IAAI,CAAC,MAAM,CAAC,CAAC,CAAC,OAAO,GAAG,CAAC,CAAC,CAAC,EAAE,CAAC;YACrH,IAAA;YAAA,CAAC,GAAG;kBACS,CAAE,SAAQ,MAAM;gBACzB,CAAC,GAAG;gBAAC,CAAC,GAAG,CAAC,CAAC;gBACX,MAAM,CAAC,CAAC,GAAG,CAAC,CAAC;aAChB,CAAA;;YACD,MAAM,CAAC,CAAC,CAAC,IAAI,CAAC,CAAC;YACf,kBAAa,IAAI,GAAG,MAAM,CAAC,MAAM,EAAC;;;;;;;;ICZlC,SAAS,GAAG,CAAC,KAAU,EAAE,OAAY,IAAS,MAAM,CAAC,IAAI,CAAC,CAAC,KAAK,EAAE,MAAM,CAAC,OAAO,CAAC,IAAI,CAAC,CAAC,CAAC,CAAC,CAAC,OAAO,KAAK,CAAC,CAAC,CAAC;IACzG,SAAS,GAAG,KAAU,MAAM,CAAC,IAAI,CAAC,KAAK,CAAC,CAAC,CAAC,OAAO,GAAG,CAAC,CAAC,CAAC;IACvD,SAAS,IAAI,KAAU,MAAM,CAAC,IAAI,CAAC,MAAM,CAAC,CAAC,CAAC,OAAO,GAAG,CAAC,CAAC,CAAC;IACzD,SAAS,MAAM,CAAC,KAAc,IAAI,MAAM,CAAC,IAAI,CAAC,KAAK,CAAC,CAAC,CAAC,CAAC;;;;YAJjD,MAAM,GAAc,EAAE,CAAC;YAKvB,EAAE,GAAG,EAAE,GAAG,EAAE,CAAC;YACb,IAAI,GAAG,EAAE,IAAI,CAAC,KAAU,MAAM,CAAC,IAAI,CAAC,KAAK,CAAC,CAAC,CAAC,OAAO,GAAG,CAAC,CAAC,CAAC,EAAE,IAAI,CAAC,KAAU,MAAM,CAAC,IAAI,CAAC,MAAM,CAAC,CAAC,CAAC,OAAO,GAAG,CAAC,CAAC,CAAC,EAAE,CAAC;YACrH,IAAA;YAAA,CAAC,GAAG;kBACS,CAAE,SAAQ,MAAM;gBACzB,CAAC,GAAG;gBAAC,CAAC,GAAG,CAAC,CAAC;gBACX,MAAM,CAAC,EAAE,GAAG,CAAC,CAAC;gBACd,MAAM,CAAC,KAAK,KAAK,OAAO,CAAC,CAAC,EAAE,CAAC,CAAC,CAAC;aAClC,CAAA;;YACD,MAAM,CAAC,CAAC,CAAC,IAAI,CAAC,CAAC;YACf,kBAAa,IAAI,GAAG,MAAM,CAAC,MAAM,EAAC\"}")}, Object {"input_source_file_names": Array [String("/project/main.ts"), String("/project/second.ts")], "source_map_json": String("{\"version\":3,\"file\":\"bundle.d.ts\",\"sourceRoot\":\"\",\"sources\":[\"../main.ts\",\"../second.ts\"],\"names\":[],\"mappings\":\";IAQA,MAAM,OAAO,CAAE,SAAQ,MAAM;QACpB,CAAC,SAAK;QACX,MAAM,CAAC,CAAC,SAAK;;IAGjB,MAAM,CAAC,MAAM,IAAI,QAAgB,CAAC;;;ICLlC,MAAM,OAAO,CAAE,SAAQ,MAAM;;QACpB,CAAC,SAAK;QAEX,MAAM,CAAC,KAAK;;IAGhB,MAAM,CAAC,MAAM,IAAI,QAAgB,CAAC\"}")}]

thread 'decorator_binding_forms_match_complete_typescript_observations' (18083586) panicked at crates/compiler/tests/integration/h2_7b_w4a_controls.rs:402:5:
assertion `left == right` failed: decorator-binding/lifecycle/esnext/define/bundle-file-level-then-scoped-across-files: exact source-map result
  left: Array [Object {"input_source_file_names": Array [String("/project/main.ts"), String("/project/second.ts")], "source_map_json": String("{\"version\":3,\"file\":\"bundle.js\",\"sourceRoot\":\"\",\"sources\":[\"../main.ts\",\"../second.ts\"],\"names\":[],\"mappings\":\";;;;IACA,SAAS,GAAG,CAAC,KAAU,EAAE,OAAY,IAAS,MAAM,CAAC,IAAI,CAAC,CAAC,KAAK,EAAE,MAAM,CAAC,OAAO,CAAC,IAAI,CAAC,CAAC,CAAC,CAAC,CAAC,OAAO,KAAK,CAAC,CAAC,CAAC;IACzG,SAAS,GAAG,KAAU,MAAM,CAAC,IAAI,CAAC,KAAK,CAAC,CAAC,CAAC,OAAO,GAAG,CAAC,CAAC,CAAC;IACvD,SAAS,IAAI,KAAU,MAAM,CAAC,IAAI,CAAC,MAAM,CAAC,CAAC,CAAC,OAAO,GAAG,CAAC,CAAC,CAAC;IACzD,SAAS,MAAM,CAAC,KAAc,IAAI,MAAM,CAAC,IAAI,CAAC,KAAK,CAAC,CAAC,CAAC,CAAC;;;;YAJjD,MAAM,GAAc,EAAE,CAAC;YAKvB,EAAE,GAAG,EAAE,GAAG,EAAE,CAAC;YACb,IAAI,GAAG,EAAE,IAAI,CAAC,KAAU,MAAM,CAAC,IAAI,CAAC,KAAK,CAAC,CAAC,CAAC,OAAO,GAAG,CAAC,CAAC,CAAC,EAAE,IAAI,CAAC,KAAU,MAAM,CAAC,IAAI,CAAC,MAAM,CAAC,CAAC,CAAC,OAAO,GAAG,CAAC,CAAC,CAAC,EAAE,CAAC;YACrH,IAAA;YAAA,CAAC,GAAG;kBACS,CAAE,SAAQ,MAAM;gBACzB,CAAC,GAAG;gBAAC,CAAC,GAAG,CAAC,CAAC;gBACX,MAAM,CAAC,CAAC,GAAG,CAAC,CAAC;;;YAEjB,MAAM,CAAC,CAAC,CAAC,IAAI,CAAC,CAAC;YACf,kBAAa,IAAI,GAAG,MAAM,CAAC,MAAM,EAAC;;;;;;;;ICZlC,SAAS,GAAG,CAAC,KAAU,EAAE,OAAY,IAAS,MAAM,CAAC,IAAI,CAAC,CAAC,KAAK,EAAE,MAAM,CAAC,OAAO,CAAC,IAAI,CAAC,CAAC,CAAC,CAAC,CAAC,OAAO,KAAK,CAAC,CAAC,CAAC;IACzG,SAAS,GAAG,KAAU,MAAM,CAAC,IAAI,CAAC,KAAK,CAAC,CAAC,CAAC,OAAO,GAAG,CAAC,CAAC,CAAC;IACvD,SAAS,IAAI,KAAU,MAAM,CAAC,IAAI,CAAC,MAAM,CAAC,CAAC,CAAC,OAAO,GAAG,CAAC,CAAC,CAAC;IACzD,SAAS,MAAM,CAAC,KAAc,IAAI,MAAM,CAAC,IAAI,CAAC,KAAK,CAAC,CAAC,CAAC,CAAC;;;;YAJjD,MAAM,GAAc,EAAE,CAAC;YAKvB,EAAE,GAAG,EAAE,GAAG,EAAE,CAAC;YACb,IAAI,GAAG,EAAE,IAAI,CAAC,KAAU,MAAM,CAAC,IAAI,CAAC,KAAK,CAAC,CAAC,CAAC,OAAO,GAAG,CAAC,CAAC,CAAC,EAAE,IAAI,CAAC,KAAU,MAAM,CAAC,IAAI,CAAC,MAAM,CAAC,CAAC,CAAC,OAAO,GAAG,CAAC,CAAC,CAAC,EAAE,CAAC;YACrH,IAAA;YAAA,CAAC,GAAG;kBACS,CAAE,SAAQ,MAAM;gBACzB,CAAC,GAAG;gBAAC,CAAC,GAAG,CAAC,CAAC;gBACX,MAAM,CAAC,EAAE,GAAG,CAAC,CAAC;gBACd,MAAM,CAAC,KAAK,KAAK,OAAO,CAAC,CAAC,EAAE,CAAC,CAAC,CAAC;;;YAEnC,MAAM,CAAC,CAAC,CAAC,IAAI,CAAC,CAAC;YACf,kBAAa,IAAI,GAAG,MAAM,CAAC,MAAM,EAAC\"}")}, Object {"input_source_file_names": Array [String("/project/main.ts"), String("/project/second.ts")], "source_map_json": String("{\"version\":3,\"file\":\"bundle.d.ts\",\"sourceRoot\":\"\",\"sources\":[\"../main.ts\",\"../second.ts\"],\"names\":[],\"mappings\":\";IAQA,MAAM,OAAO,CAAE,SAAQ,MAAM;QACpB,CAAC,SAAK;QACX,MAAM,CAAC,CAAC,SAAK;;IAGjB,MAAM,CAAC,MAAM,IAAI,QAAgB,CAAC;;;ICLlC,MAAM,OAAO,CAAE,SAAQ,MAAM;;QACpB,CAAC,SAAK;QAEX,MAAM,CAAC,KAAK;;IAGhB,MAAM,CAAC,MAAM,IAAI,QAAgB,CAAC\"}")}]
 right: Array [Object {"input_source_file_names": Array [String("/project/main.ts"), String("/project/second.ts")], "source_map_json": String("{\"version\":3,\"file\":\"bundle.js\",\"sourceRoot\":\"\",\"sources\":[\"../main.ts\",\"../second.ts\"],\"names\":[],\"mappings\":\";;;;IACA,SAAS,GAAG,CAAC,KAAU,EAAE,OAAY,IAAS,MAAM,CAAC,IAAI,CAAC,CAAC,KAAK,EAAE,MAAM,CAAC,OAAO,CAAC,IAAI,CAAC,CAAC,CAAC,CAAC,CAAC,OAAO,KAAK,CAAC,CAAC,CAAC;IACzG,SAAS,GAAG,KAAU,MAAM,CAAC,IAAI,CAAC,KAAK,CAAC,CAAC,CAAC,OAAO,GAAG,CAAC,CAAC,CAAC;IACvD,SAAS,IAAI,KAAU,MAAM,CAAC,IAAI,CAAC,MAAM,CAAC,CAAC,CAAC,OAAO,GAAG,CAAC,CAAC,CAAC;IACzD,SAAS,MAAM,CAAC,KAAc,IAAI,MAAM,CAAC,IAAI,CAAC,KAAK,CAAC,CAAC,CAAC,CAAC;;;;YAJjD,MAAM,GAAc,EAAE,CAAC;YAKvB,EAAE,GAAG,EAAE,GAAG,EAAE,CAAC;YACb,IAAI,GAAG,EAAE,IAAI,CAAC,KAAU,MAAM,CAAC,IAAI,CAAC,KAAK,CAAC,CAAC,CAAC,OAAO,GAAG,CAAC,CAAC,CAAC,EAAE,IAAI,CAAC,KAAU,MAAM,CAAC,IAAI,CAAC,MAAM,CAAC,CAAC,CAAC,OAAO,GAAG,CAAC,CAAC,CAAC,EAAE,CAAC;YACrH,IAAA;YAAA,CAAC,GAAG;kBACS,CAAE,SAAQ,MAAM;gBACzB,CAAC,GAAG;gBAAC,CAAC,GAAG,CAAC,CAAC;gBACX,MAAM,CAAC,CAAC,GAAG,CAAC,CAAC;aAChB,CAAA;;YACD,MAAM,CAAC,CAAC,CAAC,IAAI,CAAC,CAAC;YACf,kBAAa,IAAI,GAAG,MAAM,CAAC,MAAM,EAAC;;;;;;;;ICZlC,SAAS,GAAG,CAAC,KAAU,EAAE,OAAY,IAAS,MAAM,CAAC,IAAI,CAAC,CAAC,KAAK,EAAE,MAAM,CAAC,OAAO,CAAC,IAAI,CAAC,CAAC,CAAC,CAAC,CAAC,OAAO,KAAK,CAAC,CAAC,CAAC;IACzG,SAAS,GAAG,KAAU,MAAM,CAAC,IAAI,CAAC,KAAK,CAAC,CAAC,CAAC,OAAO,GAAG,CAAC,CAAC,CAAC;IACvD,SAAS,IAAI,KAAU,MAAM,CAAC,IAAI,CAAC,MAAM,CAAC,CAAC,CAAC,OAAO,GAAG,CAAC,CAAC,CAAC;IACzD,SAAS,MAAM,CAAC,KAAc,IAAI,MAAM,CAAC,IAAI,CAAC,KAAK,CAAC,CAAC,CAAC,CAAC;;;;YAJjD,MAAM,GAAc,EAAE,CAAC;YAKvB,EAAE,GAAG,EAAE,GAAG,EAAE,CAAC;YACb,IAAI,GAAG,EAAE,IAAI,CAAC,KAAU,MAAM,CAAC,IAAI,CAAC,KAAK,CAAC,CAAC,CAAC,OAAO,GAAG,CAAC,CAAC,CAAC,EAAE,IAAI,CAAC,KAAU,MAAM,CAAC,IAAI,CAAC,MAAM,CAAC,CAAC,CAAC,OAAO,GAAG,CAAC,CAAC,CAAC,EAAE,CAAC;YACrH,IAAA;YAAA,CAAC,GAAG;kBACS,CAAE,SAAQ,MAAM;gBACzB,CAAC,GAAG;gBAAC,CAAC,GAAG,CAAC,CAAC;gBACX,MAAM,CAAC,EAAE,GAAG,CAAC,CAAC;gBACd,MAAM,CAAC,KAAK,KAAK,OAAO,CAAC,CAAC,EAAE,CAAC,CAAC,CAAC;aAClC,CAAA;;YACD,MAAM,CAAC,CAAC,CAAC,IAAI,CAAC,CAAC;YACf,kBAAa,IAAI,GAAG,MAAM,CAAC,MAAM,EAAC\"}")}, Object {"input_source_file_names": Array [String("/project/main.ts"), String("/project/second.ts")], "source_map_json": String("{\"version\":3,\"file\":\"bundle.d.ts\",\"sourceRoot\":\"\",\"sources\":[\"../main.ts\",\"../second.ts\"],\"names\":[],\"mappings\":\";IAQA,MAAM,OAAO,CAAE,SAAQ,MAAM;QACpB,CAAC,SAAK;QACX,MAAM,CAAC,CAAC,SAAK;;IAGjB,MAAM,CAAC,MAAM,IAAI,QAAgB,CAAC;;;ICLlC,MAAM,OAAO,CAAE,SAAQ,MAAM;;QACpB,CAAC,SAAK;QAEX,MAAM,CAAC,KAAK;;IAGhB,MAAM,CAAC,MAAM,IAAI,QAAgB,CAAC\"}")}]
decorator binding REPEATED FAILURE decorator-binding/lifecycle/esnext/define/bundle-file-level-then-scoped-across-files
decorator binding EXACT x2 decorator-binding/lifecycle/esnext/define/bundle-parse-census-per-file
decorator binding EXACT x2 decorator-binding/lifecycle/esnext/define/bundle-scoped-names-two-files

thread 'decorator_binding_forms_match_complete_typescript_observations' (18083586) panicked at crates/compiler/tests/integration/h2_7b_w4a_controls.rs:402:5:
assertion `left == right` failed: decorator-binding/lifecycle/esnext/define/bundle-computed-temps-two-files: exact source-map result
  left: Array [Object {"input_source_file_names": Array [String("/project/main.ts"), String("/project/second.ts")], "source_map_json": String("{\"version\":3,\"file\":\"bundle.js\",\"sourceRoot\":\"\",\"sources\":[\"../main.ts\",\"../second.ts\"],\"names\":[],\"mappings\":\";;;;IACA,SAAS,GAAG,CAAC,KAAU,EAAE,OAAY,IAAS,MAAM,CAAC,IAAI,CAAC,CAAC,KAAK,EAAE,MAAM,CAAC,OAAO,CAAC,IAAI,CAAC,CAAC,CAAC,CAAC,CAAC,OAAO,KAAK,CAAC,CAAC,CAAC;IACzG,SAAS,GAAG,KAAU,MAAM,CAAC,IAAI,CAAC,KAAK,CAAC,CAAC,CAAC,OAAO,GAAG,CAAC,CAAC,CAAC;IACvD,SAAS,IAAI,KAAU,MAAM,CAAC,IAAI,CAAC,MAAM,CAAC,CAAC,CAAC,OAAO,GAAG,CAAC,CAAC,CAAC;IACzD,SAAS,MAAM,CAAC,KAAc,IAAI,MAAM,CAAC,IAAI,CAAC,KAAK,CAAC,CAAC,CAAC,CAAC;;;;YAJjD,MAAM,GAAc,EAAE,CAAC;YAKvB,EAAE,GAAG,EAAE,GAAG,EAAE,CAAC;YACb,IAAI,GAAG,EAAE,IAAI,CAAC,KAAU,MAAM,CAAC,IAAI,CAAC,KAAK,CAAC,CAAC,CAAC,OAAO,GAAG,CAAC,CAAC,CAAC,EAAE,IAAI,CAAC,KAAU,MAAM,CAAC,IAAI,CAAC,MAAM,CAAC,CAAC,CAAC,OAAO,GAAG,CAAC,CAAC,CAAC,EAAE,CAAC;YACrH,IAAA;YAAA,CAAC,GAAG;kBACS,CAAC;gBACV,CAAC,GAAG;gBAAC,MAAM,CAAC,CAAC,IAAI,CAAC,CAAC,CAAC,GAAG,CAAC,CAAC;;;YAE7B,MAAM,CAAC,CAAC,CAAC,IAAI,CAAC,CAAC;YACf,kBAAa,IAAI,GAAG,MAAM,CAAC,MAAM,EAAC;;;;;;;;ICXlC,SAAS,GAAG,CAAC,KAAU,EAAE,OAAY,IAAS,MAAM,CAAC,IAAI,CAAC,CAAC,KAAK,EAAE,MAAM,CAAC,OAAO,CAAC,IAAI,CAAC,CAAC,CAAC,CAAC,CAAC,OAAO,KAAK,CAAC,CAAC,CAAC;IACzG,SAAS,GAAG,KAAU,MAAM,CAAC,IAAI,CAAC,KAAK,CAAC,CAAC,CAAC,OAAO,GAAG,CAAC,CAAC,CAAC;IACvD,SAAS,IAAI,KAAU,MAAM,CAAC,IAAI,CAAC,MAAM,CAAC,CAAC,CAAC,OAAO,GAAG,CAAC,CAAC,CAAC;IACzD,SAAS,MAAM,CAAC,KAAc,IAAI,MAAM,CAAC,IAAI,CAAC,KAAK,CAAC,CAAC,CAAC,CAAC;;;;YAJjD,MAAM,GAAc,EAAE,CAAC;YAKvB,EAAE,GAAG,EAAE,GAAG,EAAE,CAAC;YACb,IAAI,GAAG,EAAE,IAAI,CAAC,KAAU,MAAM,CAAC,IAAI,CAAC,KAAK,CAAC,CAAC,CAAC,OAAO,GAAG,CAAC,CAAC,CAAC,EAAE,IAAI,CAAC,KAAU,MAAM,CAAC,IAAI,CAAC,MAAM,CAAC,CAAC,CAAC,OAAO,GAAG,CAAC,CAAC,CAAC,EAAE,CAAC;YACrH,IAAA;YAAA,CAAC,GAAG;kBACS,CAAC;gBACV,CAAC,GAAG;gBAAC,MAAM,CAAC,CAAC,IAAI,CAAC,CAAC,CAAC,GAAG,CAAC,CAAC;;;YAE7B,MAAM,CAAC,CAAC,CAAC,IAAI,CAAC,CAAC;YACf,kBAAa,IAAI,GAAG,MAAM,CAAC,MAAM,EAAC\"}")}, Object {"input_source_file_names": Array [String("/project/main.ts"), String("/project/second.ts")], "source_map_json": String("{\"version\":3,\"file\":\"bundle.d.ts\",\"sourceRoot\":\"\",\"sources\":[\"../main.ts\",\"../second.ts\"],\"names\":[],\"mappings\":\";IAMA,MAAM,IAAI;oBAAc,GAAG;oBAA+C,GAAG;KAAuC,CAAC;IAErH,MAAM,OAAO,CAAC;QACL,MAAM,CAAC,CAAC,IAAI,CAAC,CAAC,CAAC,SAAK;;IAG7B,MAAM,CAAC,MAAM,IAAI,QAAgB,CAAC;;;ICNlC,MAAM,IAAI;oBAAc,GAAG;oBAA+C,GAAG;KAAuC,CAAC;IAErH,MAAM,OAAO,CAAC;QACL,MAAM,CAAC,CAAC,IAAI,CAAC,CAAC,CAAC,SAAK;;IAG7B,MAAM,CAAC,MAAM,IAAI,QAAgB,CAAC\"}")}]
 right: Array [Object {"input_source_file_names": Array [String("/project/main.ts"), String("/project/second.ts")], "source_map_json": String("{\"version\":3,\"file\":\"bundle.js\",\"sourceRoot\":\"\",\"sources\":[\"../main.ts\",\"../second.ts\"],\"names\":[],\"mappings\":\";;;;IACA,SAAS,GAAG,CAAC,KAAU,EAAE,OAAY,IAAS,MAAM,CAAC,IAAI,CAAC,CAAC,KAAK,EAAE,MAAM,CAAC,OAAO,CAAC,IAAI,CAAC,CAAC,CAAC,CAAC,CAAC,OAAO,KAAK,CAAC,CAAC,CAAC;IACzG,SAAS,GAAG,KAAU,MAAM,CAAC,IAAI,CAAC,KAAK,CAAC,CAAC,CAAC,OAAO,GAAG,CAAC,CAAC,CAAC;IACvD,SAAS,IAAI,KAAU,MAAM,CAAC,IAAI,CAAC,MAAM,CAAC,CAAC,CAAC,OAAO,GAAG,CAAC,CAAC,CAAC;IACzD,SAAS,MAAM,CAAC,KAAc,IAAI,MAAM,CAAC,IAAI,CAAC,KAAK,CAAC,CAAC,CAAC,CAAC;;;;YAJjD,MAAM,GAAc,EAAE,CAAC;YAKvB,EAAE,GAAG,EAAE,GAAG,EAAE,CAAC;YACb,IAAI,GAAG,EAAE,IAAI,CAAC,KAAU,MAAM,CAAC,IAAI,CAAC,KAAK,CAAC,CAAC,CAAC,OAAO,GAAG,CAAC,CAAC,CAAC,EAAE,IAAI,CAAC,KAAU,MAAM,CAAC,IAAI,CAAC,MAAM,CAAC,CAAC,CAAC,OAAO,GAAG,CAAC,CAAC,CAAC,EAAE,CAAC;YACrH,IAAA;YAAA,CAAC,GAAG;kBACS,CAAC;gBACV,CAAC,GAAG;gBAAC,MAAM,CAAC,CAAC,IAAI,CAAC,CAAC,CAAC,GAAG,CAAC,CAAC;aAC5B,CAAA;;YACD,MAAM,CAAC,CAAC,CAAC,IAAI,CAAC,CAAC;YACf,kBAAa,IAAI,GAAG,MAAM,CAAC,MAAM,EAAC;;;;;;;;ICXlC,SAAS,GAAG,CAAC,KAAU,EAAE,OAAY,IAAS,MAAM,CAAC,IAAI,CAAC,CAAC,KAAK,EAAE,MAAM,CAAC,OAAO,CAAC,IAAI,CAAC,CAAC,CAAC,CAAC,CAAC,OAAO,KAAK,CAAC,CAAC,CAAC;IACzG,SAAS,GAAG,KAAU,MAAM,CAAC,IAAI,CAAC,KAAK,CAAC,CAAC,CAAC,OAAO,GAAG,CAAC,CAAC,CAAC;IACvD,SAAS,IAAI,KAAU,MAAM,CAAC,IAAI,CAAC,MAAM,CAAC,CAAC,CAAC,OAAO,GAAG,CAAC,CAAC,CAAC;IACzD,SAAS,MAAM,CAAC,KAAc,IAAI,MAAM,CAAC,IAAI,CAAC,KAAK,CAAC,CAAC,CAAC,CAAC;;;;YAJjD,MAAM,GAAc,EAAE,CAAC;YAKvB,EAAE,GAAG,EAAE,GAAG,EAAE,CAAC;YACb,IAAI,GAAG,EAAE,IAAI,CAAC,KAAU,MAAM,CAAC,IAAI,CAAC,KAAK,CAAC,CAAC,CAAC,OAAO,GAAG,CAAC,CAAC,CAAC,EAAE,IAAI,CAAC,KAAU,MAAM,CAAC,IAAI,CAAC,MAAM,CAAC,CAAC,CAAC,OAAO,GAAG,CAAC,CAAC,CAAC,EAAE,CAAC;YACrH,IAAA;YAAA,CAAC,GAAG;kBACS,CAAC;gBACV,CAAC,GAAG;gBAAC,MAAM,CAAC,CAAC,IAAI,CAAC,CAAC,CAAC,GAAG,CAAC,CAAC;aAC5B,CAAA;;YACD,MAAM,CAAC,CAAC,CAAC,IAAI,CAAC,CAAC;YACf,kBAAa,IAAI,GAAG,MAAM,CAAC,MAAM,EAAC\"}")}, Object {"input_source_file_names": Array [String("/project/main.ts"), String("/project/second.ts")], "source_map_json": String("{\"version\":3,\"file\":\"bundle.d.ts\",\"sourceRoot\":\"\",\"sources\":[\"../main.ts\",\"../second.ts\"],\"names\":[],\"mappings\":\";IAMA,MAAM,IAAI;oBAAc,GAAG;oBAA+C,GAAG;KAAuC,CAAC;IAErH,MAAM,OAAO,CAAC;QACL,MAAM,CAAC,CAAC,IAAI,CAAC,CAAC,CAAC,SAAK;;IAG7B,MAAM,CAAC,MAAM,IAAI,QAAgB,CAAC;;;ICNlC,MAAM,IAAI;oBAAc,GAAG;oBAA+C,GAAG;KAAuC,CAAC;IAErH,MAAM,OAAO,CAAC;QACL,MAAM,CAAC,CAAC,IAAI,CAAC,CAAC,CAAC,SAAK;;IAG7B,MAAM,CAAC,MAAM,IAAI,QAAgB,CAAC\"}")}]

thread 'decorator_binding_forms_match_complete_typescript_observations' (18083586) panicked at crates/compiler/tests/integration/h2_7b_w4a_controls.rs:402:5:
assertion `left == right` failed: decorator-binding/lifecycle/esnext/define/bundle-computed-temps-two-files: exact source-map result
  left: Array [Object {"input_source_file_names": Array [String("/project/main.ts"), String("/project/second.ts")], "source_map_json": String("{\"version\":3,\"file\":\"bundle.js\",\"sourceRoot\":\"\",\"sources\":[\"../main.ts\",\"../second.ts\"],\"names\":[],\"mappings\":\";;;;IACA,SAAS,GAAG,CAAC,KAAU,EAAE,OAAY,IAAS,MAAM,CAAC,IAAI,CAAC,CAAC,KAAK,EAAE,MAAM,CAAC,OAAO,CAAC,IAAI,CAAC,CAAC,CAAC,CAAC,CAAC,OAAO,KAAK,CAAC,CAAC,CAAC;IACzG,SAAS,GAAG,KAAU,MAAM,CAAC,IAAI,CAAC,KAAK,CAAC,CAAC,CAAC,OAAO,GAAG,CAAC,CAAC,CAAC;IACvD,SAAS,IAAI,KAAU,MAAM,CAAC,IAAI,CAAC,MAAM,CAAC,CAAC,CAAC,OAAO,GAAG,CAAC,CAAC,CAAC;IACzD,SAAS,MAAM,CAAC,KAAc,IAAI,MAAM,CAAC,IAAI,CAAC,KAAK,CAAC,CAAC,CAAC,CAAC;;;;YAJjD,MAAM,GAAc,EAAE,CAAC;YAKvB,EAAE,GAAG,EAAE,GAAG,EAAE,CAAC;YACb,IAAI,GAAG,EAAE,IAAI,CAAC,KAAU,MAAM,CAAC,IAAI,CAAC,KAAK,CAAC,CAAC,CAAC,OAAO,GAAG,CAAC,CAAC,CAAC,EAAE,IAAI,CAAC,KAAU,MAAM,CAAC,IAAI,CAAC,MAAM,CAAC,CAAC,CAAC,OAAO,GAAG,CAAC,CAAC,CAAC,EAAE,CAAC;YACrH,IAAA;YAAA,CAAC,GAAG;kBACS,CAAC;gBACV,CAAC,GAAG;gBAAC,MAAM,CAAC,CAAC,IAAI,CAAC,CAAC,CAAC,GAAG,CAAC,CAAC;;;YAE7B,MAAM,CAAC,CAAC,CAAC,IAAI,CAAC,CAAC;YACf,kBAAa,IAAI,GAAG,MAAM,CAAC,MAAM,EAAC;;;;;;;;ICXlC,SAAS,GAAG,CAAC,KAAU,EAAE,OAAY,IAAS,MAAM,CAAC,IAAI,CAAC,CAAC,KAAK,EAAE,MAAM,CAAC,OAAO,CAAC,IAAI,CAAC,CAAC,CAAC,CAAC,CAAC,OAAO,KAAK,CAAC,CAAC,CAAC;IACzG,SAAS,GAAG,KAAU,MAAM,CAAC,IAAI,CAAC,KAAK,CAAC,CAAC,CAAC,OAAO,GAAG,CAAC,CAAC,CAAC;IACvD,SAAS,IAAI,KAAU,MAAM,CAAC,IAAI,CAAC,MAAM,CAAC,CAAC,CAAC,OAAO,GAAG,CAAC,CAAC,CAAC;IACzD,SAAS,MAAM,CAAC,KAAc,IAAI,MAAM,CAAC,IAAI,CAAC,KAAK,CAAC,CAAC,CAAC,CAAC;;;;YAJjD,MAAM,GAAc,EAAE,CAAC;YAKvB,EAAE,GAAG,EAAE,GAAG,EAAE,CAAC;YACb,IAAI,GAAG,EAAE,IAAI,CAAC,KAAU,MAAM,CAAC,IAAI,CAAC,KAAK,CAAC,CAAC,CAAC,OAAO,GAAG,CAAC,CAAC,CAAC,EAAE,IAAI,CAAC,KAAU,MAAM,CAAC,IAAI,CAAC,MAAM,CAAC,CAAC,CAAC,OAAO,GAAG,CAAC,CAAC,CAAC,EAAE,CAAC;YACrH,IAAA;YAAA,CAAC,GAAG;kBACS,CAAC;gBACV,CAAC,GAAG;gBAAC,MAAM,CAAC,CAAC,IAAI,CAAC,CAAC,CAAC,GAAG,CAAC,CAAC;;;YAE7B,MAAM,CAAC,CAAC,CAAC,IAAI,CAAC,CAAC;YACf,kBAAa,IAAI,GAAG,MAAM,CAAC,MAAM,EAAC\"}")}, Object {"input_source_file_names": Array [String("/project/main.ts"), String("/project/second.ts")], "source_map_json": String("{\"version\":3,\"file\":\"bundle.d.ts\",\"sourceRoot\":\"\",\"sources\":[\"../main.ts\",\"../second.ts\"],\"names\":[],\"mappings\":\";IAMA,MAAM,IAAI;oBAAc,GAAG;oBAA+C,GAAG;KAAuC,CAAC;IAErH,MAAM,OAAO,CAAC;QACL,MAAM,CAAC,CAAC,IAAI,CAAC,CAAC,CAAC,SAAK;;IAG7B,MAAM,CAAC,MAAM,IAAI,QAAgB,CAAC;;;ICNlC,MAAM,IAAI;oBAAc,GAAG;oBAA+C,GAAG;KAAuC,CAAC;IAErH,MAAM,OAAO,CAAC;QACL,MAAM,CAAC,CAAC,IAAI,CAAC,CAAC,CAAC,SAAK;;IAG7B,MAAM,CAAC,MAAM,IAAI,QAAgB,CAAC\"}")}]
 right: Array [Object {"input_source_file_names": Array [String("/project/main.ts"), String("/project/second.ts")], "source_map_json": String("{\"version\":3,\"file\":\"bundle.js\",\"sourceRoot\":\"\",\"sources\":[\"../main.ts\",\"../second.ts\"],\"names\":[],\"mappings\":\";;;;IACA,SAAS,GAAG,CAAC,KAAU,EAAE,OAAY,IAAS,MAAM,CAAC,IAAI,CAAC,CAAC,KAAK,EAAE,MAAM,CAAC,OAAO,CAAC,IAAI,CAAC,CAAC,CAAC,CAAC,CAAC,OAAO,KAAK,CAAC,CAAC,CAAC;IACzG,SAAS,GAAG,KAAU,MAAM,CAAC,IAAI,CAAC,KAAK,CAAC,CAAC,CAAC,OAAO,GAAG,CAAC,CAAC,CAAC;IACvD,SAAS,IAAI,KAAU,MAAM,CAAC,IAAI,CAAC,MAAM,CAAC,CAAC,CAAC,OAAO,GAAG,CAAC,CAAC,CAAC;IACzD,SAAS,MAAM,CAAC,KAAc,IAAI,MAAM,CAAC,IAAI,CAAC,KAAK,CAAC,CAAC,CAAC,CAAC;;;;YAJjD,MAAM,GAAc,EAAE,CAAC;YAKvB,EAAE,GAAG,EAAE,GAAG,EAAE,CAAC;YACb,IAAI,GAAG,EAAE,IAAI,CAAC,KAAU,MAAM,CAAC,IAAI,CAAC,KAAK,CAAC,CAAC,CAAC,OAAO,GAAG,CAAC,CAAC,CAAC,EAAE,IAAI,CAAC,KAAU,MAAM,CAAC,IAAI,CAAC,MAAM,CAAC,CAAC,CAAC,OAAO,GAAG,CAAC,CAAC,CAAC,EAAE,CAAC;YACrH,IAAA;YAAA,CAAC,GAAG;kBACS,CAAC;gBACV,CAAC,GAAG;gBAAC,MAAM,CAAC,CAAC,IAAI,CAAC,CAAC,CAAC,GAAG,CAAC,CAAC;aAC5B,CAAA;;YACD,MAAM,CAAC,CAAC,CAAC,IAAI,CAAC,CAAC;YACf,kBAAa,IAAI,GAAG,MAAM,CAAC,MAAM,EAAC;;;;;;;;ICXlC,SAAS,GAAG,CAAC,KAAU,EAAE,OAAY,IAAS,MAAM,CAAC,IAAI,CAAC,CAAC,KAAK,EAAE,MAAM,CAAC,OAAO,CAAC,IAAI,CAAC,CAAC,CAAC,CAAC,CAAC,OAAO,KAAK,CAAC,CAAC,CAAC;IACzG,SAAS,GAAG,KAAU,MAAM,CAAC,IAAI,CAAC,KAAK,CAAC,CAAC,CAAC,OAAO,GAAG,CAAC,CAAC,CAAC;IACvD,SAAS,IAAI,KAAU,MAAM,CAAC,IAAI,CAAC,MAAM,CAAC,CAAC,CAAC,OAAO,GAAG,CAAC,CAAC,CAAC;IACzD,SAAS,MAAM,CAAC,KAAc,IAAI,MAAM,CAAC,IAAI,CAAC,KAAK,CAAC,CAAC,CAAC,CAAC;;;;YAJjD,MAAM,GAAc,EAAE,CAAC;YAKvB,EAAE,GAAG,EAAE,GAAG,EAAE,CAAC;YACb,IAAI,GAAG,EAAE,IAAI,CAAC,KAAU,MAAM,CAAC,IAAI,CAAC,KAAK,CAAC,CAAC,CAAC,OAAO,GAAG,CAAC,CAAC,CAAC,EAAE,IAAI,CAAC,KAAU,MAAM,CAAC,IAAI,CAAC,MAAM,CAAC,CAAC,CAAC,OAAO,GAAG,CAAC,CAAC,CAAC,EAAE,CAAC;YACrH,IAAA;YAAA,CAAC,GAAG;kBACS,CAAC;gBACV,CAAC,GAAG;gBAAC,MAAM,CAAC,CAAC,IAAI,CAAC,CAAC,CAAC,GAAG,CAAC,CAAC;aAC5B,CAAA;;YACD,MAAM,CAAC,CAAC,CAAC,IAAI,CAAC,CAAC;YACf,kBAAa,IAAI,GAAG,MAAM,CAAC,MAAM,EAAC\"}")}, Object {"input_source_file_names": Array [String("/project/main.ts"), String("/project/second.ts")], "source_map_json": String("{\"version\":3,\"file\":\"bundle.d.ts\",\"sourceRoot\":\"\",\"sources\":[\"../main.ts\",\"../second.ts\"],\"names\":[],\"mappings\":\";IAMA,MAAM,IAAI;oBAAc,GAAG;oBAA+C,GAAG;KAAuC,CAAC;IAErH,MAAM,OAAO,CAAC;QACL,MAAM,CAAC,CAAC,IAAI,CAAC,CAAC,CAAC,SAAK;;IAG7B,MAAM,CAAC,MAAM,IAAI,QAAgB,CAAC;;;ICNlC,MAAM,IAAI;oBAAc,GAAG;oBAA+C,GAAG;KAAuC,CAAC;IAErH,MAAM,OAAO,CAAC;QACL,MAAM,CAAC,CAAC,IAAI,CAAC,CAAC,CAAC,SAAK;;IAG7B,MAAM,CAAC,MAAM,IAAI,QAAgB,CAAC\"}")}]
decorator binding REPEATED FAILURE decorator-binding/lifecycle/esnext/define/bundle-computed-temps-two-files
decorator binding EXACT x2 decorator-binding/lifecycle/esnext/define/cjs-full-class
decorator binding EXACT x2 decorator-binding/lifecycle/esnext/define/cjs-default-export
decorator binding EXACT x2 decorator-binding/lifecycle/esnext/define/cjs-class-expression
decorator binding EXACT x2 decorator-binding/lifecycle/esnext/define/cjs-computed
decorator binding EXACT x2 decorator-binding/lifecycle/esnext/define/cjs-global-script-_metadata
decorator binding EXACT x2 decorator-binding/lifecycle/esnext/define/cjs-sibling-file-level-then-scoped
decorator binding SUMMARY exact=434 failed=18 selected=452

thread 'decorator_binding_forms_match_complete_typescript_observations' (18083586) panicked at crates/compiler/tests/decorator_binding_pipeline_contract.rs:177:5:
complete decorator binding failures (18): ["decorator-binding/lifecycle/es2015/set/bundle-file-level-then-scoped-across-files", "decorator-binding/lifecycle/es2015/define/bundle-file-level-then-scoped-across-files", "decorator-binding/reserved/es2022/set/private-accessor-storage-nested", "decorator-binding/reserved/es2022/set/private-accessor-storage-siblings", "decorator-binding/reserved/es2022/set/private-and-public-same-stem", "decorator-binding/lifecycle/es2022/set/bundle-file-level-then-scoped-across-files", "decorator-binding/reserved/es2022/define/private-accessor-storage-nested", "decorator-binding/reserved/es2022/define/private-accessor-storage-siblings", "decorator-binding/reserved/es2022/define/private-and-public-same-stem", "decorator-binding/lifecycle/es2022/define/bundle-file-level-then-scoped-across-files", "decorator-binding/reserved/esnext/set/private-accessor-storage-nested", "decorator-binding/reserved/esnext/set/private-accessor-storage-siblings", "decorator-binding/reserved/esnext/set/private-and-public-same-stem", "decorator-binding/lifecycle/esnext/set/bundle-file-level-then-scoped-across-files", "decorator-binding/global/esnext/define/script-let-default_1", "decorator-binding/lifecycle/esnext/define/bundle-default-two-files", "decorator-binding/lifecycle/esnext/define/bundle-file-level-then-scoped-across-files", "decorator-binding/lifecycle/esnext/define/bundle-computed-temps-two-files"]
FAILED

failures:

failures:
    decorator_binding_forms_match_complete_typescript_observations

test result: FAILED. 0 passed; 1 failed; 0 ignored; 0 measured; 8 filtered out; finished in 560.36s

error: test failed, to rerun pass `--test decorator_binding_pipeline_contract`
