{"case_id":"decorator-binding/parse-census/es2015/set/declared-_metadata","attempts":2,"complete_observations":2,"exception_observations":0,"diagnostics":0,"writes":4,"exit_code":0}
{"case_id":"decorator-binding/parse-census/es2015/set/declared-_classThis","attempts":2,"complete_observations":2,"exception_observations":0,"diagnostics":0,"writes":4,"exit_code":0}
{"case_id":"decorator-binding/parse-census/es2015/set/declared-_classSuper","attempts":2,"complete_observations":2,"exception_observations":0,"diagnostics":0,"writes":4,"exit_code":0}
{"case_id":"decorator-binding/parse-census/es2015/set/declared-_classDecorators","attempts":2,"complete_observations":2,"exception_observations":0,"diagnostics":0,"writes":4,"exit_code":0}
{"case_id":"decorator-binding/parse-census/es2015/set/declared-_x_decorators","attempts":2,"complete_observations":2,"exception_observations":0,"diagnostics":0,"writes":4,"exit_code":0}
{"case_id":"decorator-binding/parse-census/es2015/set/declared-_static_m_decorators","attempts":2,"complete_observations":2,"exception_observations":0,"diagnostics":0,"writes":4,"exit_code":0}
{"case_id":"decorator-binding/parse-census/es2015/set/declared-_staticExtraInitializers","attempts":2,"complete_observations":2,"exception_observations":0,"diagnostics":0,"writes":4,"exit_code":0}
{"case_id":"decorator-binding/parse-census/es2015/set/declared-_a","attempts":2,"complete_observations":2,"exception_observations":0,"diagnostics":0,"writes":4,"exit_code":0}
{"case_id":"decorator-binding/parse-census/es2015/set/declared-_outerThis","attempts":2,"complete_observations":2,"exception_observations":0,"diagnostics":0,"writes":4,"exit_code":0}
{"case_id":"decorator-binding/parse-census/es2015/set/declared-class_1","attempts":2,"complete_observations":2,"exception_observations":0,"diagnostics":0,"writes":4,"exit_code":0}
{"case_id":"decorator-binding/parse-census/es2015/set/declared-default_1","attempts":2,"complete_observations":2,"exception_observations":0,"diagnostics":0,"writes":4,"exit_code":0}
{"case_id":"decorator-binding/parse-census/es2015/set/declared-after-class-_metadata","attempts":2,"complete_observations":2,"exception_observations":0,"diagnostics":0,"writes":4,"exit_code":0}
{"case_id":"decorator-binding/parse-census/es2015/set/property-key-_metadata","attempts":2,"complete_observations":2,"exception_observations":0,"diagnostics":0,"writes":4,"exit_code":0}
{"case_id":"decorator-binding/parse-census/es2015/set/property-key-_x_decorators","attempts":2,"complete_observations":2,"exception_observations":0,"diagnostics":0,"writes":4,"exit_code":0}
{"case_id":"decorator-binding/parse-census/es2015/set/string-only-_metadata","attempts":2,"complete_observations":2,"exception_observations":0,"diagnostics":0,"writes":4,"exit_code":0}
{"case_id":"decorator-binding/parse-census/es2015/set/comment-only-_metadata","attempts":2,"complete_observations":2,"exception_observations":0,"diagnostics":0,"writes":4,"exit_code":0}
{"case_id":"decorator-binding/parse-census/es2015/set/jsdoc-tag-only-_metadata","attempts":2,"complete_observations":2,"exception_observations":0,"diagnostics":0,"writes":4,"exit_code":0}
{"case_id":"decorator-binding/parse-census/es2015/set/jsdoc-see-only-_classThis","attempts":2,"complete_observations":2,"exception_observations":0,"diagnostics":0,"writes":4,"exit_code":0}
{"case_id":"decorator-binding/parse-census/es2015/set/type-position-only-_metadata","attempts":2,"complete_observations":2,"exception_observations":0,"diagnostics":0,"writes":4,"exit_code":0}
{"case_id":"decorator-binding/parse-census/es2015/set/type-alias-name-_classThis","attempts":2,"complete_observations":2,"exception_observations":0,"diagnostics":0,"writes":4,"exit_code":0}
{"case_id":"decorator-binding/parse-census/es2015/set/nested-scope-only-_metadata","attempts":2,"complete_observations":2,"exception_observations":0,"diagnostics":0,"writes":4,"exit_code":0}
{"case_id":"decorator-binding/parse-census/es2015/set/nested-scope-only-_x_decorators","attempts":2,"complete_observations":2,"exception_observations":0,"diagnostics":0,"writes":4,"exit_code":0}
{"case_id":"decorator-binding/parse-census/es2015/set/escaped-identifier-_metadata","attempts":2,"complete_observations":2,"exception_observations":0,"diagnostics":0,"writes":4,"exit_code":0}
{"case_id":"decorator-binding/parse-census/es2015/set/escaped-identifier-_a","attempts":2,"complete_observations":2,"exception_observations":0,"diagnostics":0,"writes":4,"exit_code":0}
{"case_id":"decorator-binding/parse-census/es2015/set/numbered-taken-_metadata_1","attempts":2,"complete_observations":2,"exception_observations":0,"diagnostics":0,"writes":4,"exit_code":0}
{"case_id":"decorator-binding/parse-census/es2015/set/numbered-taken-_x_decorators_1","attempts":2,"complete_observations":2,"exception_observations":0,"diagnostics":0,"writes":4,"exit_code":0}
{"case_id":"decorator-binding/parse-census/es2015/set/temp-sequence-_a-_b","attempts":2,"complete_observations":2,"exception_observations":0,"diagnostics":0,"writes":4,"exit_code":0}
{"case_id":"decorator-binding/parse-census/es2015/set/class-reference-class_2","attempts":2,"complete_observations":2,"exception_observations":0,"diagnostics":0,"writes":4,"exit_code":0}
{"case_id":"decorator-binding/parse-census/es2015/set/label-only-_metadata","attempts":2,"complete_observations":2,"exception_observations":0,"diagnostics":0,"writes":4,"exit_code":0}
{"case_id":"decorator-binding/global/es2015/set/script-let-_metadata","attempts":2,"complete_observations":2,"exception_observations":0,"diagnostics":0,"writes":8,"exit_code":0}
{"case_id":"decorator-binding/global/es2015/set/script-let-_classThis","attempts":2,"complete_observations":2,"exception_observations":0,"diagnostics":0,"writes":8,"exit_code":0}
{"case_id":"decorator-binding/global/es2015/set/script-let-_classSuper","attempts":2,"complete_observations":2,"exception_observations":0,"diagnostics":0,"writes":8,"exit_code":0}
{"case_id":"decorator-binding/global/es2015/set/script-let-_x_decorators","attempts":2,"complete_observations":2,"exception_observations":0,"diagnostics":0,"writes":8,"exit_code":0}
{"case_id":"decorator-binding/global/es2015/set/script-let-_staticExtraInitializers","attempts":2,"complete_observations":2,"exception_observations":0,"diagnostics":0,"writes":8,"exit_code":0}
{"case_id":"decorator-binding/global/es2015/set/script-let-_a","attempts":2,"complete_observations":2,"exception_observations":0,"diagnostics":0,"writes":8,"exit_code":0}
{"case_id":"decorator-binding/global/es2015/set/script-let-_outerThis","attempts":2,"complete_observations":2,"exception_observations":0,"diagnostics":0,"writes":8,"exit_code":0}
{"case_id":"decorator-binding/global/es2015/set/script-let-class_1","attempts":2,"complete_observations":2,"exception_observations":0,"diagnostics":0,"writes":8,"exit_code":0}
{"case_id":"decorator-binding/global/es2015/set/script-let-default_1","attempts":2,"complete_observations":2,"exception_observations":0,"diagnostics":0,"writes":8,"exit_code":0}
{"case_id":"decorator-binding/global/es2015/set/script-function-_metadata","attempts":2,"complete_observations":2,"exception_observations":0,"diagnostics":0,"writes":8,"exit_code":0}
{"case_id":"decorator-binding/global/es2015/set/script-type-alias-_metadata","attempts":2,"complete_observations":2,"exception_observations":0,"diagnostics":0,"writes":8,"exit_code":0}
{"case_id":"decorator-binding/global/es2015/set/script-namespace-_classThis","attempts":2,"complete_observations":2,"exception_observations":0,"diagnostics":0,"writes":8,"exit_code":0}
{"case_id":"decorator-binding/global/es2015/set/script-declare-let-_metadata","attempts":2,"complete_observations":2,"exception_observations":0,"diagnostics":0,"writes":8,"exit_code":0}
{"case_id":"decorator-binding/global/es2015/set/script-block-scoped-not-global-_metadata","attempts":2,"complete_observations":2,"exception_observations":0,"diagnostics":0,"writes":8,"exit_code":0}
{"case_id":"decorator-binding/global/es2015/set/script-numbered-chain-_metadata","attempts":2,"complete_observations":2,"exception_observations":0,"diagnostics":0,"writes":8,"exit_code":0}
{"case_id":"decorator-binding/global/es2015/set/script-temp-chain-_a-_b","attempts":2,"complete_observations":2,"exception_observations":0,"diagnostics":0,"writes":8,"exit_code":0}
{"case_id":"decorator-binding/global/es2015/set/module-local-_metadata","attempts":2,"complete_observations":2,"exception_observations":0,"diagnostics":0,"writes":8,"exit_code":0}
{"case_id":"decorator-binding/global/es2015/set/module-local-_x_decorators","attempts":2,"complete_observations":2,"exception_observations":0,"diagnostics":0,"writes":8,"exit_code":0}
{"case_id":"decorator-binding/global/es2015/set/declare-global-var-_metadata","attempts":2,"complete_observations":2,"exception_observations":0,"diagnostics":0,"writes":4,"exit_code":0}
{"case_id":"decorator-binding/global/es2015/set/declare-global-in-module-file-_classThis","attempts":2,"complete_observations":2,"exception_observations":0,"diagnostics":0,"writes":8,"exit_code":0}
{"case_id":"decorator-binding/global/es2015/set/script-and-source-both-_metadata","attempts":2,"complete_observations":2,"exception_observations":0,"diagnostics":0,"writes":8,"exit_code":0}
{"case_id":"decorator-binding/nested/es2015/set/inner-in-static-block","attempts":2,"complete_observations":2,"exception_observations":0,"diagnostics":0,"writes":4,"exit_code":0}
{"case_id":"decorator-binding/nested/es2015/set/inner-in-method","attempts":2,"complete_observations":2,"exception_observations":0,"diagnostics":0,"writes":4,"exit_code":0}
{"case_id":"decorator-binding/nested/es2015/set/inner-in-constructor","attempts":2,"complete_observations":2,"exception_observations":0,"diagnostics":0,"writes":4,"exit_code":0}
{"case_id":"decorator-binding/nested/es2015/set/inner-in-static-field-initializer","attempts":2,"complete_observations":2,"exception_observations":0,"diagnostics":0,"writes":4,"exit_code":0}
{"case_id":"decorator-binding/nested/es2015/set/inner-in-instance-field-initializer","attempts":2,"complete_observations":2,"exception_observations":0,"diagnostics":0,"writes":4,"exit_code":0}
{"case_id":"decorator-binding/nested/es2015/set/inner-in-decorator-expression","attempts":2,"complete_observations":2,"exception_observations":0,"diagnostics":0,"writes":4,"exit_code":0}
{"case_id":"decorator-binding/nested/es2015/set/inner-in-heritage","attempts":2,"complete_observations":2,"exception_observations":0,"diagnostics":0,"writes":4,"exit_code":0}
{"case_id":"decorator-binding/nested/es2015/set/sibling-same-members","attempts":2,"complete_observations":2,"exception_observations":0,"diagnostics":0,"writes":4,"exit_code":0}
{"case_id":"decorator-binding/nested/es2015/set/sibling-outer-this-twice","attempts":2,"complete_observations":2,"exception_observations":0,"diagnostics":0,"writes":4,"exit_code":0}
{"case_id":"decorator-binding/nested/es2015/set/sibling-class-expressions","attempts":2,"complete_observations":2,"exception_observations":0,"diagnostics":0,"writes":4,"exit_code":0}
{"case_id":"decorator-binding/nested/es2015/set/sibling-default-and-expression","attempts":2,"complete_observations":2,"exception_observations":0,"diagnostics":0,"writes":4,"exit_code":0}
{"case_id":"decorator-binding/nested/es2015/set/sibling-computed-temps","attempts":2,"complete_observations":2,"exception_observations":0,"diagnostics":0,"writes":4,"exit_code":0}
{"case_id":"decorator-binding/nested/es2015/set/ordinary-function-scopes","attempts":2,"complete_observations":2,"exception_observations":0,"diagnostics":0,"writes":4,"exit_code":0}
{"case_id":"decorator-binding/nested/es2015/set/inner-computed-in-outer-computed-scope","attempts":2,"complete_observations":2,"exception_observations":0,"diagnostics":0,"writes":4,"exit_code":0}
{"case_id":"decorator-binding/nested/es2015/set/triple-nesting","attempts":2,"complete_observations":2,"exception_observations":0,"diagnostics":0,"writes":4,"exit_code":0}
{"case_id":"decorator-binding/reserved/es2015/set/file-level-then-static-private-field","attempts":2,"complete_observations":2,"exception_observations":0,"diagnostics":0,"writes":4,"exit_code":0}
{"case_id":"decorator-binding/reserved/es2015/set/static-private-field-then-file-level","attempts":2,"complete_observations":2,"exception_observations":0,"diagnostics":0,"writes":4,"exit_code":0}
{"case_id":"decorator-binding/reserved/es2015/set/file-level-then-static-private-method","attempts":2,"complete_observations":2,"exception_observations":0,"diagnostics":0,"writes":4,"exit_code":0}
{"case_id":"decorator-binding/reserved/es2015/set/static-private-method-then-file-level","attempts":2,"complete_observations":2,"exception_observations":0,"diagnostics":0,"writes":4,"exit_code":0}
{"case_id":"decorator-binding/reserved/es2015/set/file-level-then-static-private-accessor","attempts":2,"complete_observations":2,"exception_observations":0,"diagnostics":0,"writes":4,"exit_code":0}
{"case_id":"decorator-binding/reserved/es2015/set/static-private-accessor-then-file-level","attempts":2,"complete_observations":2,"exception_observations":0,"diagnostics":0,"writes":4,"exit_code":0}
{"case_id":"decorator-binding/reserved/es2015/set/file-level-then-static-auto-accessor","attempts":2,"complete_observations":2,"exception_observations":0,"diagnostics":0,"writes":4,"exit_code":0}
{"case_id":"decorator-binding/reserved/es2015/set/static-auto-accessor-then-file-level","attempts":2,"complete_observations":2,"exception_observations":0,"diagnostics":0,"writes":4,"exit_code":0}
{"case_id":"decorator-binding/reserved/es2015/set/file-level-then-static-private-auto-accessor","attempts":2,"complete_observations":2,"exception_observations":0,"diagnostics":0,"writes":4,"exit_code":0}
{"case_id":"decorator-binding/reserved/es2015/set/static-private-auto-accessor-then-file-level","attempts":2,"complete_observations":2,"exception_observations":0,"diagnostics":0,"writes":4,"exit_code":0}
{"case_id":"decorator-binding/reserved/es2015/set/file-level-then-decorated-static-private-auto-accessor","attempts":2,"complete_observations":2,"exception_observations":0,"diagnostics":0,"writes":4,"exit_code":0}
{"case_id":"decorator-binding/reserved/es2015/set/decorated-static-private-auto-accessor-then-file-level","attempts":2,"complete_observations":2,"exception_observations":0,"diagnostics":0,"writes":4,"exit_code":0}
{"case_id":"decorator-binding/reserved/es2015/set/file-level-then-instance-private-field-only","attempts":2,"complete_observations":2,"exception_observations":0,"diagnostics":0,"writes":4,"exit_code":0}
{"case_id":"decorator-binding/reserved/es2015/set/instance-private-field-only-then-file-level","attempts":2,"complete_observations":2,"exception_observations":0,"diagnostics":0,"writes":4,"exit_code":0}
{"case_id":"decorator-binding/reserved/es2015/set/file-level-then-public-static-field-only","attempts":2,"complete_observations":2,"exception_observations":0,"diagnostics":0,"writes":4,"exit_code":0}
{"case_id":"decorator-binding/reserved/es2015/set/public-static-field-only-then-file-level","attempts":2,"complete_observations":2,"exception_observations":0,"diagnostics":0,"writes":4,"exit_code":0}
{"case_id":"decorator-binding/reserved/es2015/set/file-level-then-instance-auto-accessor-only","attempts":2,"complete_observations":2,"exception_observations":0,"diagnostics":0,"writes":4,"exit_code":0}
{"case_id":"decorator-binding/reserved/es2015/set/instance-auto-accessor-only-then-file-level","attempts":2,"complete_observations":2,"exception_observations":0,"diagnostics":0,"writes":4,"exit_code":0}
{"case_id":"decorator-binding/reserved/es2015/set/file-level-then-static-block-only","attempts":2,"complete_observations":2,"exception_observations":0,"diagnostics":0,"writes":4,"exit_code":0}
{"case_id":"decorator-binding/reserved/es2015/set/static-block-only-then-file-level","attempts":2,"complete_observations":2,"exception_observations":0,"diagnostics":0,"writes":4,"exit_code":0}
{"case_id":"decorator-binding/reserved/es2015/set/scoped-then-scoped","attempts":2,"complete_observations":2,"exception_observations":0,"diagnostics":0,"writes":4,"exit_code":0}
{"case_id":"decorator-binding/reserved/es2015/set/outer-file-level-inner-scoped","attempts":2,"complete_observations":2,"exception_observations":0,"diagnostics":0,"writes":4,"exit_code":0}
{"case_id":"decorator-binding/reserved/es2015/set/outer-scoped-inner-file-level","attempts":2,"complete_observations":2,"exception_observations":0,"diagnostics":0,"writes":4,"exit_code":0}
{"case_id":"decorator-binding/reserved/es2015/set/outer-scoped-inner-scoped","attempts":2,"complete_observations":2,"exception_observations":0,"diagnostics":0,"writes":4,"exit_code":0}
{"case_id":"decorator-binding/reserved/es2015/set/private-accessor-storage-nested","attempts":2,"complete_observations":2,"exception_observations":0,"diagnostics":0,"writes":4,"exit_code":0}
{"case_id":"decorator-binding/reserved/es2015/set/private-accessor-storage-siblings","attempts":2,"complete_observations":2,"exception_observations":0,"diagnostics":0,"writes":4,"exit_code":0}
{"case_id":"decorator-binding/reserved/es2015/set/private-and-public-same-stem","attempts":2,"complete_observations":2,"exception_observations":0,"diagnostics":0,"writes":4,"exit_code":0}
{"case_id":"decorator-binding/reserved/es2015/set/class-this-parsed-and-scoped","attempts":2,"complete_observations":2,"exception_observations":0,"diagnostics":0,"writes":4,"exit_code":0}
{"case_id":"decorator-binding/computed/es2015/set/static-accessor-decorated","attempts":2,"complete_observations":2,"exception_observations":0,"diagnostics":0,"writes":4,"exit_code":0}
{"case_id":"decorator-binding/computed/es2015/set/instance-accessor-decorated","attempts":2,"complete_observations":2,"exception_observations":0,"diagnostics":0,"writes":4,"exit_code":0}
{"case_id":"decorator-binding/computed/es2015/set/method-decorated","attempts":2,"complete_observations":2,"exception_observations":0,"diagnostics":0,"writes":4,"exit_code":0}
{"case_id":"decorator-binding/computed/es2015/set/static-method-decorated","attempts":2,"complete_observations":2,"exception_observations":0,"diagnostics":0,"writes":4,"exit_code":0}
{"case_id":"decorator-binding/computed/es2015/set/getter-setter-decorated","attempts":2,"complete_observations":2,"exception_observations":0,"diagnostics":0,"writes":4,"exit_code":0}
{"case_id":"decorator-binding/computed/es2015/set/field-decorated","attempts":2,"complete_observations":2,"exception_observations":0,"diagnostics":0,"writes":4,"exit_code":0}
{"case_id":"decorator-binding/computed/es2015/set/static-field-decorated","attempts":2,"complete_observations":2,"exception_observations":0,"diagnostics":0,"writes":4,"exit_code":0}
{"case_id":"decorator-binding/computed/es2015/set/multiple-keys","attempts":2,"complete_observations":2,"exception_observations":0,"diagnostics":0,"writes":4,"exit_code":0}
{"case_id":"decorator-binding/computed/es2015/set/user-identifier-_a","attempts":2,"complete_observations":2,"exception_observations":0,"diagnostics":0,"writes":4,"exit_code":0}
{"case_id":"decorator-binding/computed/es2015/set/undecorated-computed-between","attempts":2,"complete_observations":2,"exception_observations":0,"diagnostics":0,"writes":4,"exit_code":0}
{"case_id":"decorator-binding/computed/es2015/set/undecorated-computed-method-after","attempts":2,"complete_observations":2,"exception_observations":0,"diagnostics":1,"writes":4,"exit_code":2}
{"case_id":"decorator-binding/computed/es2015/set/class-expression-computed","attempts":2,"complete_observations":2,"exception_observations":0,"diagnostics":0,"writes":4,"exit_code":0}
{"case_id":"decorator-binding/computed/es2015/set/member-only-decorators-computed","attempts":2,"complete_observations":2,"exception_observations":0,"diagnostics":0,"writes":4,"exit_code":0}
{"case_id":"decorator-binding/computed/es2015/set/computed-literal-and-expression","attempts":2,"complete_observations":2,"exception_observations":0,"diagnostics":0,"writes":4,"exit_code":0}
{"case_id":"decorator-binding/computed/es2015/set/computed-with-decorator-temp","attempts":2,"complete_observations":2,"exception_observations":0,"diagnostics":0,"writes":4,"exit_code":0}
{"case_id":"decorator-binding/computed/es2015/set/computed-in-static-block-nested-class","attempts":2,"complete_observations":2,"exception_observations":0,"diagnostics":0,"writes":4,"exit_code":0}
{"case_id":"decorator-binding/ordering/es2015/set/decorator-temp-and-anonymous-heritage","attempts":2,"complete_observations":2,"exception_observations":0,"diagnostics":0,"writes":4,"exit_code":0}
{"case_id":"decorator-binding/ordering/es2015/set/member-decorator-temp-then-computed","attempts":2,"complete_observations":2,"exception_observations":0,"diagnostics":0,"writes":4,"exit_code":0}
{"case_id":"decorator-binding/ordering/es2015/set/pending-computed-around-constructor","attempts":2,"complete_observations":2,"exception_observations":0,"diagnostics":0,"writes":4,"exit_code":0}
{"case_id":"decorator-binding/ordering/es2015/set/heritage-temp-and-member-temps","attempts":2,"complete_observations":2,"exception_observations":0,"diagnostics":0,"writes":4,"exit_code":0}
{"case_id":"decorator-binding/ordering/es2015/set/outer-this-and-computed-cache","attempts":2,"complete_observations":2,"exception_observations":0,"diagnostics":0,"writes":4,"exit_code":0}
{"case_id":"decorator-binding/ordering/es2015/set/two-classes-decorator-temps","attempts":2,"complete_observations":2,"exception_observations":0,"diagnostics":0,"writes":4,"exit_code":0}
{"case_id":"decorator-binding/lifecycle/es2015/set/bundle-outer-this-two-files","attempts":2,"complete_observations":2,"exception_observations":0,"diagnostics":0,"writes":4,"exit_code":0}
{"case_id":"decorator-binding/lifecycle/es2015/set/bundle-class-expression-two-files","attempts":2,"complete_observations":2,"exception_observations":0,"diagnostics":0,"writes":4,"exit_code":0}
{"case_id":"decorator-binding/lifecycle/es2015/set/bundle-default-two-files","attempts":2,"complete_observations":2,"exception_observations":0,"diagnostics":0,"writes":4,"exit_code":0}
{"case_id":"decorator-binding/lifecycle/es2015/set/bundle-file-level-then-scoped-across-files","attempts":2,"complete_observations":2,"exception_observations":0,"diagnostics":0,"writes":4,"exit_code":0}
{"case_id":"decorator-binding/lifecycle/es2015/set/bundle-parse-census-per-file","attempts":2,"complete_observations":2,"exception_observations":0,"diagnostics":0,"writes":4,"exit_code":0}
{"case_id":"decorator-binding/lifecycle/es2015/set/bundle-scoped-names-two-files","attempts":2,"complete_observations":2,"exception_observations":0,"diagnostics":0,"writes":4,"exit_code":0}
{"case_id":"decorator-binding/lifecycle/es2015/set/bundle-computed-temps-two-files","attempts":2,"complete_observations":2,"exception_observations":0,"diagnostics":0,"writes":4,"exit_code":0}
{"case_id":"decorator-binding/lifecycle/es2015/set/cjs-full-class","attempts":2,"complete_observations":2,"exception_observations":0,"diagnostics":0,"writes":4,"exit_code":0}
{"case_id":"decorator-binding/lifecycle/es2015/set/cjs-default-export","attempts":2,"complete_observations":2,"exception_observations":0,"diagnostics":0,"writes":4,"exit_code":0}
{"case_id":"decorator-binding/lifecycle/es2015/set/cjs-class-expression","attempts":2,"complete_observations":2,"exception_observations":0,"diagnostics":0,"writes":4,"exit_code":0}
{"case_id":"decorator-binding/lifecycle/es2015/set/cjs-computed","attempts":2,"complete_observations":2,"exception_observations":0,"diagnostics":0,"writes":4,"exit_code":0}
{"case_id":"decorator-binding/lifecycle/es2015/set/cjs-global-script-_metadata","attempts":2,"complete_observations":2,"exception_observations":0,"diagnostics":0,"writes":8,"exit_code":0}
{"case_id":"decorator-binding/lifecycle/es2015/set/cjs-sibling-file-level-then-scoped","attempts":2,"complete_observations":2,"exception_observations":0,"diagnostics":0,"writes":4,"exit_code":0}
{"case_id":"decorator-binding/parse-census/es2015/define/declared-_metadata","attempts":2,"complete_observations":2,"exception_observations":0,"diagnostics":0,"writes":4,"exit_code":0}
{"case_id":"decorator-binding/parse-census/es2015/define/declared-_classThis","attempts":2,"complete_observations":2,"exception_observations":0,"diagnostics":0,"writes":4,"exit_code":0}
{"case_id":"decorator-binding/parse-census/es2015/define/declared-_classSuper","attempts":2,"complete_observations":2,"exception_observations":0,"diagnostics":0,"writes":4,"exit_code":0}
{"case_id":"decorator-binding/parse-census/es2015/define/declared-_classDecorators","attempts":2,"complete_observations":2,"exception_observations":0,"diagnostics":0,"writes":4,"exit_code":0}
{"case_id":"decorator-binding/parse-census/es2015/define/declared-_x_decorators","attempts":2,"complete_observations":2,"exception_observations":0,"diagnostics":0,"writes":4,"exit_code":0}
{"case_id":"decorator-binding/parse-census/es2015/define/declared-_static_m_decorators","attempts":2,"complete_observations":2,"exception_observations":0,"diagnostics":0,"writes":4,"exit_code":0}
{"case_id":"decorator-binding/parse-census/es2015/define/declared-_staticExtraInitializers","attempts":2,"complete_observations":2,"exception_observations":0,"diagnostics":0,"writes":4,"exit_code":0}
{"case_id":"decorator-binding/parse-census/es2015/define/declared-_a","attempts":2,"complete_observations":2,"exception_observations":0,"diagnostics":0,"writes":4,"exit_code":0}
{"case_id":"decorator-binding/parse-census/es2015/define/declared-_outerThis","attempts":2,"complete_observations":2,"exception_observations":0,"diagnostics":0,"writes":4,"exit_code":0}
{"case_id":"decorator-binding/parse-census/es2015/define/declared-class_1","attempts":2,"complete_observations":2,"exception_observations":0,"diagnostics":0,"writes":4,"exit_code":0}
{"case_id":"decorator-binding/parse-census/es2015/define/declared-default_1","attempts":2,"complete_observations":2,"exception_observations":0,"diagnostics":0,"writes":4,"exit_code":0}
{"case_id":"decorator-binding/parse-census/es2015/define/declared-after-class-_metadata","attempts":2,"complete_observations":2,"exception_observations":0,"diagnostics":0,"writes":4,"exit_code":0}
{"case_id":"decorator-binding/parse-census/es2015/define/property-key-_metadata","attempts":2,"complete_observations":2,"exception_observations":0,"diagnostics":0,"writes":4,"exit_code":0}
{"case_id":"decorator-binding/parse-census/es2015/define/property-key-_x_decorators","attempts":2,"complete_observations":2,"exception_observations":0,"diagnostics":0,"writes":4,"exit_code":0}
{"case_id":"decorator-binding/parse-census/es2015/define/string-only-_metadata","attempts":2,"complete_observations":2,"exception_observations":0,"diagnostics":0,"writes":4,"exit_code":0}
{"case_id":"decorator-binding/parse-census/es2015/define/comment-only-_metadata","attempts":2,"complete_observations":2,"exception_observations":0,"diagnostics":0,"writes":4,"exit_code":0}
{"case_id":"decorator-binding/parse-census/es2015/define/jsdoc-tag-only-_metadata","attempts":2,"complete_observations":2,"exception_observations":0,"diagnostics":0,"writes":4,"exit_code":0}
{"case_id":"decorator-binding/parse-census/es2015/define/jsdoc-see-only-_classThis","attempts":2,"complete_observations":2,"exception_observations":0,"diagnostics":0,"writes":4,"exit_code":0}
{"case_id":"decorator-binding/parse-census/es2015/define/type-position-only-_metadata","attempts":2,"complete_observations":2,"exception_observations":0,"diagnostics":0,"writes":4,"exit_code":0}
{"case_id":"decorator-binding/parse-census/es2015/define/type-alias-name-_classThis","attempts":2,"complete_observations":2,"exception_observations":0,"diagnostics":0,"writes":4,"exit_code":0}
{"case_id":"decorator-binding/parse-census/es2015/define/nested-scope-only-_metadata","attempts":2,"complete_observations":2,"exception_observations":0,"diagnostics":0,"writes":4,"exit_code":0}
{"case_id":"decorator-binding/parse-census/es2015/define/nested-scope-only-_x_decorators","attempts":2,"complete_observations":2,"exception_observations":0,"diagnostics":0,"writes":4,"exit_code":0}
{"case_id":"decorator-binding/parse-census/es2015/define/escaped-identifier-_metadata","attempts":2,"complete_observations":2,"exception_observations":0,"diagnostics":0,"writes":4,"exit_code":0}
{"case_id":"decorator-binding/parse-census/es2015/define/escaped-identifier-_a","attempts":2,"complete_observations":2,"exception_observations":0,"diagnostics":0,"writes":4,"exit_code":0}
{"case_id":"decorator-binding/parse-census/es2015/define/numbered-taken-_metadata_1","attempts":2,"complete_observations":2,"exception_observations":0,"diagnostics":0,"writes":4,"exit_code":0}
{"case_id":"decorator-binding/parse-census/es2015/define/numbered-taken-_x_decorators_1","attempts":2,"complete_observations":2,"exception_observations":0,"diagnostics":0,"writes":4,"exit_code":0}
{"case_id":"decorator-binding/parse-census/es2015/define/temp-sequence-_a-_b","attempts":2,"complete_observations":2,"exception_observations":0,"diagnostics":0,"writes":4,"exit_code":0}
{"case_id":"decorator-binding/parse-census/es2015/define/class-reference-class_2","attempts":2,"complete_observations":2,"exception_observations":0,"diagnostics":0,"writes":4,"exit_code":0}
{"case_id":"decorator-binding/parse-census/es2015/define/label-only-_metadata","attempts":2,"complete_observations":2,"exception_observations":0,"diagnostics":0,"writes":4,"exit_code":0}
{"case_id":"decorator-binding/global/es2015/define/script-let-_metadata","attempts":2,"complete_observations":2,"exception_observations":0,"diagnostics":0,"writes":8,"exit_code":0}
{"case_id":"decorator-binding/global/es2015/define/script-let-_classThis","attempts":2,"complete_observations":2,"exception_observations":0,"diagnostics":0,"writes":8,"exit_code":0}
{"case_id":"decorator-binding/global/es2015/define/script-let-_classSuper","attempts":2,"complete_observations":2,"exception_observations":0,"diagnostics":0,"writes":8,"exit_code":0}
{"case_id":"decorator-binding/global/es2015/define/script-let-_x_decorators","attempts":2,"complete_observations":2,"exception_observations":0,"diagnostics":0,"writes":8,"exit_code":0}
{"case_id":"decorator-binding/global/es2015/define/script-let-_staticExtraInitializers","attempts":2,"complete_observations":2,"exception_observations":0,"diagnostics":0,"writes":8,"exit_code":0}
{"case_id":"decorator-binding/global/es2015/define/script-let-_a","attempts":2,"complete_observations":2,"exception_observations":0,"diagnostics":0,"writes":8,"exit_code":0}
{"case_id":"decorator-binding/global/es2015/define/script-let-_outerThis","attempts":2,"complete_observations":2,"exception_observations":0,"diagnostics":0,"writes":8,"exit_code":0}
{"case_id":"decorator-binding/global/es2015/define/script-let-class_1","attempts":2,"complete_observations":2,"exception_observations":0,"diagnostics":0,"writes":8,"exit_code":0}
{"case_id":"decorator-binding/global/es2015/define/script-let-default_1","attempts":2,"complete_observations":2,"exception_observations":0,"diagnostics":0,"writes":8,"exit_code":0}
{"case_id":"decorator-binding/global/es2015/define/script-function-_metadata","attempts":2,"complete_observations":2,"exception_observations":0,"diagnostics":0,"writes":8,"exit_code":0}
{"case_id":"decorator-binding/global/es2015/define/script-type-alias-_metadata","attempts":2,"complete_observations":2,"exception_observations":0,"diagnostics":0,"writes":8,"exit_code":0}
{"case_id":"decorator-binding/global/es2015/define/script-namespace-_classThis","attempts":2,"complete_observations":2,"exception_observations":0,"diagnostics":0,"writes":8,"exit_code":0}
{"case_id":"decorator-binding/global/es2015/define/script-declare-let-_metadata","attempts":2,"complete_observations":2,"exception_observations":0,"diagnostics":0,"writes":8,"exit_code":0}
{"case_id":"decorator-binding/global/es2015/define/script-block-scoped-not-global-_metadata","attempts":2,"complete_observations":2,"exception_observations":0,"diagnostics":0,"writes":8,"exit_code":0}
{"case_id":"decorator-binding/global/es2015/define/script-numbered-chain-_metadata","attempts":2,"complete_observations":2,"exception_observations":0,"diagnostics":0,"writes":8,"exit_code":0}
{"case_id":"decorator-binding/global/es2015/define/script-temp-chain-_a-_b","attempts":2,"complete_observations":2,"exception_observations":0,"diagnostics":0,"writes":8,"exit_code":0}
{"case_id":"decorator-binding/global/es2015/define/module-local-_metadata","attempts":2,"complete_observations":2,"exception_observations":0,"diagnostics":0,"writes":8,"exit_code":0}
{"case_id":"decorator-binding/global/es2015/define/module-local-_x_decorators","attempts":2,"complete_observations":2,"exception_observations":0,"diagnostics":0,"writes":8,"exit_code":0}
{"case_id":"decorator-binding/global/es2015/define/declare-global-var-_metadata","attempts":2,"complete_observations":2,"exception_observations":0,"diagnostics":0,"writes":4,"exit_code":0}
{"case_id":"decorator-binding/global/es2015/define/declare-global-in-module-file-_classThis","attempts":2,"complete_observations":2,"exception_observations":0,"diagnostics":0,"writes":8,"exit_code":0}
{"case_id":"decorator-binding/global/es2015/define/script-and-source-both-_metadata","attempts":2,"complete_observations":2,"exception_observations":0,"diagnostics":0,"writes":8,"exit_code":0}
{"case_id":"decorator-binding/nested/es2015/define/inner-in-static-block","attempts":2,"complete_observations":2,"exception_observations":0,"diagnostics":0,"writes":4,"exit_code":0}
{"case_id":"decorator-binding/nested/es2015/define/inner-in-method","attempts":2,"complete_observations":2,"exception_observations":0,"diagnostics":0,"writes":4,"exit_code":0}
{"case_id":"decorator-binding/nested/es2015/define/inner-in-constructor","attempts":2,"complete_observations":2,"exception_observations":0,"diagnostics":0,"writes":4,"exit_code":0}
{"case_id":"decorator-binding/nested/es2015/define/inner-in-static-field-initializer","attempts":2,"complete_observations":2,"exception_observations":0,"diagnostics":0,"writes":4,"exit_code":0}
{"case_id":"decorator-binding/nested/es2015/define/inner-in-instance-field-initializer","attempts":2,"complete_observations":2,"exception_observations":0,"diagnostics":0,"writes":4,"exit_code":0}
{"case_id":"decorator-binding/nested/es2015/define/inner-in-decorator-expression","attempts":2,"complete_observations":2,"exception_observations":0,"diagnostics":0,"writes":4,"exit_code":0}
{"case_id":"decorator-binding/nested/es2015/define/inner-in-heritage","attempts":2,"complete_observations":2,"exception_observations":0,"diagnostics":0,"writes":4,"exit_code":0}
{"case_id":"decorator-binding/nested/es2015/define/sibling-same-members","attempts":2,"complete_observations":2,"exception_observations":0,"diagnostics":0,"writes":4,"exit_code":0}
{"case_id":"decorator-binding/nested/es2015/define/sibling-outer-this-twice","attempts":2,"complete_observations":2,"exception_observations":0,"diagnostics":0,"writes":4,"exit_code":0}
{"case_id":"decorator-binding/nested/es2015/define/sibling-class-expressions","attempts":2,"complete_observations":2,"exception_observations":0,"diagnostics":0,"writes":4,"exit_code":0}
{"case_id":"decorator-binding/nested/es2015/define/sibling-default-and-expression","attempts":2,"complete_observations":2,"exception_observations":0,"diagnostics":0,"writes":4,"exit_code":0}
{"case_id":"decorator-binding/nested/es2015/define/sibling-computed-temps","attempts":2,"complete_observations":2,"exception_observations":0,"diagnostics":0,"writes":4,"exit_code":0}
{"case_id":"decorator-binding/nested/es2015/define/ordinary-function-scopes","attempts":2,"complete_observations":2,"exception_observations":0,"diagnostics":0,"writes":4,"exit_code":0}
{"case_id":"decorator-binding/nested/es2015/define/inner-computed-in-outer-computed-scope","attempts":2,"complete_observations":2,"exception_observations":0,"diagnostics":0,"writes":4,"exit_code":0}
{"case_id":"decorator-binding/nested/es2015/define/triple-nesting","attempts":2,"complete_observations":2,"exception_observations":0,"diagnostics":0,"writes":4,"exit_code":0}
{"case_id":"decorator-binding/reserved/es2015/define/file-level-then-static-private-field","attempts":2,"complete_observations":2,"exception_observations":0,"diagnostics":0,"writes":4,"exit_code":0}
{"case_id":"decorator-binding/reserved/es2015/define/static-private-field-then-file-level","attempts":2,"complete_observations":2,"exception_observations":0,"diagnostics":0,"writes":4,"exit_code":0}
{"case_id":"decorator-binding/reserved/es2015/define/file-level-then-static-private-method","attempts":2,"complete_observations":2,"exception_observations":0,"diagnostics":0,"writes":4,"exit_code":0}
{"case_id":"decorator-binding/reserved/es2015/define/static-private-method-then-file-level","attempts":2,"complete_observations":2,"exception_observations":0,"diagnostics":0,"writes":4,"exit_code":0}
{"case_id":"decorator-binding/reserved/es2015/define/file-level-then-static-private-accessor","attempts":2,"complete_observations":2,"exception_observations":0,"diagnostics":0,"writes":4,"exit_code":0}
{"case_id":"decorator-binding/reserved/es2015/define/static-private-accessor-then-file-level","attempts":2,"complete_observations":2,"exception_observations":0,"diagnostics":0,"writes":4,"exit_code":0}
{"case_id":"decorator-binding/reserved/es2015/define/file-level-then-static-auto-accessor","attempts":2,"complete_observations":2,"exception_observations":0,"diagnostics":0,"writes":4,"exit_code":0}
{"case_id":"decorator-binding/reserved/es2015/define/static-auto-accessor-then-file-level","attempts":2,"complete_observations":2,"exception_observations":0,"diagnostics":0,"writes":4,"exit_code":0}
{"case_id":"decorator-binding/reserved/es2015/define/file-level-then-static-private-auto-accessor","attempts":2,"complete_observations":2,"exception_observations":0,"diagnostics":0,"writes":4,"exit_code":0}
{"case_id":"decorator-binding/reserved/es2015/define/static-private-auto-accessor-then-file-level","attempts":2,"complete_observations":2,"exception_observations":0,"diagnostics":0,"writes":4,"exit_code":0}
{"case_id":"decorator-binding/reserved/es2015/define/file-level-then-decorated-static-private-auto-accessor","attempts":2,"complete_observations":2,"exception_observations":0,"diagnostics":0,"writes":4,"exit_code":0}
{"case_id":"decorator-binding/reserved/es2015/define/decorated-static-private-auto-accessor-then-file-level","attempts":2,"complete_observations":2,"exception_observations":0,"diagnostics":0,"writes":4,"exit_code":0}
{"case_id":"decorator-binding/reserved/es2015/define/file-level-then-instance-private-field-only","attempts":2,"complete_observations":2,"exception_observations":0,"diagnostics":0,"writes":4,"exit_code":0}
{"case_id":"decorator-binding/reserved/es2015/define/instance-private-field-only-then-file-level","attempts":2,"complete_observations":2,"exception_observations":0,"diagnostics":0,"writes":4,"exit_code":0}
{"case_id":"decorator-binding/reserved/es2015/define/file-level-then-public-static-field-only","attempts":2,"complete_observations":2,"exception_observations":0,"diagnostics":0,"writes":4,"exit_code":0}
{"case_id":"decorator-binding/reserved/es2015/define/public-static-field-only-then-file-level","attempts":2,"complete_observations":2,"exception_observations":0,"diagnostics":0,"writes":4,"exit_code":0}
{"case_id":"decorator-binding/reserved/es2015/define/file-level-then-instance-auto-accessor-only","attempts":2,"complete_observations":2,"exception_observations":0,"diagnostics":0,"writes":4,"exit_code":0}
{"case_id":"decorator-binding/reserved/es2015/define/instance-auto-accessor-only-then-file-level","attempts":2,"complete_observations":2,"exception_observations":0,"diagnostics":0,"writes":4,"exit_code":0}
{"case_id":"decorator-binding/reserved/es2015/define/file-level-then-static-block-only","attempts":2,"complete_observations":2,"exception_observations":0,"diagnostics":0,"writes":4,"exit_code":0}
{"case_id":"decorator-binding/reserved/es2015/define/static-block-only-then-file-level","attempts":2,"complete_observations":2,"exception_observations":0,"diagnostics":0,"writes":4,"exit_code":0}
{"case_id":"decorator-binding/reserved/es2015/define/scoped-then-scoped","attempts":2,"complete_observations":2,"exception_observations":0,"diagnostics":0,"writes":4,"exit_code":0}
{"case_id":"decorator-binding/reserved/es2015/define/outer-file-level-inner-scoped","attempts":2,"complete_observations":2,"exception_observations":0,"diagnostics":0,"writes":4,"exit_code":0}
{"case_id":"decorator-binding/reserved/es2015/define/outer-scoped-inner-file-level","attempts":2,"complete_observations":2,"exception_observations":0,"diagnostics":0,"writes":4,"exit_code":0}
{"case_id":"decorator-binding/reserved/es2015/define/outer-scoped-inner-scoped","attempts":2,"complete_observations":2,"exception_observations":0,"diagnostics":0,"writes":4,"exit_code":0}
{"case_id":"decorator-binding/reserved/es2015/define/private-accessor-storage-nested","attempts":2,"complete_observations":2,"exception_observations":0,"diagnostics":0,"writes":4,"exit_code":0}
{"case_id":"decorator-binding/reserved/es2015/define/private-accessor-storage-siblings","attempts":2,"complete_observations":2,"exception_observations":0,"diagnostics":0,"writes":4,"exit_code":0}
{"case_id":"decorator-binding/reserved/es2015/define/private-and-public-same-stem","attempts":2,"complete_observations":2,"exception_observations":0,"diagnostics":0,"writes":4,"exit_code":0}
{"case_id":"decorator-binding/reserved/es2015/define/class-this-parsed-and-scoped","attempts":2,"complete_observations":2,"exception_observations":0,"diagnostics":0,"writes":4,"exit_code":0}
{"case_id":"decorator-binding/computed/es2015/define/static-accessor-decorated","attempts":2,"complete_observations":2,"exception_observations":0,"diagnostics":0,"writes":4,"exit_code":0}
{"case_id":"decorator-binding/computed/es2015/define/instance-accessor-decorated","attempts":2,"complete_observations":2,"exception_observations":0,"diagnostics":0,"writes":4,"exit_code":0}
{"case_id":"decorator-binding/computed/es2015/define/method-decorated","attempts":2,"complete_observations":2,"exception_observations":0,"diagnostics":0,"writes":4,"exit_code":0}
{"case_id":"decorator-binding/computed/es2015/define/static-method-decorated","attempts":2,"complete_observations":2,"exception_observations":0,"diagnostics":0,"writes":4,"exit_code":0}
{"case_id":"decorator-binding/computed/es2015/define/getter-setter-decorated","attempts":2,"complete_observations":2,"exception_observations":0,"diagnostics":0,"writes":4,"exit_code":0}
{"case_id":"decorator-binding/computed/es2015/define/field-decorated","attempts":2,"complete_observations":2,"exception_observations":0,"diagnostics":0,"writes":4,"exit_code":0}
{"case_id":"decorator-binding/computed/es2015/define/static-field-decorated","attempts":2,"complete_observations":2,"exception_observations":0,"diagnostics":0,"writes":4,"exit_code":0}
{"case_id":"decorator-binding/computed/es2015/define/multiple-keys","attempts":2,"complete_observations":2,"exception_observations":0,"diagnostics":0,"writes":4,"exit_code":0}
{"case_id":"decorator-binding/computed/es2015/define/user-identifier-_a","attempts":2,"complete_observations":2,"exception_observations":0,"diagnostics":0,"writes":4,"exit_code":0}
{"case_id":"decorator-binding/computed/es2015/define/undecorated-computed-between","attempts":2,"complete_observations":2,"exception_observations":0,"diagnostics":0,"writes":4,"exit_code":0}
{"case_id":"decorator-binding/computed/es2015/define/undecorated-computed-method-after","attempts":2,"complete_observations":2,"exception_observations":0,"diagnostics":1,"writes":4,"exit_code":2}
{"case_id":"decorator-binding/computed/es2015/define/class-expression-computed","attempts":2,"complete_observations":2,"exception_observations":0,"diagnostics":0,"writes":4,"exit_code":0}
{"case_id":"decorator-binding/computed/es2015/define/member-only-decorators-computed","attempts":2,"complete_observations":2,"exception_observations":0,"diagnostics":0,"writes":4,"exit_code":0}
{"case_id":"decorator-binding/computed/es2015/define/computed-literal-and-expression","attempts":2,"complete_observations":2,"exception_observations":0,"diagnostics":0,"writes":4,"exit_code":0}
{"case_id":"decorator-binding/computed/es2015/define/computed-with-decorator-temp","attempts":2,"complete_observations":2,"exception_observations":0,"diagnostics":0,"writes":4,"exit_code":0}
{"case_id":"decorator-binding/computed/es2015/define/computed-in-static-block-nested-class","attempts":2,"complete_observations":2,"exception_observations":0,"diagnostics":0,"writes":4,"exit_code":0}
{"case_id":"decorator-binding/ordering/es2015/define/decorator-temp-and-anonymous-heritage","attempts":2,"complete_observations":2,"exception_observations":0,"diagnostics":0,"writes":4,"exit_code":0}
{"case_id":"decorator-binding/ordering/es2015/define/member-decorator-temp-then-computed","attempts":2,"complete_observations":2,"exception_observations":0,"diagnostics":0,"writes":4,"exit_code":0}
{"case_id":"decorator-binding/ordering/es2015/define/pending-computed-around-constructor","attempts":2,"complete_observations":2,"exception_observations":0,"diagnostics":0,"writes":4,"exit_code":0}
{"case_id":"decorator-binding/ordering/es2015/define/heritage-temp-and-member-temps","attempts":2,"complete_observations":2,"exception_observations":0,"diagnostics":0,"writes":4,"exit_code":0}
{"case_id":"decorator-binding/ordering/es2015/define/outer-this-and-computed-cache","attempts":2,"complete_observations":2,"exception_observations":0,"diagnostics":0,"writes":4,"exit_code":0}
{"case_id":"decorator-binding/ordering/es2015/define/two-classes-decorator-temps","attempts":2,"complete_observations":2,"exception_observations":0,"diagnostics":0,"writes":4,"exit_code":0}
{"case_id":"decorator-binding/lifecycle/es2015/define/bundle-outer-this-two-files","attempts":2,"complete_observations":2,"exception_observations":0,"diagnostics":0,"writes":4,"exit_code":0}
{"case_id":"decorator-binding/lifecycle/es2015/define/bundle-class-expression-two-files","attempts":2,"complete_observations":2,"exception_observations":0,"diagnostics":0,"writes":4,"exit_code":0}
{"case_id":"decorator-binding/lifecycle/es2015/define/bundle-default-two-files","attempts":2,"complete_observations":2,"exception_observations":0,"diagnostics":0,"writes":4,"exit_code":0}
{"case_id":"decorator-binding/lifecycle/es2015/define/bundle-file-level-then-scoped-across-files","attempts":2,"complete_observations":2,"exception_observations":0,"diagnostics":0,"writes":4,"exit_code":0}
{"case_id":"decorator-binding/lifecycle/es2015/define/bundle-parse-census-per-file","attempts":2,"complete_observations":2,"exception_observations":0,"diagnostics":0,"writes":4,"exit_code":0}
{"case_id":"decorator-binding/lifecycle/es2015/define/bundle-scoped-names-two-files","attempts":2,"complete_observations":2,"exception_observations":0,"diagnostics":0,"writes":4,"exit_code":0}
{"case_id":"decorator-binding/lifecycle/es2015/define/bundle-computed-temps-two-files","attempts":2,"complete_observations":2,"exception_observations":0,"diagnostics":0,"writes":4,"exit_code":0}
{"case_id":"decorator-binding/lifecycle/es2015/define/cjs-full-class","attempts":2,"complete_observations":2,"exception_observations":0,"diagnostics":0,"writes":4,"exit_code":0}
{"case_id":"decorator-binding/lifecycle/es2015/define/cjs-default-export","attempts":2,"complete_observations":2,"exception_observations":0,"diagnostics":0,"writes":4,"exit_code":0}
{"case_id":"decorator-binding/lifecycle/es2015/define/cjs-class-expression","attempts":2,"complete_observations":2,"exception_observations":0,"diagnostics":0,"writes":4,"exit_code":0}
{"case_id":"decorator-binding/lifecycle/es2015/define/cjs-computed","attempts":2,"complete_observations":2,"exception_observations":0,"diagnostics":0,"writes":4,"exit_code":0}
{"case_id":"decorator-binding/lifecycle/es2015/define/cjs-global-script-_metadata","attempts":2,"complete_observations":2,"exception_observations":0,"diagnostics":0,"writes":8,"exit_code":0}
{"case_id":"decorator-binding/lifecycle/es2015/define/cjs-sibling-file-level-then-scoped","attempts":2,"complete_observations":2,"exception_observations":0,"diagnostics":0,"writes":4,"exit_code":0}
{"case_id":"decorator-binding/parse-census/es2022/set/declared-_metadata","attempts":2,"complete_observations":2,"exception_observations":0,"diagnostics":0,"writes":4,"exit_code":0}
{"case_id":"decorator-binding/parse-census/es2022/set/declared-_classThis","attempts":2,"complete_observations":2,"exception_observations":0,"diagnostics":0,"writes":4,"exit_code":0}
{"case_id":"decorator-binding/parse-census/es2022/set/declared-_classSuper","attempts":2,"complete_observations":2,"exception_observations":0,"diagnostics":0,"writes":4,"exit_code":0}
{"case_id":"decorator-binding/parse-census/es2022/set/declared-_classDecorators","attempts":2,"complete_observations":2,"exception_observations":0,"diagnostics":0,"writes":4,"exit_code":0}
{"case_id":"decorator-binding/parse-census/es2022/set/declared-_x_decorators","attempts":2,"complete_observations":2,"exception_observations":0,"diagnostics":0,"writes":4,"exit_code":0}
{"case_id":"decorator-binding/parse-census/es2022/set/declared-_static_m_decorators","attempts":2,"complete_observations":2,"exception_observations":0,"diagnostics":0,"writes":4,"exit_code":0}
{"case_id":"decorator-binding/parse-census/es2022/set/declared-_staticExtraInitializers","attempts":2,"complete_observations":2,"exception_observations":0,"diagnostics":0,"writes":4,"exit_code":0}
{"case_id":"decorator-binding/parse-census/es2022/set/declared-_a","attempts":2,"complete_observations":2,"exception_observations":0,"diagnostics":0,"writes":4,"exit_code":0}
{"case_id":"decorator-binding/parse-census/es2022/set/declared-_outerThis","attempts":2,"complete_observations":2,"exception_observations":0,"diagnostics":0,"writes":4,"exit_code":0}
{"case_id":"decorator-binding/parse-census/es2022/set/declared-class_1","attempts":2,"complete_observations":2,"exception_observations":0,"diagnostics":0,"writes":4,"exit_code":0}
{"case_id":"decorator-binding/parse-census/es2022/set/declared-default_1","attempts":2,"complete_observations":2,"exception_observations":0,"diagnostics":0,"writes":4,"exit_code":0}
{"case_id":"decorator-binding/parse-census/es2022/set/declared-after-class-_metadata","attempts":2,"complete_observations":2,"exception_observations":0,"diagnostics":0,"writes":4,"exit_code":0}
{"case_id":"decorator-binding/parse-census/es2022/set/property-key-_metadata","attempts":2,"complete_observations":2,"exception_observations":0,"diagnostics":0,"writes":4,"exit_code":0}
{"case_id":"decorator-binding/parse-census/es2022/set/property-key-_x_decorators","attempts":2,"complete_observations":2,"exception_observations":0,"diagnostics":0,"writes":4,"exit_code":0}
{"case_id":"decorator-binding/parse-census/es2022/set/string-only-_metadata","attempts":2,"complete_observations":2,"exception_observations":0,"diagnostics":0,"writes":4,"exit_code":0}
{"case_id":"decorator-binding/parse-census/es2022/set/comment-only-_metadata","attempts":2,"complete_observations":2,"exception_observations":0,"diagnostics":0,"writes":4,"exit_code":0}
{"case_id":"decorator-binding/parse-census/es2022/set/jsdoc-tag-only-_metadata","attempts":2,"complete_observations":2,"exception_observations":0,"diagnostics":0,"writes":4,"exit_code":0}
{"case_id":"decorator-binding/parse-census/es2022/set/jsdoc-see-only-_classThis","attempts":2,"complete_observations":2,"exception_observations":0,"diagnostics":0,"writes":4,"exit_code":0}
{"case_id":"decorator-binding/parse-census/es2022/set/type-position-only-_metadata","attempts":2,"complete_observations":2,"exception_observations":0,"diagnostics":0,"writes":4,"exit_code":0}
{"case_id":"decorator-binding/parse-census/es2022/set/type-alias-name-_classThis","attempts":2,"complete_observations":2,"exception_observations":0,"diagnostics":0,"writes":4,"exit_code":0}
{"case_id":"decorator-binding/parse-census/es2022/set/nested-scope-only-_metadata","attempts":2,"complete_observations":2,"exception_observations":0,"diagnostics":0,"writes":4,"exit_code":0}
{"case_id":"decorator-binding/parse-census/es2022/set/nested-scope-only-_x_decorators","attempts":2,"complete_observations":2,"exception_observations":0,"diagnostics":0,"writes":4,"exit_code":0}
{"case_id":"decorator-binding/parse-census/es2022/set/escaped-identifier-_metadata","attempts":2,"complete_observations":2,"exception_observations":0,"diagnostics":0,"writes":4,"exit_code":0}
{"case_id":"decorator-binding/parse-census/es2022/set/escaped-identifier-_a","attempts":2,"complete_observations":2,"exception_observations":0,"diagnostics":0,"writes":4,"exit_code":0}
{"case_id":"decorator-binding/parse-census/es2022/set/numbered-taken-_metadata_1","attempts":2,"complete_observations":2,"exception_observations":0,"diagnostics":0,"writes":4,"exit_code":0}
{"case_id":"decorator-binding/parse-census/es2022/set/numbered-taken-_x_decorators_1","attempts":2,"complete_observations":2,"exception_observations":0,"diagnostics":0,"writes":4,"exit_code":0}
{"case_id":"decorator-binding/parse-census/es2022/set/temp-sequence-_a-_b","attempts":2,"complete_observations":2,"exception_observations":0,"diagnostics":0,"writes":4,"exit_code":0}
{"case_id":"decorator-binding/parse-census/es2022/set/class-reference-class_2","attempts":2,"complete_observations":2,"exception_observations":0,"diagnostics":0,"writes":4,"exit_code":0}
{"case_id":"decorator-binding/parse-census/es2022/set/label-only-_metadata","attempts":2,"complete_observations":2,"exception_observations":0,"diagnostics":0,"writes":4,"exit_code":0}
{"case_id":"decorator-binding/global/es2022/set/script-let-_metadata","attempts":2,"complete_observations":2,"exception_observations":0,"diagnostics":0,"writes":8,"exit_code":0}
{"case_id":"decorator-binding/global/es2022/set/script-let-_classThis","attempts":2,"complete_observations":2,"exception_observations":0,"diagnostics":0,"writes":8,"exit_code":0}
{"case_id":"decorator-binding/global/es2022/set/script-let-_classSuper","attempts":2,"complete_observations":2,"exception_observations":0,"diagnostics":0,"writes":8,"exit_code":0}
{"case_id":"decorator-binding/global/es2022/set/script-let-_x_decorators","attempts":2,"complete_observations":2,"exception_observations":0,"diagnostics":0,"writes":8,"exit_code":0}
{"case_id":"decorator-binding/global/es2022/set/script-let-_staticExtraInitializers","attempts":2,"complete_observations":2,"exception_observations":0,"diagnostics":0,"writes":8,"exit_code":0}
{"case_id":"decorator-binding/global/es2022/set/script-let-_a","attempts":2,"complete_observations":2,"exception_observations":0,"diagnostics":0,"writes":8,"exit_code":0}
{"case_id":"decorator-binding/global/es2022/set/script-let-_outerThis","attempts":2,"complete_observations":2,"exception_observations":0,"diagnostics":0,"writes":8,"exit_code":0}
{"case_id":"decorator-binding/global/es2022/set/script-let-class_1","attempts":2,"complete_observations":2,"exception_observations":0,"diagnostics":0,"writes":8,"exit_code":0}
{"case_id":"decorator-binding/global/es2022/set/script-let-default_1","attempts":2,"complete_observations":2,"exception_observations":0,"diagnostics":0,"writes":8,"exit_code":0}
{"case_id":"decorator-binding/global/es2022/set/script-function-_metadata","attempts":2,"complete_observations":2,"exception_observations":0,"diagnostics":0,"writes":8,"exit_code":0}
{"case_id":"decorator-binding/global/es2022/set/script-type-alias-_metadata","attempts":2,"complete_observations":2,"exception_observations":0,"diagnostics":0,"writes":8,"exit_code":0}
{"case_id":"decorator-binding/global/es2022/set/script-namespace-_classThis","attempts":2,"complete_observations":2,"exception_observations":0,"diagnostics":0,"writes":8,"exit_code":0}
{"case_id":"decorator-binding/global/es2022/set/script-declare-let-_metadata","attempts":2,"complete_observations":2,"exception_observations":0,"diagnostics":0,"writes":8,"exit_code":0}
{"case_id":"decorator-binding/global/es2022/set/script-block-scoped-not-global-_metadata","attempts":2,"complete_observations":2,"exception_observations":0,"diagnostics":0,"writes":8,"exit_code":0}
{"case_id":"decorator-binding/global/es2022/set/script-numbered-chain-_metadata","attempts":2,"complete_observations":2,"exception_observations":0,"diagnostics":0,"writes":8,"exit_code":0}
{"case_id":"decorator-binding/global/es2022/set/script-temp-chain-_a-_b","attempts":2,"complete_observations":2,"exception_observations":0,"diagnostics":0,"writes":8,"exit_code":0}
{"case_id":"decorator-binding/global/es2022/set/module-local-_metadata","attempts":2,"complete_observations":2,"exception_observations":0,"diagnostics":0,"writes":8,"exit_code":0}
{"case_id":"decorator-binding/global/es2022/set/module-local-_x_decorators","attempts":2,"complete_observations":2,"exception_observations":0,"diagnostics":0,"writes":8,"exit_code":0}
{"case_id":"decorator-binding/global/es2022/set/declare-global-var-_metadata","attempts":2,"complete_observations":2,"exception_observations":0,"diagnostics":0,"writes":4,"exit_code":0}
{"case_id":"decorator-binding/global/es2022/set/declare-global-in-module-file-_classThis","attempts":2,"complete_observations":2,"exception_observations":0,"diagnostics":0,"writes":8,"exit_code":0}
{"case_id":"decorator-binding/global/es2022/set/script-and-source-both-_metadata","attempts":2,"complete_observations":2,"exception_observations":0,"diagnostics":0,"writes":8,"exit_code":0}
{"case_id":"decorator-binding/nested/es2022/set/inner-in-static-block","attempts":2,"complete_observations":2,"exception_observations":0,"diagnostics":0,"writes":4,"exit_code":0}
{"case_id":"decorator-binding/nested/es2022/set/inner-in-method","attempts":2,"complete_observations":2,"exception_observations":0,"diagnostics":0,"writes":4,"exit_code":0}
{"case_id":"decorator-binding/nested/es2022/set/inner-in-constructor","attempts":2,"complete_observations":2,"exception_observations":0,"diagnostics":0,"writes":4,"exit_code":0}
{"case_id":"decorator-binding/nested/es2022/set/inner-in-static-field-initializer","attempts":2,"complete_observations":2,"exception_observations":0,"diagnostics":0,"writes":4,"exit_code":0}
{"case_id":"decorator-binding/nested/es2022/set/inner-in-instance-field-initializer","attempts":2,"complete_observations":2,"exception_observations":0,"diagnostics":0,"writes":4,"exit_code":0}
{"case_id":"decorator-binding/nested/es2022/set/inner-in-decorator-expression","attempts":2,"complete_observations":2,"exception_observations":0,"diagnostics":0,"writes":4,"exit_code":0}
{"case_id":"decorator-binding/nested/es2022/set/inner-in-heritage","attempts":2,"complete_observations":2,"exception_observations":0,"diagnostics":0,"writes":4,"exit_code":0}
{"case_id":"decorator-binding/nested/es2022/set/sibling-same-members","attempts":2,"complete_observations":2,"exception_observations":0,"diagnostics":0,"writes":4,"exit_code":0}
{"case_id":"decorator-binding/nested/es2022/set/sibling-outer-this-twice","attempts":2,"complete_observations":2,"exception_observations":0,"diagnostics":0,"writes":4,"exit_code":0}
{"case_id":"decorator-binding/nested/es2022/set/sibling-class-expressions","attempts":2,"complete_observations":2,"exception_observations":0,"diagnostics":0,"writes":4,"exit_code":0}
{"case_id":"decorator-binding/nested/es2022/set/sibling-default-and-expression","attempts":2,"complete_observations":2,"exception_observations":0,"diagnostics":0,"writes":4,"exit_code":0}
{"case_id":"decorator-binding/nested/es2022/set/sibling-computed-temps","attempts":2,"complete_observations":2,"exception_observations":0,"diagnostics":0,"writes":4,"exit_code":0}
{"case_id":"decorator-binding/nested/es2022/set/ordinary-function-scopes","attempts":2,"complete_observations":2,"exception_observations":0,"diagnostics":0,"writes":4,"exit_code":0}
{"case_id":"decorator-binding/nested/es2022/set/inner-computed-in-outer-computed-scope","attempts":2,"complete_observations":2,"exception_observations":0,"diagnostics":0,"writes":4,"exit_code":0}
{"case_id":"decorator-binding/nested/es2022/set/triple-nesting","attempts":2,"complete_observations":2,"exception_observations":0,"diagnostics":0,"writes":4,"exit_code":0}
{"case_id":"decorator-binding/reserved/es2022/set/file-level-then-static-private-field","attempts":2,"complete_observations":2,"exception_observations":0,"diagnostics":0,"writes":4,"exit_code":0}
{"case_id":"decorator-binding/reserved/es2022/set/static-private-field-then-file-level","attempts":2,"complete_observations":2,"exception_observations":0,"diagnostics":0,"writes":4,"exit_code":0}
{"case_id":"decorator-binding/reserved/es2022/set/file-level-then-static-private-method","attempts":2,"complete_observations":2,"exception_observations":0,"diagnostics":0,"writes":4,"exit_code":0}
{"case_id":"decorator-binding/reserved/es2022/set/static-private-method-then-file-level","attempts":2,"complete_observations":2,"exception_observations":0,"diagnostics":0,"writes":4,"exit_code":0}
{"case_id":"decorator-binding/reserved/es2022/set/file-level-then-static-private-accessor","attempts":2,"complete_observations":2,"exception_observations":0,"diagnostics":0,"writes":4,"exit_code":0}
{"case_id":"decorator-binding/reserved/es2022/set/static-private-accessor-then-file-level","attempts":2,"complete_observations":2,"exception_observations":0,"diagnostics":0,"writes":4,"exit_code":0}
{"case_id":"decorator-binding/reserved/es2022/set/file-level-then-static-auto-accessor","attempts":2,"complete_observations":2,"exception_observations":0,"diagnostics":0,"writes":4,"exit_code":0}
{"case_id":"decorator-binding/reserved/es2022/set/static-auto-accessor-then-file-level","attempts":2,"complete_observations":2,"exception_observations":0,"diagnostics":0,"writes":4,"exit_code":0}
{"case_id":"decorator-binding/reserved/es2022/set/file-level-then-static-private-auto-accessor","attempts":2,"complete_observations":2,"exception_observations":0,"diagnostics":0,"writes":4,"exit_code":0}
{"case_id":"decorator-binding/reserved/es2022/set/static-private-auto-accessor-then-file-level","attempts":2,"complete_observations":2,"exception_observations":0,"diagnostics":0,"writes":4,"exit_code":0}
{"case_id":"decorator-binding/reserved/es2022/set/file-level-then-decorated-static-private-auto-accessor","attempts":2,"complete_observations":2,"exception_observations":0,"diagnostics":0,"writes":4,"exit_code":0}
{"case_id":"decorator-binding/reserved/es2022/set/decorated-static-private-auto-accessor-then-file-level","attempts":2,"complete_observations":2,"exception_observations":0,"diagnostics":0,"writes":4,"exit_code":0}
{"case_id":"decorator-binding/reserved/es2022/set/file-level-then-instance-private-field-only","attempts":2,"complete_observations":2,"exception_observations":0,"diagnostics":0,"writes":4,"exit_code":0}
{"case_id":"decorator-binding/reserved/es2022/set/instance-private-field-only-then-file-level","attempts":2,"complete_observations":2,"exception_observations":0,"diagnostics":0,"writes":4,"exit_code":0}
{"case_id":"decorator-binding/reserved/es2022/set/file-level-then-public-static-field-only","attempts":2,"complete_observations":2,"exception_observations":0,"diagnostics":0,"writes":4,"exit_code":0}
{"case_id":"decorator-binding/reserved/es2022/set/public-static-field-only-then-file-level","attempts":2,"complete_observations":2,"exception_observations":0,"diagnostics":0,"writes":4,"exit_code":0}
{"case_id":"decorator-binding/reserved/es2022/set/file-level-then-instance-auto-accessor-only","attempts":2,"complete_observations":2,"exception_observations":0,"diagnostics":0,"writes":4,"exit_code":0}
{"case_id":"decorator-binding/reserved/es2022/set/instance-auto-accessor-only-then-file-level","attempts":2,"complete_observations":2,"exception_observations":0,"diagnostics":0,"writes":4,"exit_code":0}
{"case_id":"decorator-binding/reserved/es2022/set/file-level-then-static-block-only","attempts":2,"complete_observations":2,"exception_observations":0,"diagnostics":0,"writes":4,"exit_code":0}
{"case_id":"decorator-binding/reserved/es2022/set/static-block-only-then-file-level","attempts":2,"complete_observations":2,"exception_observations":0,"diagnostics":0,"writes":4,"exit_code":0}
{"case_id":"decorator-binding/reserved/es2022/set/scoped-then-scoped","attempts":2,"complete_observations":2,"exception_observations":0,"diagnostics":0,"writes":4,"exit_code":0}
{"case_id":"decorator-binding/reserved/es2022/set/outer-file-level-inner-scoped","attempts":2,"complete_observations":2,"exception_observations":0,"diagnostics":0,"writes":4,"exit_code":0}
{"case_id":"decorator-binding/reserved/es2022/set/outer-scoped-inner-file-level","attempts":2,"complete_observations":2,"exception_observations":0,"diagnostics":0,"writes":4,"exit_code":0}
{"case_id":"decorator-binding/reserved/es2022/set/outer-scoped-inner-scoped","attempts":2,"complete_observations":2,"exception_observations":0,"diagnostics":0,"writes":4,"exit_code":0}
{"case_id":"decorator-binding/reserved/es2022/set/private-accessor-storage-nested","attempts":2,"complete_observations":2,"exception_observations":0,"diagnostics":0,"writes":4,"exit_code":0}
{"case_id":"decorator-binding/reserved/es2022/set/private-accessor-storage-siblings","attempts":2,"complete_observations":2,"exception_observations":0,"diagnostics":0,"writes":4,"exit_code":0}
{"case_id":"decorator-binding/reserved/es2022/set/private-and-public-same-stem","attempts":2,"complete_observations":2,"exception_observations":0,"diagnostics":0,"writes":4,"exit_code":0}
{"case_id":"decorator-binding/reserved/es2022/set/class-this-parsed-and-scoped","attempts":2,"complete_observations":2,"exception_observations":0,"diagnostics":0,"writes":4,"exit_code":0}
{"case_id":"decorator-binding/computed/es2022/set/static-accessor-decorated","attempts":2,"complete_observations":2,"exception_observations":0,"diagnostics":0,"writes":4,"exit_code":0}
{"case_id":"decorator-binding/computed/es2022/set/instance-accessor-decorated","attempts":2,"complete_observations":2,"exception_observations":0,"diagnostics":0,"writes":4,"exit_code":0}
{"case_id":"decorator-binding/computed/es2022/set/method-decorated","attempts":2,"complete_observations":2,"exception_observations":0,"diagnostics":0,"writes":4,"exit_code":0}
{"case_id":"decorator-binding/computed/es2022/set/static-method-decorated","attempts":2,"complete_observations":2,"exception_observations":0,"diagnostics":0,"writes":4,"exit_code":0}
{"case_id":"decorator-binding/computed/es2022/set/getter-setter-decorated","attempts":2,"complete_observations":2,"exception_observations":0,"diagnostics":0,"writes":4,"exit_code":0}
{"case_id":"decorator-binding/computed/es2022/set/field-decorated","attempts":2,"complete_observations":2,"exception_observations":0,"diagnostics":0,"writes":4,"exit_code":0}
{"case_id":"decorator-binding/computed/es2022/set/static-field-decorated","attempts":2,"complete_observations":2,"exception_observations":0,"diagnostics":0,"writes":4,"exit_code":0}
{"case_id":"decorator-binding/computed/es2022/set/multiple-keys","attempts":2,"complete_observations":2,"exception_observations":0,"diagnostics":0,"writes":4,"exit_code":0}
{"case_id":"decorator-binding/computed/es2022/set/user-identifier-_a","attempts":2,"complete_observations":2,"exception_observations":0,"diagnostics":0,"writes":4,"exit_code":0}
{"case_id":"decorator-binding/computed/es2022/set/undecorated-computed-between","attempts":2,"complete_observations":2,"exception_observations":0,"diagnostics":0,"writes":4,"exit_code":0}
{"case_id":"decorator-binding/computed/es2022/set/undecorated-computed-method-after","attempts":2,"complete_observations":2,"exception_observations":0,"diagnostics":1,"writes":4,"exit_code":2}
{"case_id":"decorator-binding/computed/es2022/set/class-expression-computed","attempts":2,"complete_observations":2,"exception_observations":0,"diagnostics":0,"writes":4,"exit_code":0}
{"case_id":"decorator-binding/computed/es2022/set/member-only-decorators-computed","attempts":2,"complete_observations":2,"exception_observations":0,"diagnostics":0,"writes":4,"exit_code":0}
{"case_id":"decorator-binding/computed/es2022/set/computed-literal-and-expression","attempts":2,"complete_observations":2,"exception_observations":0,"diagnostics":0,"writes":4,"exit_code":0}
{"case_id":"decorator-binding/computed/es2022/set/computed-with-decorator-temp","attempts":2,"complete_observations":2,"exception_observations":0,"diagnostics":0,"writes":4,"exit_code":0}
{"case_id":"decorator-binding/computed/es2022/set/computed-in-static-block-nested-class","attempts":2,"complete_observations":2,"exception_observations":0,"diagnostics":0,"writes":4,"exit_code":0}
{"case_id":"decorator-binding/ordering/es2022/set/decorator-temp-and-anonymous-heritage","attempts":2,"complete_observations":2,"exception_observations":0,"diagnostics":0,"writes":4,"exit_code":0}
{"case_id":"decorator-binding/ordering/es2022/set/member-decorator-temp-then-computed","attempts":2,"complete_observations":2,"exception_observations":0,"diagnostics":0,"writes":4,"exit_code":0}
{"case_id":"decorator-binding/ordering/es2022/set/pending-computed-around-constructor","attempts":2,"complete_observations":2,"exception_observations":0,"diagnostics":0,"writes":4,"exit_code":0}
{"case_id":"decorator-binding/ordering/es2022/set/heritage-temp-and-member-temps","attempts":2,"complete_observations":2,"exception_observations":0,"diagnostics":0,"writes":4,"exit_code":0}
{"case_id":"decorator-binding/ordering/es2022/set/outer-this-and-computed-cache","attempts":2,"complete_observations":2,"exception_observations":0,"diagnostics":0,"writes":4,"exit_code":0}
{"case_id":"decorator-binding/ordering/es2022/set/two-classes-decorator-temps","attempts":2,"complete_observations":2,"exception_observations":0,"diagnostics":0,"writes":4,"exit_code":0}
{"case_id":"decorator-binding/lifecycle/es2022/set/bundle-outer-this-two-files","attempts":2,"complete_observations":2,"exception_observations":0,"diagnostics":0,"writes":4,"exit_code":0}
{"case_id":"decorator-binding/lifecycle/es2022/set/bundle-class-expression-two-files","attempts":2,"complete_observations":2,"exception_observations":0,"diagnostics":0,"writes":4,"exit_code":0}
{"case_id":"decorator-binding/lifecycle/es2022/set/bundle-default-two-files","attempts":2,"complete_observations":2,"exception_observations":0,"diagnostics":0,"writes":4,"exit_code":0}
{"case_id":"decorator-binding/lifecycle/es2022/set/bundle-file-level-then-scoped-across-files","attempts":2,"complete_observations":2,"exception_observations":0,"diagnostics":0,"writes":4,"exit_code":0}
{"case_id":"decorator-binding/lifecycle/es2022/set/bundle-parse-census-per-file","attempts":2,"complete_observations":2,"exception_observations":0,"diagnostics":0,"writes":4,"exit_code":0}
{"case_id":"decorator-binding/lifecycle/es2022/set/bundle-scoped-names-two-files","attempts":2,"complete_observations":2,"exception_observations":0,"diagnostics":0,"writes":4,"exit_code":0}
{"case_id":"decorator-binding/lifecycle/es2022/set/bundle-computed-temps-two-files","attempts":2,"complete_observations":2,"exception_observations":0,"diagnostics":0,"writes":4,"exit_code":0}
{"case_id":"decorator-binding/lifecycle/es2022/set/cjs-full-class","attempts":2,"complete_observations":2,"exception_observations":0,"diagnostics":0,"writes":4,"exit_code":0}
{"case_id":"decorator-binding/lifecycle/es2022/set/cjs-default-export","attempts":2,"complete_observations":2,"exception_observations":0,"diagnostics":0,"writes":4,"exit_code":0}
{"case_id":"decorator-binding/lifecycle/es2022/set/cjs-class-expression","attempts":2,"complete_observations":2,"exception_observations":0,"diagnostics":0,"writes":4,"exit_code":0}
{"case_id":"decorator-binding/lifecycle/es2022/set/cjs-computed","attempts":2,"complete_observations":2,"exception_observations":0,"diagnostics":0,"writes":4,"exit_code":0}
{"case_id":"decorator-binding/lifecycle/es2022/set/cjs-global-script-_metadata","attempts":2,"complete_observations":2,"exception_observations":0,"diagnostics":0,"writes":8,"exit_code":0}
{"case_id":"decorator-binding/lifecycle/es2022/set/cjs-sibling-file-level-then-scoped","attempts":2,"complete_observations":2,"exception_observations":0,"diagnostics":0,"writes":4,"exit_code":0}
{"case_id":"decorator-binding/parse-census/es2022/define/declared-_metadata","attempts":2,"complete_observations":2,"exception_observations":0,"diagnostics":0,"writes":4,"exit_code":0}
{"case_id":"decorator-binding/parse-census/es2022/define/declared-_classThis","attempts":2,"complete_observations":2,"exception_observations":0,"diagnostics":0,"writes":4,"exit_code":0}
{"case_id":"decorator-binding/parse-census/es2022/define/declared-_classSuper","attempts":2,"complete_observations":2,"exception_observations":0,"diagnostics":0,"writes":4,"exit_code":0}
{"case_id":"decorator-binding/parse-census/es2022/define/declared-_classDecorators","attempts":2,"complete_observations":2,"exception_observations":0,"diagnostics":0,"writes":4,"exit_code":0}
{"case_id":"decorator-binding/parse-census/es2022/define/declared-_x_decorators","attempts":2,"complete_observations":2,"exception_observations":0,"diagnostics":0,"writes":4,"exit_code":0}
{"case_id":"decorator-binding/parse-census/es2022/define/declared-_static_m_decorators","attempts":2,"complete_observations":2,"exception_observations":0,"diagnostics":0,"writes":4,"exit_code":0}
{"case_id":"decorator-binding/parse-census/es2022/define/declared-_staticExtraInitializers","attempts":2,"complete_observations":2,"exception_observations":0,"diagnostics":0,"writes":4,"exit_code":0}
{"case_id":"decorator-binding/parse-census/es2022/define/declared-_a","attempts":2,"complete_observations":2,"exception_observations":0,"diagnostics":0,"writes":4,"exit_code":0}
{"case_id":"decorator-binding/parse-census/es2022/define/declared-_outerThis","attempts":2,"complete_observations":2,"exception_observations":0,"diagnostics":0,"writes":4,"exit_code":0}
{"case_id":"decorator-binding/parse-census/es2022/define/declared-class_1","attempts":2,"complete_observations":2,"exception_observations":0,"diagnostics":0,"writes":4,"exit_code":0}
{"case_id":"decorator-binding/parse-census/es2022/define/declared-default_1","attempts":2,"complete_observations":2,"exception_observations":0,"diagnostics":0,"writes":4,"exit_code":0}
{"case_id":"decorator-binding/parse-census/es2022/define/declared-after-class-_metadata","attempts":2,"complete_observations":2,"exception_observations":0,"diagnostics":0,"writes":4,"exit_code":0}
{"case_id":"decorator-binding/parse-census/es2022/define/property-key-_metadata","attempts":2,"complete_observations":2,"exception_observations":0,"diagnostics":0,"writes":4,"exit_code":0}
{"case_id":"decorator-binding/parse-census/es2022/define/property-key-_x_decorators","attempts":2,"complete_observations":2,"exception_observations":0,"diagnostics":0,"writes":4,"exit_code":0}
{"case_id":"decorator-binding/parse-census/es2022/define/string-only-_metadata","attempts":2,"complete_observations":2,"exception_observations":0,"diagnostics":0,"writes":4,"exit_code":0}
{"case_id":"decorator-binding/parse-census/es2022/define/comment-only-_metadata","attempts":2,"complete_observations":2,"exception_observations":0,"diagnostics":0,"writes":4,"exit_code":0}
{"case_id":"decorator-binding/parse-census/es2022/define/jsdoc-tag-only-_metadata","attempts":2,"complete_observations":2,"exception_observations":0,"diagnostics":0,"writes":4,"exit_code":0}
{"case_id":"decorator-binding/parse-census/es2022/define/jsdoc-see-only-_classThis","attempts":2,"complete_observations":2,"exception_observations":0,"diagnostics":0,"writes":4,"exit_code":0}
{"case_id":"decorator-binding/parse-census/es2022/define/type-position-only-_metadata","attempts":2,"complete_observations":2,"exception_observations":0,"diagnostics":0,"writes":4,"exit_code":0}
{"case_id":"decorator-binding/parse-census/es2022/define/type-alias-name-_classThis","attempts":2,"complete_observations":2,"exception_observations":0,"diagnostics":0,"writes":4,"exit_code":0}
{"case_id":"decorator-binding/parse-census/es2022/define/nested-scope-only-_metadata","attempts":2,"complete_observations":2,"exception_observations":0,"diagnostics":0,"writes":4,"exit_code":0}
{"case_id":"decorator-binding/parse-census/es2022/define/nested-scope-only-_x_decorators","attempts":2,"complete_observations":2,"exception_observations":0,"diagnostics":0,"writes":4,"exit_code":0}
{"case_id":"decorator-binding/parse-census/es2022/define/escaped-identifier-_metadata","attempts":2,"complete_observations":2,"exception_observations":0,"diagnostics":0,"writes":4,"exit_code":0}
{"case_id":"decorator-binding/parse-census/es2022/define/escaped-identifier-_a","attempts":2,"complete_observations":2,"exception_observations":0,"diagnostics":0,"writes":4,"exit_code":0}
{"case_id":"decorator-binding/parse-census/es2022/define/numbered-taken-_metadata_1","attempts":2,"complete_observations":2,"exception_observations":0,"diagnostics":0,"writes":4,"exit_code":0}
{"case_id":"decorator-binding/parse-census/es2022/define/numbered-taken-_x_decorators_1","attempts":2,"complete_observations":2,"exception_observations":0,"diagnostics":0,"writes":4,"exit_code":0}
{"case_id":"decorator-binding/parse-census/es2022/define/temp-sequence-_a-_b","attempts":2,"complete_observations":2,"exception_observations":0,"diagnostics":0,"writes":4,"exit_code":0}
{"case_id":"decorator-binding/parse-census/es2022/define/class-reference-class_2","attempts":2,"complete_observations":2,"exception_observations":0,"diagnostics":0,"writes":4,"exit_code":0}
{"case_id":"decorator-binding/parse-census/es2022/define/label-only-_metadata","attempts":2,"complete_observations":2,"exception_observations":0,"diagnostics":0,"writes":4,"exit_code":0}
{"case_id":"decorator-binding/global/es2022/define/script-let-_metadata","attempts":2,"complete_observations":2,"exception_observations":0,"diagnostics":0,"writes":8,"exit_code":0}
{"case_id":"decorator-binding/global/es2022/define/script-let-_classThis","attempts":2,"complete_observations":2,"exception_observations":0,"diagnostics":0,"writes":8,"exit_code":0}
{"case_id":"decorator-binding/global/es2022/define/script-let-_classSuper","attempts":2,"complete_observations":2,"exception_observations":0,"diagnostics":0,"writes":8,"exit_code":0}
{"case_id":"decorator-binding/global/es2022/define/script-let-_x_decorators","attempts":2,"complete_observations":2,"exception_observations":0,"diagnostics":0,"writes":8,"exit_code":0}
{"case_id":"decorator-binding/global/es2022/define/script-let-_staticExtraInitializers","attempts":2,"complete_observations":2,"exception_observations":0,"diagnostics":0,"writes":8,"exit_code":0}
{"case_id":"decorator-binding/global/es2022/define/script-let-_a","attempts":2,"complete_observations":2,"exception_observations":0,"diagnostics":0,"writes":8,"exit_code":0}
{"case_id":"decorator-binding/global/es2022/define/script-let-_outerThis","attempts":2,"complete_observations":2,"exception_observations":0,"diagnostics":0,"writes":8,"exit_code":0}
{"case_id":"decorator-binding/global/es2022/define/script-let-class_1","attempts":2,"complete_observations":2,"exception_observations":0,"diagnostics":0,"writes":8,"exit_code":0}
{"case_id":"decorator-binding/global/es2022/define/script-let-default_1","attempts":2,"complete_observations":2,"exception_observations":0,"diagnostics":0,"writes":8,"exit_code":0}
{"case_id":"decorator-binding/global/es2022/define/script-function-_metadata","attempts":2,"complete_observations":2,"exception_observations":0,"diagnostics":0,"writes":8,"exit_code":0}
{"case_id":"decorator-binding/global/es2022/define/script-type-alias-_metadata","attempts":2,"complete_observations":2,"exception_observations":0,"diagnostics":0,"writes":8,"exit_code":0}
{"case_id":"decorator-binding/global/es2022/define/script-namespace-_classThis","attempts":2,"complete_observations":2,"exception_observations":0,"diagnostics":0,"writes":8,"exit_code":0}
{"case_id":"decorator-binding/global/es2022/define/script-declare-let-_metadata","attempts":2,"complete_observations":2,"exception_observations":0,"diagnostics":0,"writes":8,"exit_code":0}
{"case_id":"decorator-binding/global/es2022/define/script-block-scoped-not-global-_metadata","attempts":2,"complete_observations":2,"exception_observations":0,"diagnostics":0,"writes":8,"exit_code":0}
{"case_id":"decorator-binding/global/es2022/define/script-numbered-chain-_metadata","attempts":2,"complete_observations":2,"exception_observations":0,"diagnostics":0,"writes":8,"exit_code":0}
{"case_id":"decorator-binding/global/es2022/define/script-temp-chain-_a-_b","attempts":2,"complete_observations":2,"exception_observations":0,"diagnostics":0,"writes":8,"exit_code":0}
{"case_id":"decorator-binding/global/es2022/define/module-local-_metadata","attempts":2,"complete_observations":2,"exception_observations":0,"diagnostics":0,"writes":8,"exit_code":0}
{"case_id":"decorator-binding/global/es2022/define/module-local-_x_decorators","attempts":2,"complete_observations":2,"exception_observations":0,"diagnostics":0,"writes":8,"exit_code":0}
{"case_id":"decorator-binding/global/es2022/define/declare-global-var-_metadata","attempts":2,"complete_observations":2,"exception_observations":0,"diagnostics":0,"writes":4,"exit_code":0}
{"case_id":"decorator-binding/global/es2022/define/declare-global-in-module-file-_classThis","attempts":2,"complete_observations":2,"exception_observations":0,"diagnostics":0,"writes":8,"exit_code":0}
{"case_id":"decorator-binding/global/es2022/define/script-and-source-both-_metadata","attempts":2,"complete_observations":2,"exception_observations":0,"diagnostics":0,"writes":8,"exit_code":0}
{"case_id":"decorator-binding/nested/es2022/define/inner-in-static-block","attempts":2,"complete_observations":2,"exception_observations":0,"diagnostics":0,"writes":4,"exit_code":0}
{"case_id":"decorator-binding/nested/es2022/define/inner-in-method","attempts":2,"complete_observations":2,"exception_observations":0,"diagnostics":0,"writes":4,"exit_code":0}
{"case_id":"decorator-binding/nested/es2022/define/inner-in-constructor","attempts":2,"complete_observations":2,"exception_observations":0,"diagnostics":0,"writes":4,"exit_code":0}
{"case_id":"decorator-binding/nested/es2022/define/inner-in-static-field-initializer","attempts":2,"complete_observations":2,"exception_observations":0,"diagnostics":0,"writes":4,"exit_code":0}
{"case_id":"decorator-binding/nested/es2022/define/inner-in-instance-field-initializer","attempts":2,"complete_observations":2,"exception_observations":0,"diagnostics":0,"writes":4,"exit_code":0}
{"case_id":"decorator-binding/nested/es2022/define/inner-in-decorator-expression","attempts":2,"complete_observations":2,"exception_observations":0,"diagnostics":0,"writes":4,"exit_code":0}
{"case_id":"decorator-binding/nested/es2022/define/inner-in-heritage","attempts":2,"complete_observations":2,"exception_observations":0,"diagnostics":0,"writes":4,"exit_code":0}
{"case_id":"decorator-binding/nested/es2022/define/sibling-same-members","attempts":2,"complete_observations":2,"exception_observations":0,"diagnostics":0,"writes":4,"exit_code":0}
{"case_id":"decorator-binding/nested/es2022/define/sibling-outer-this-twice","attempts":2,"complete_observations":2,"exception_observations":0,"diagnostics":0,"writes":4,"exit_code":0}
{"case_id":"decorator-binding/nested/es2022/define/sibling-class-expressions","attempts":2,"complete_observations":2,"exception_observations":0,"diagnostics":0,"writes":4,"exit_code":0}
{"case_id":"decorator-binding/nested/es2022/define/sibling-default-and-expression","attempts":2,"complete_observations":2,"exception_observations":0,"diagnostics":0,"writes":4,"exit_code":0}
{"case_id":"decorator-binding/nested/es2022/define/sibling-computed-temps","attempts":2,"complete_observations":2,"exception_observations":0,"diagnostics":0,"writes":4,"exit_code":0}
{"case_id":"decorator-binding/nested/es2022/define/ordinary-function-scopes","attempts":2,"complete_observations":2,"exception_observations":0,"diagnostics":0,"writes":4,"exit_code":0}
{"case_id":"decorator-binding/nested/es2022/define/inner-computed-in-outer-computed-scope","attempts":2,"complete_observations":2,"exception_observations":0,"diagnostics":0,"writes":4,"exit_code":0}
{"case_id":"decorator-binding/nested/es2022/define/triple-nesting","attempts":2,"complete_observations":2,"exception_observations":0,"diagnostics":0,"writes":4,"exit_code":0}
{"case_id":"decorator-binding/reserved/es2022/define/file-level-then-static-private-field","attempts":2,"complete_observations":2,"exception_observations":0,"diagnostics":0,"writes":4,"exit_code":0}
{"case_id":"decorator-binding/reserved/es2022/define/static-private-field-then-file-level","attempts":2,"complete_observations":2,"exception_observations":0,"diagnostics":0,"writes":4,"exit_code":0}
{"case_id":"decorator-binding/reserved/es2022/define/file-level-then-static-private-method","attempts":2,"complete_observations":2,"exception_observations":0,"diagnostics":0,"writes":4,"exit_code":0}
{"case_id":"decorator-binding/reserved/es2022/define/static-private-method-then-file-level","attempts":2,"complete_observations":2,"exception_observations":0,"diagnostics":0,"writes":4,"exit_code":0}
{"case_id":"decorator-binding/reserved/es2022/define/file-level-then-static-private-accessor","attempts":2,"complete_observations":2,"exception_observations":0,"diagnostics":0,"writes":4,"exit_code":0}
{"case_id":"decorator-binding/reserved/es2022/define/static-private-accessor-then-file-level","attempts":2,"complete_observations":2,"exception_observations":0,"diagnostics":0,"writes":4,"exit_code":0}
{"case_id":"decorator-binding/reserved/es2022/define/file-level-then-static-auto-accessor","attempts":2,"complete_observations":2,"exception_observations":0,"diagnostics":0,"writes":4,"exit_code":0}
{"case_id":"decorator-binding/reserved/es2022/define/static-auto-accessor-then-file-level","attempts":2,"complete_observations":2,"exception_observations":0,"diagnostics":0,"writes":4,"exit_code":0}
{"case_id":"decorator-binding/reserved/es2022/define/file-level-then-static-private-auto-accessor","attempts":2,"complete_observations":2,"exception_observations":0,"diagnostics":0,"writes":4,"exit_code":0}
{"case_id":"decorator-binding/reserved/es2022/define/static-private-auto-accessor-then-file-level","attempts":2,"complete_observations":2,"exception_observations":0,"diagnostics":0,"writes":4,"exit_code":0}
{"case_id":"decorator-binding/reserved/es2022/define/file-level-then-decorated-static-private-auto-accessor","attempts":2,"complete_observations":2,"exception_observations":0,"diagnostics":0,"writes":4,"exit_code":0}
{"case_id":"decorator-binding/reserved/es2022/define/decorated-static-private-auto-accessor-then-file-level","attempts":2,"complete_observations":2,"exception_observations":0,"diagnostics":0,"writes":4,"exit_code":0}
{"case_id":"decorator-binding/reserved/es2022/define/file-level-then-instance-private-field-only","attempts":2,"complete_observations":2,"exception_observations":0,"diagnostics":0,"writes":4,"exit_code":0}
{"case_id":"decorator-binding/reserved/es2022/define/instance-private-field-only-then-file-level","attempts":2,"complete_observations":2,"exception_observations":0,"diagnostics":0,"writes":4,"exit_code":0}
{"case_id":"decorator-binding/reserved/es2022/define/file-level-then-public-static-field-only","attempts":2,"complete_observations":2,"exception_observations":0,"diagnostics":0,"writes":4,"exit_code":0}
{"case_id":"decorator-binding/reserved/es2022/define/public-static-field-only-then-file-level","attempts":2,"complete_observations":2,"exception_observations":0,"diagnostics":0,"writes":4,"exit_code":0}
{"case_id":"decorator-binding/reserved/es2022/define/file-level-then-instance-auto-accessor-only","attempts":2,"complete_observations":2,"exception_observations":0,"diagnostics":0,"writes":4,"exit_code":0}
{"case_id":"decorator-binding/reserved/es2022/define/instance-auto-accessor-only-then-file-level","attempts":2,"complete_observations":2,"exception_observations":0,"diagnostics":0,"writes":4,"exit_code":0}
{"case_id":"decorator-binding/reserved/es2022/define/file-level-then-static-block-only","attempts":2,"complete_observations":2,"exception_observations":0,"diagnostics":0,"writes":4,"exit_code":0}
{"case_id":"decorator-binding/reserved/es2022/define/static-block-only-then-file-level","attempts":2,"complete_observations":2,"exception_observations":0,"diagnostics":0,"writes":4,"exit_code":0}
{"case_id":"decorator-binding/reserved/es2022/define/scoped-then-scoped","attempts":2,"complete_observations":2,"exception_observations":0,"diagnostics":0,"writes":4,"exit_code":0}
{"case_id":"decorator-binding/reserved/es2022/define/outer-file-level-inner-scoped","attempts":2,"complete_observations":2,"exception_observations":0,"diagnostics":0,"writes":4,"exit_code":0}
{"case_id":"decorator-binding/reserved/es2022/define/outer-scoped-inner-file-level","attempts":2,"complete_observations":2,"exception_observations":0,"diagnostics":0,"writes":4,"exit_code":0}
{"case_id":"decorator-binding/reserved/es2022/define/outer-scoped-inner-scoped","attempts":2,"complete_observations":2,"exception_observations":0,"diagnostics":0,"writes":4,"exit_code":0}
{"case_id":"decorator-binding/reserved/es2022/define/private-accessor-storage-nested","attempts":2,"complete_observations":2,"exception_observations":0,"diagnostics":0,"writes":4,"exit_code":0}
{"case_id":"decorator-binding/reserved/es2022/define/private-accessor-storage-siblings","attempts":2,"complete_observations":2,"exception_observations":0,"diagnostics":0,"writes":4,"exit_code":0}
{"case_id":"decorator-binding/reserved/es2022/define/private-and-public-same-stem","attempts":2,"complete_observations":2,"exception_observations":0,"diagnostics":0,"writes":4,"exit_code":0}
{"case_id":"decorator-binding/reserved/es2022/define/class-this-parsed-and-scoped","attempts":2,"complete_observations":2,"exception_observations":0,"diagnostics":0,"writes":4,"exit_code":0}
{"case_id":"decorator-binding/computed/es2022/define/static-accessor-decorated","attempts":2,"complete_observations":2,"exception_observations":0,"diagnostics":0,"writes":4,"exit_code":0}
{"case_id":"decorator-binding/computed/es2022/define/instance-accessor-decorated","attempts":2,"complete_observations":2,"exception_observations":0,"diagnostics":0,"writes":4,"exit_code":0}
{"case_id":"decorator-binding/computed/es2022/define/method-decorated","attempts":2,"complete_observations":2,"exception_observations":0,"diagnostics":0,"writes":4,"exit_code":0}
{"case_id":"decorator-binding/computed/es2022/define/static-method-decorated","attempts":2,"complete_observations":2,"exception_observations":0,"diagnostics":0,"writes":4,"exit_code":0}
{"case_id":"decorator-binding/computed/es2022/define/getter-setter-decorated","attempts":2,"complete_observations":2,"exception_observations":0,"diagnostics":0,"writes":4,"exit_code":0}
{"case_id":"decorator-binding/computed/es2022/define/field-decorated","attempts":2,"complete_observations":2,"exception_observations":0,"diagnostics":0,"writes":4,"exit_code":0}
{"case_id":"decorator-binding/computed/es2022/define/static-field-decorated","attempts":2,"complete_observations":2,"exception_observations":0,"diagnostics":0,"writes":4,"exit_code":0}
{"case_id":"decorator-binding/computed/es2022/define/multiple-keys","attempts":2,"complete_observations":2,"exception_observations":0,"diagnostics":0,"writes":4,"exit_code":0}
{"case_id":"decorator-binding/computed/es2022/define/user-identifier-_a","attempts":2,"complete_observations":2,"exception_observations":0,"diagnostics":0,"writes":4,"exit_code":0}
{"case_id":"decorator-binding/computed/es2022/define/undecorated-computed-between","attempts":2,"complete_observations":2,"exception_observations":0,"diagnostics":0,"writes":4,"exit_code":0}
{"case_id":"decorator-binding/computed/es2022/define/undecorated-computed-method-after","attempts":2,"complete_observations":2,"exception_observations":0,"diagnostics":1,"writes":4,"exit_code":2}
{"case_id":"decorator-binding/computed/es2022/define/class-expression-computed","attempts":2,"complete_observations":2,"exception_observations":0,"diagnostics":0,"writes":4,"exit_code":0}
{"case_id":"decorator-binding/computed/es2022/define/member-only-decorators-computed","attempts":2,"complete_observations":2,"exception_observations":0,"diagnostics":0,"writes":4,"exit_code":0}
{"case_id":"decorator-binding/computed/es2022/define/computed-literal-and-expression","attempts":2,"complete_observations":2,"exception_observations":0,"diagnostics":0,"writes":4,"exit_code":0}
{"case_id":"decorator-binding/computed/es2022/define/computed-with-decorator-temp","attempts":2,"complete_observations":2,"exception_observations":0,"diagnostics":0,"writes":4,"exit_code":0}
{"case_id":"decorator-binding/computed/es2022/define/computed-in-static-block-nested-class","attempts":2,"complete_observations":2,"exception_observations":0,"diagnostics":0,"writes":4,"exit_code":0}
{"case_id":"decorator-binding/ordering/es2022/define/decorator-temp-and-anonymous-heritage","attempts":2,"complete_observations":2,"exception_observations":0,"diagnostics":0,"writes":4,"exit_code":0}
{"case_id":"decorator-binding/ordering/es2022/define/member-decorator-temp-then-computed","attempts":2,"complete_observations":2,"exception_observations":0,"diagnostics":0,"writes":4,"exit_code":0}
{"case_id":"decorator-binding/ordering/es2022/define/pending-computed-around-constructor","attempts":2,"complete_observations":2,"exception_observations":0,"diagnostics":0,"writes":4,"exit_code":0}
{"case_id":"decorator-binding/ordering/es2022/define/heritage-temp-and-member-temps","attempts":2,"complete_observations":2,"exception_observations":0,"diagnostics":0,"writes":4,"exit_code":0}
{"case_id":"decorator-binding/ordering/es2022/define/outer-this-and-computed-cache","attempts":2,"complete_observations":2,"exception_observations":0,"diagnostics":0,"writes":4,"exit_code":0}
{"case_id":"decorator-binding/ordering/es2022/define/two-classes-decorator-temps","attempts":2,"complete_observations":2,"exception_observations":0,"diagnostics":0,"writes":4,"exit_code":0}
{"case_id":"decorator-binding/lifecycle/es2022/define/bundle-outer-this-two-files","attempts":2,"complete_observations":2,"exception_observations":0,"diagnostics":0,"writes":4,"exit_code":0}
{"case_id":"decorator-binding/lifecycle/es2022/define/bundle-class-expression-two-files","attempts":2,"complete_observations":2,"exception_observations":0,"diagnostics":0,"writes":4,"exit_code":0}
{"case_id":"decorator-binding/lifecycle/es2022/define/bundle-default-two-files","attempts":2,"complete_observations":2,"exception_observations":0,"diagnostics":0,"writes":4,"exit_code":0}
{"case_id":"decorator-binding/lifecycle/es2022/define/bundle-file-level-then-scoped-across-files","attempts":2,"complete_observations":2,"exception_observations":0,"diagnostics":0,"writes":4,"exit_code":0}
{"case_id":"decorator-binding/lifecycle/es2022/define/bundle-parse-census-per-file","attempts":2,"complete_observations":2,"exception_observations":0,"diagnostics":0,"writes":4,"exit_code":0}
{"case_id":"decorator-binding/lifecycle/es2022/define/bundle-scoped-names-two-files","attempts":2,"complete_observations":2,"exception_observations":0,"diagnostics":0,"writes":4,"exit_code":0}
{"case_id":"decorator-binding/lifecycle/es2022/define/bundle-computed-temps-two-files","attempts":2,"complete_observations":2,"exception_observations":0,"diagnostics":0,"writes":4,"exit_code":0}
{"case_id":"decorator-binding/lifecycle/es2022/define/cjs-full-class","attempts":2,"complete_observations":2,"exception_observations":0,"diagnostics":0,"writes":4,"exit_code":0}
{"case_id":"decorator-binding/lifecycle/es2022/define/cjs-default-export","attempts":2,"complete_observations":2,"exception_observations":0,"diagnostics":0,"writes":4,"exit_code":0}
{"case_id":"decorator-binding/lifecycle/es2022/define/cjs-class-expression","attempts":2,"complete_observations":2,"exception_observations":0,"diagnostics":0,"writes":4,"exit_code":0}
{"case_id":"decorator-binding/lifecycle/es2022/define/cjs-computed","attempts":2,"complete_observations":2,"exception_observations":0,"diagnostics":0,"writes":4,"exit_code":0}
{"case_id":"decorator-binding/lifecycle/es2022/define/cjs-global-script-_metadata","attempts":2,"complete_observations":2,"exception_observations":0,"diagnostics":0,"writes":8,"exit_code":0}
{"case_id":"decorator-binding/lifecycle/es2022/define/cjs-sibling-file-level-then-scoped","attempts":2,"complete_observations":2,"exception_observations":0,"diagnostics":0,"writes":4,"exit_code":0}
{"case_id":"decorator-binding/parse-census/esnext/set/declared-_metadata","attempts":2,"complete_observations":2,"exception_observations":0,"diagnostics":0,"writes":4,"exit_code":0}
{"case_id":"decorator-binding/parse-census/esnext/set/declared-_classThis","attempts":2,"complete_observations":2,"exception_observations":0,"diagnostics":0,"writes":4,"exit_code":0}
{"case_id":"decorator-binding/parse-census/esnext/set/declared-_classSuper","attempts":2,"complete_observations":2,"exception_observations":0,"diagnostics":0,"writes":4,"exit_code":0}
{"case_id":"decorator-binding/parse-census/esnext/set/declared-_classDecorators","attempts":2,"complete_observations":2,"exception_observations":0,"diagnostics":0,"writes":4,"exit_code":0}
{"case_id":"decorator-binding/parse-census/esnext/set/declared-_x_decorators","attempts":2,"complete_observations":2,"exception_observations":0,"diagnostics":0,"writes":4,"exit_code":0}
{"case_id":"decorator-binding/parse-census/esnext/set/declared-_static_m_decorators","attempts":2,"complete_observations":2,"exception_observations":0,"diagnostics":0,"writes":4,"exit_code":0}
{"case_id":"decorator-binding/parse-census/esnext/set/declared-_staticExtraInitializers","attempts":2,"complete_observations":2,"exception_observations":0,"diagnostics":0,"writes":4,"exit_code":0}
{"case_id":"decorator-binding/parse-census/esnext/set/declared-_a","attempts":2,"complete_observations":2,"exception_observations":0,"diagnostics":0,"writes":4,"exit_code":0}
{"case_id":"decorator-binding/parse-census/esnext/set/declared-_outerThis","attempts":2,"complete_observations":2,"exception_observations":0,"diagnostics":0,"writes":4,"exit_code":0}
{"case_id":"decorator-binding/parse-census/esnext/set/declared-class_1","attempts":2,"complete_observations":2,"exception_observations":0,"diagnostics":0,"writes":4,"exit_code":0}
{"case_id":"decorator-binding/parse-census/esnext/set/declared-default_1","attempts":2,"complete_observations":2,"exception_observations":0,"diagnostics":0,"writes":4,"exit_code":0}
{"case_id":"decorator-binding/parse-census/esnext/set/declared-after-class-_metadata","attempts":2,"complete_observations":2,"exception_observations":0,"diagnostics":0,"writes":4,"exit_code":0}
{"case_id":"decorator-binding/parse-census/esnext/set/property-key-_metadata","attempts":2,"complete_observations":2,"exception_observations":0,"diagnostics":0,"writes":4,"exit_code":0}
{"case_id":"decorator-binding/parse-census/esnext/set/property-key-_x_decorators","attempts":2,"complete_observations":2,"exception_observations":0,"diagnostics":0,"writes":4,"exit_code":0}
{"case_id":"decorator-binding/parse-census/esnext/set/string-only-_metadata","attempts":2,"complete_observations":2,"exception_observations":0,"diagnostics":0,"writes":4,"exit_code":0}
{"case_id":"decorator-binding/parse-census/esnext/set/comment-only-_metadata","attempts":2,"complete_observations":2,"exception_observations":0,"diagnostics":0,"writes":4,"exit_code":0}
{"case_id":"decorator-binding/parse-census/esnext/set/jsdoc-tag-only-_metadata","attempts":2,"complete_observations":2,"exception_observations":0,"diagnostics":0,"writes":4,"exit_code":0}
{"case_id":"decorator-binding/parse-census/esnext/set/jsdoc-see-only-_classThis","attempts":2,"complete_observations":2,"exception_observations":0,"diagnostics":0,"writes":4,"exit_code":0}
{"case_id":"decorator-binding/parse-census/esnext/set/type-position-only-_metadata","attempts":2,"complete_observations":2,"exception_observations":0,"diagnostics":0,"writes":4,"exit_code":0}
{"case_id":"decorator-binding/parse-census/esnext/set/type-alias-name-_classThis","attempts":2,"complete_observations":2,"exception_observations":0,"diagnostics":0,"writes":4,"exit_code":0}
{"case_id":"decorator-binding/parse-census/esnext/set/nested-scope-only-_metadata","attempts":2,"complete_observations":2,"exception_observations":0,"diagnostics":0,"writes":4,"exit_code":0}
{"case_id":"decorator-binding/parse-census/esnext/set/nested-scope-only-_x_decorators","attempts":2,"complete_observations":2,"exception_observations":0,"diagnostics":0,"writes":4,"exit_code":0}
{"case_id":"decorator-binding/parse-census/esnext/set/escaped-identifier-_metadata","attempts":2,"complete_observations":2,"exception_observations":0,"diagnostics":0,"writes":4,"exit_code":0}
{"case_id":"decorator-binding/parse-census/esnext/set/escaped-identifier-_a","attempts":2,"complete_observations":2,"exception_observations":0,"diagnostics":0,"writes":4,"exit_code":0}
{"case_id":"decorator-binding/parse-census/esnext/set/numbered-taken-_metadata_1","attempts":2,"complete_observations":2,"exception_observations":0,"diagnostics":0,"writes":4,"exit_code":0}
{"case_id":"decorator-binding/parse-census/esnext/set/numbered-taken-_x_decorators_1","attempts":2,"complete_observations":2,"exception_observations":0,"diagnostics":0,"writes":4,"exit_code":0}
{"case_id":"decorator-binding/parse-census/esnext/set/temp-sequence-_a-_b","attempts":2,"complete_observations":2,"exception_observations":0,"diagnostics":0,"writes":4,"exit_code":0}
{"case_id":"decorator-binding/parse-census/esnext/set/class-reference-class_2","attempts":2,"complete_observations":2,"exception_observations":0,"diagnostics":0,"writes":4,"exit_code":0}
{"case_id":"decorator-binding/parse-census/esnext/set/label-only-_metadata","attempts":2,"complete_observations":2,"exception_observations":0,"diagnostics":0,"writes":4,"exit_code":0}
{"case_id":"decorator-binding/global/esnext/set/script-let-_metadata","attempts":2,"complete_observations":2,"exception_observations":0,"diagnostics":0,"writes":8,"exit_code":0}
{"case_id":"decorator-binding/global/esnext/set/script-let-_classThis","attempts":2,"complete_observations":2,"exception_observations":0,"diagnostics":0,"writes":8,"exit_code":0}
{"case_id":"decorator-binding/global/esnext/set/script-let-_classSuper","attempts":2,"complete_observations":2,"exception_observations":0,"diagnostics":0,"writes":8,"exit_code":0}
{"case_id":"decorator-binding/global/esnext/set/script-let-_x_decorators","attempts":2,"complete_observations":2,"exception_observations":0,"diagnostics":0,"writes":8,"exit_code":0}
{"case_id":"decorator-binding/global/esnext/set/script-let-_staticExtraInitializers","attempts":2,"complete_observations":2,"exception_observations":0,"diagnostics":0,"writes":8,"exit_code":0}
{"case_id":"decorator-binding/global/esnext/set/script-let-_a","attempts":2,"complete_observations":2,"exception_observations":0,"diagnostics":0,"writes":8,"exit_code":0}
{"case_id":"decorator-binding/global/esnext/set/script-let-_outerThis","attempts":2,"complete_observations":2,"exception_observations":0,"diagnostics":0,"writes":8,"exit_code":0}
{"case_id":"decorator-binding/global/esnext/set/script-let-class_1","attempts":2,"complete_observations":2,"exception_observations":0,"diagnostics":0,"writes":8,"exit_code":0}
{"case_id":"decorator-binding/global/esnext/set/script-let-default_1","attempts":2,"complete_observations":2,"exception_observations":0,"diagnostics":0,"writes":8,"exit_code":0}
{"case_id":"decorator-binding/global/esnext/set/script-function-_metadata","attempts":2,"complete_observations":2,"exception_observations":0,"diagnostics":0,"writes":8,"exit_code":0}
{"case_id":"decorator-binding/global/esnext/set/script-type-alias-_metadata","attempts":2,"complete_observations":2,"exception_observations":0,"diagnostics":0,"writes":8,"exit_code":0}
{"case_id":"decorator-binding/global/esnext/set/script-namespace-_classThis","attempts":2,"complete_observations":2,"exception_observations":0,"diagnostics":0,"writes":8,"exit_code":0}
{"case_id":"decorator-binding/global/esnext/set/script-declare-let-_metadata","attempts":2,"complete_observations":2,"exception_observations":0,"diagnostics":0,"writes":8,"exit_code":0}
{"case_id":"decorator-binding/global/esnext/set/script-block-scoped-not-global-_metadata","attempts":2,"complete_observations":2,"exception_observations":0,"diagnostics":0,"writes":8,"exit_code":0}
{"case_id":"decorator-binding/global/esnext/set/script-numbered-chain-_metadata","attempts":2,"complete_observations":2,"exception_observations":0,"diagnostics":0,"writes":8,"exit_code":0}
{"case_id":"decorator-binding/global/esnext/set/script-temp-chain-_a-_b","attempts":2,"complete_observations":2,"exception_observations":0,"diagnostics":0,"writes":8,"exit_code":0}
{"case_id":"decorator-binding/global/esnext/set/module-local-_metadata","attempts":2,"complete_observations":2,"exception_observations":0,"diagnostics":0,"writes":8,"exit_code":0}
{"case_id":"decorator-binding/global/esnext/set/module-local-_x_decorators","attempts":2,"complete_observations":2,"exception_observations":0,"diagnostics":0,"writes":8,"exit_code":0}
{"case_id":"decorator-binding/global/esnext/set/declare-global-var-_metadata","attempts":2,"complete_observations":2,"exception_observations":0,"diagnostics":0,"writes":4,"exit_code":0}
{"case_id":"decorator-binding/global/esnext/set/declare-global-in-module-file-_classThis","attempts":2,"complete_observations":2,"exception_observations":0,"diagnostics":0,"writes":8,"exit_code":0}
{"case_id":"decorator-binding/global/esnext/set/script-and-source-both-_metadata","attempts":2,"complete_observations":2,"exception_observations":0,"diagnostics":0,"writes":8,"exit_code":0}
{"case_id":"decorator-binding/nested/esnext/set/inner-in-static-block","attempts":2,"complete_observations":2,"exception_observations":0,"diagnostics":0,"writes":4,"exit_code":0}
{"case_id":"decorator-binding/nested/esnext/set/inner-in-method","attempts":2,"complete_observations":2,"exception_observations":0,"diagnostics":0,"writes":4,"exit_code":0}
{"case_id":"decorator-binding/nested/esnext/set/inner-in-constructor","attempts":2,"complete_observations":2,"exception_observations":0,"diagnostics":0,"writes":4,"exit_code":0}
{"case_id":"decorator-binding/nested/esnext/set/inner-in-static-field-initializer","attempts":2,"complete_observations":2,"exception_observations":0,"diagnostics":0,"writes":4,"exit_code":0}
{"case_id":"decorator-binding/nested/esnext/set/inner-in-instance-field-initializer","attempts":2,"complete_observations":2,"exception_observations":0,"diagnostics":0,"writes":4,"exit_code":0}
{"case_id":"decorator-binding/nested/esnext/set/inner-in-decorator-expression","attempts":2,"complete_observations":2,"exception_observations":0,"diagnostics":0,"writes":4,"exit_code":0}
{"case_id":"decorator-binding/nested/esnext/set/inner-in-heritage","attempts":2,"complete_observations":2,"exception_observations":0,"diagnostics":0,"writes":4,"exit_code":0}
{"case_id":"decorator-binding/nested/esnext/set/sibling-same-members","attempts":2,"complete_observations":2,"exception_observations":0,"diagnostics":0,"writes":4,"exit_code":0}
{"case_id":"decorator-binding/nested/esnext/set/sibling-outer-this-twice","attempts":2,"complete_observations":2,"exception_observations":0,"diagnostics":0,"writes":4,"exit_code":0}
{"case_id":"decorator-binding/nested/esnext/set/sibling-class-expressions","attempts":2,"complete_observations":2,"exception_observations":0,"diagnostics":0,"writes":4,"exit_code":0}
{"case_id":"decorator-binding/nested/esnext/set/sibling-default-and-expression","attempts":2,"complete_observations":2,"exception_observations":0,"diagnostics":0,"writes":4,"exit_code":0}
{"case_id":"decorator-binding/nested/esnext/set/sibling-computed-temps","attempts":2,"complete_observations":2,"exception_observations":0,"diagnostics":0,"writes":4,"exit_code":0}
{"case_id":"decorator-binding/nested/esnext/set/ordinary-function-scopes","attempts":2,"complete_observations":2,"exception_observations":0,"diagnostics":0,"writes":4,"exit_code":0}
{"case_id":"decorator-binding/nested/esnext/set/inner-computed-in-outer-computed-scope","attempts":2,"complete_observations":2,"exception_observations":0,"diagnostics":0,"writes":4,"exit_code":0}
{"case_id":"decorator-binding/nested/esnext/set/triple-nesting","attempts":2,"complete_observations":2,"exception_observations":0,"diagnostics":0,"writes":4,"exit_code":0}
{"case_id":"decorator-binding/reserved/esnext/set/file-level-then-static-private-field","attempts":2,"complete_observations":2,"exception_observations":0,"diagnostics":0,"writes":4,"exit_code":0}
{"case_id":"decorator-binding/reserved/esnext/set/static-private-field-then-file-level","attempts":2,"complete_observations":2,"exception_observations":0,"diagnostics":0,"writes":4,"exit_code":0}
{"case_id":"decorator-binding/reserved/esnext/set/file-level-then-static-private-method","attempts":2,"complete_observations":2,"exception_observations":0,"diagnostics":0,"writes":4,"exit_code":0}
{"case_id":"decorator-binding/reserved/esnext/set/static-private-method-then-file-level","attempts":2,"complete_observations":2,"exception_observations":0,"diagnostics":0,"writes":4,"exit_code":0}
{"case_id":"decorator-binding/reserved/esnext/set/file-level-then-static-private-accessor","attempts":2,"complete_observations":2,"exception_observations":0,"diagnostics":0,"writes":4,"exit_code":0}
{"case_id":"decorator-binding/reserved/esnext/set/static-private-accessor-then-file-level","attempts":2,"complete_observations":2,"exception_observations":0,"diagnostics":0,"writes":4,"exit_code":0}
{"case_id":"decorator-binding/reserved/esnext/set/file-level-then-static-auto-accessor","attempts":2,"complete_observations":2,"exception_observations":0,"diagnostics":0,"writes":4,"exit_code":0}
{"case_id":"decorator-binding/reserved/esnext/set/static-auto-accessor-then-file-level","attempts":2,"complete_observations":2,"exception_observations":0,"diagnostics":0,"writes":4,"exit_code":0}
{"case_id":"decorator-binding/reserved/esnext/set/file-level-then-static-private-auto-accessor","attempts":2,"complete_observations":2,"exception_observations":0,"diagnostics":0,"writes":4,"exit_code":0}
{"case_id":"decorator-binding/reserved/esnext/set/static-private-auto-accessor-then-file-level","attempts":2,"complete_observations":2,"exception_observations":0,"diagnostics":0,"writes":4,"exit_code":0}
{"case_id":"decorator-binding/reserved/esnext/set/file-level-then-decorated-static-private-auto-accessor","attempts":2,"complete_observations":2,"exception_observations":0,"diagnostics":0,"writes":4,"exit_code":0}
{"case_id":"decorator-binding/reserved/esnext/set/decorated-static-private-auto-accessor-then-file-level","attempts":2,"complete_observations":2,"exception_observations":0,"diagnostics":0,"writes":4,"exit_code":0}
{"case_id":"decorator-binding/reserved/esnext/set/file-level-then-instance-private-field-only","attempts":2,"complete_observations":2,"exception_observations":0,"diagnostics":0,"writes":4,"exit_code":0}
{"case_id":"decorator-binding/reserved/esnext/set/instance-private-field-only-then-file-level","attempts":2,"complete_observations":2,"exception_observations":0,"diagnostics":0,"writes":4,"exit_code":0}
{"case_id":"decorator-binding/reserved/esnext/set/file-level-then-public-static-field-only","attempts":2,"complete_observations":2,"exception_observations":0,"diagnostics":0,"writes":4,"exit_code":0}
{"case_id":"decorator-binding/reserved/esnext/set/public-static-field-only-then-file-level","attempts":2,"complete_observations":2,"exception_observations":0,"diagnostics":0,"writes":4,"exit_code":0}
{"case_id":"decorator-binding/reserved/esnext/set/file-level-then-instance-auto-accessor-only","attempts":2,"complete_observations":2,"exception_observations":0,"diagnostics":0,"writes":4,"exit_code":0}
{"case_id":"decorator-binding/reserved/esnext/set/instance-auto-accessor-only-then-file-level","attempts":2,"complete_observations":2,"exception_observations":0,"diagnostics":0,"writes":4,"exit_code":0}
{"case_id":"decorator-binding/reserved/esnext/set/file-level-then-static-block-only","attempts":2,"complete_observations":2,"exception_observations":0,"diagnostics":0,"writes":4,"exit_code":0}
{"case_id":"decorator-binding/reserved/esnext/set/static-block-only-then-file-level","attempts":2,"complete_observations":2,"exception_observations":0,"diagnostics":0,"writes":4,"exit_code":0}
{"case_id":"decorator-binding/reserved/esnext/set/scoped-then-scoped","attempts":2,"complete_observations":2,"exception_observations":0,"diagnostics":0,"writes":4,"exit_code":0}
{"case_id":"decorator-binding/reserved/esnext/set/outer-file-level-inner-scoped","attempts":2,"complete_observations":2,"exception_observations":0,"diagnostics":0,"writes":4,"exit_code":0}
{"case_id":"decorator-binding/reserved/esnext/set/outer-scoped-inner-file-level","attempts":2,"complete_observations":2,"exception_observations":0,"diagnostics":0,"writes":4,"exit_code":0}
{"case_id":"decorator-binding/reserved/esnext/set/outer-scoped-inner-scoped","attempts":2,"complete_observations":2,"exception_observations":0,"diagnostics":0,"writes":4,"exit_code":0}
{"case_id":"decorator-binding/reserved/esnext/set/private-accessor-storage-nested","attempts":2,"complete_observations":2,"exception_observations":0,"diagnostics":0,"writes":4,"exit_code":0}
{"case_id":"decorator-binding/reserved/esnext/set/private-accessor-storage-siblings","attempts":2,"complete_observations":2,"exception_observations":0,"diagnostics":0,"writes":4,"exit_code":0}
{"case_id":"decorator-binding/reserved/esnext/set/private-and-public-same-stem","attempts":2,"complete_observations":2,"exception_observations":0,"diagnostics":0,"writes":4,"exit_code":0}
{"case_id":"decorator-binding/reserved/esnext/set/class-this-parsed-and-scoped","attempts":2,"complete_observations":2,"exception_observations":0,"diagnostics":0,"writes":4,"exit_code":0}
{"case_id":"decorator-binding/computed/esnext/set/static-accessor-decorated","attempts":2,"complete_observations":0,"exception_observations":2,"diagnostics":0,"writes":0,"exit_code":null}
{"case_id":"decorator-binding/computed/esnext/set/instance-accessor-decorated","attempts":2,"complete_observations":2,"exception_observations":0,"diagnostics":0,"writes":4,"exit_code":0}
{"case_id":"decorator-binding/computed/esnext/set/method-decorated","attempts":2,"complete_observations":2,"exception_observations":0,"diagnostics":0,"writes":4,"exit_code":0}
{"case_id":"decorator-binding/computed/esnext/set/static-method-decorated","attempts":2,"complete_observations":2,"exception_observations":0,"diagnostics":0,"writes":4,"exit_code":0}
{"case_id":"decorator-binding/computed/esnext/set/getter-setter-decorated","attempts":2,"complete_observations":2,"exception_observations":0,"diagnostics":0,"writes":4,"exit_code":0}
{"case_id":"decorator-binding/computed/esnext/set/field-decorated","attempts":2,"complete_observations":2,"exception_observations":0,"diagnostics":0,"writes":4,"exit_code":0}
{"case_id":"decorator-binding/computed/esnext/set/static-field-decorated","attempts":2,"complete_observations":2,"exception_observations":0,"diagnostics":0,"writes":4,"exit_code":0}
{"case_id":"decorator-binding/computed/esnext/set/multiple-keys","attempts":2,"complete_observations":2,"exception_observations":0,"diagnostics":0,"writes":4,"exit_code":0}
{"case_id":"decorator-binding/computed/esnext/set/user-identifier-_a","attempts":2,"complete_observations":2,"exception_observations":0,"diagnostics":0,"writes":4,"exit_code":0}
{"case_id":"decorator-binding/computed/esnext/set/undecorated-computed-between","attempts":2,"complete_observations":2,"exception_observations":0,"diagnostics":0,"writes":4,"exit_code":0}
{"case_id":"decorator-binding/computed/esnext/set/undecorated-computed-method-after","attempts":2,"complete_observations":2,"exception_observations":0,"diagnostics":1,"writes":4,"exit_code":2}
{"case_id":"decorator-binding/computed/esnext/set/class-expression-computed","attempts":2,"complete_observations":2,"exception_observations":0,"diagnostics":0,"writes":4,"exit_code":0}
{"case_id":"decorator-binding/computed/esnext/set/member-only-decorators-computed","attempts":2,"complete_observations":2,"exception_observations":0,"diagnostics":0,"writes":4,"exit_code":0}
{"case_id":"decorator-binding/computed/esnext/set/computed-literal-and-expression","attempts":2,"complete_observations":2,"exception_observations":0,"diagnostics":0,"writes":4,"exit_code":0}
{"case_id":"decorator-binding/computed/esnext/set/computed-with-decorator-temp","attempts":2,"complete_observations":2,"exception_observations":0,"diagnostics":0,"writes":4,"exit_code":0}
{"case_id":"decorator-binding/computed/esnext/set/computed-in-static-block-nested-class","attempts":2,"complete_observations":2,"exception_observations":0,"diagnostics":0,"writes":4,"exit_code":0}
{"case_id":"decorator-binding/ordering/esnext/set/decorator-temp-and-anonymous-heritage","attempts":2,"complete_observations":2,"exception_observations":0,"diagnostics":0,"writes":4,"exit_code":0}
{"case_id":"decorator-binding/ordering/esnext/set/member-decorator-temp-then-computed","attempts":2,"complete_observations":2,"exception_observations":0,"diagnostics":0,"writes":4,"exit_code":0}
{"case_id":"decorator-binding/ordering/esnext/set/pending-computed-around-constructor","attempts":2,"complete_observations":2,"exception_observations":0,"diagnostics":0,"writes":4,"exit_code":0}
{"case_id":"decorator-binding/ordering/esnext/set/heritage-temp-and-member-temps","attempts":2,"complete_observations":2,"exception_observations":0,"diagnostics":0,"writes":4,"exit_code":0}
{"case_id":"decorator-binding/ordering/esnext/set/outer-this-and-computed-cache","attempts":2,"complete_observations":2,"exception_observations":0,"diagnostics":0,"writes":4,"exit_code":0}
{"case_id":"decorator-binding/ordering/esnext/set/two-classes-decorator-temps","attempts":2,"complete_observations":2,"exception_observations":0,"diagnostics":0,"writes":4,"exit_code":0}
{"case_id":"decorator-binding/lifecycle/esnext/set/bundle-outer-this-two-files","attempts":2,"complete_observations":2,"exception_observations":0,"diagnostics":0,"writes":4,"exit_code":0}
{"case_id":"decorator-binding/lifecycle/esnext/set/bundle-class-expression-two-files","attempts":2,"complete_observations":2,"exception_observations":0,"diagnostics":0,"writes":4,"exit_code":0}
{"case_id":"decorator-binding/lifecycle/esnext/set/bundle-default-two-files","attempts":2,"complete_observations":2,"exception_observations":0,"diagnostics":0,"writes":4,"exit_code":0}
{"case_id":"decorator-binding/lifecycle/esnext/set/bundle-file-level-then-scoped-across-files","attempts":2,"complete_observations":2,"exception_observations":0,"diagnostics":0,"writes":4,"exit_code":0}
{"case_id":"decorator-binding/lifecycle/esnext/set/bundle-parse-census-per-file","attempts":2,"complete_observations":2,"exception_observations":0,"diagnostics":0,"writes":4,"exit_code":0}
{"case_id":"decorator-binding/lifecycle/esnext/set/bundle-scoped-names-two-files","attempts":2,"complete_observations":2,"exception_observations":0,"diagnostics":0,"writes":4,"exit_code":0}
{"case_id":"decorator-binding/lifecycle/esnext/set/bundle-computed-temps-two-files","attempts":2,"complete_observations":2,"exception_observations":0,"diagnostics":0,"writes":4,"exit_code":0}
{"case_id":"decorator-binding/lifecycle/esnext/set/cjs-full-class","attempts":2,"complete_observations":2,"exception_observations":0,"diagnostics":0,"writes":4,"exit_code":0}
{"case_id":"decorator-binding/lifecycle/esnext/set/cjs-default-export","attempts":2,"complete_observations":2,"exception_observations":0,"diagnostics":0,"writes":4,"exit_code":0}
{"case_id":"decorator-binding/lifecycle/esnext/set/cjs-class-expression","attempts":2,"complete_observations":2,"exception_observations":0,"diagnostics":0,"writes":4,"exit_code":0}
{"case_id":"decorator-binding/lifecycle/esnext/set/cjs-computed","attempts":2,"complete_observations":2,"exception_observations":0,"diagnostics":0,"writes":4,"exit_code":0}
{"case_id":"decorator-binding/lifecycle/esnext/set/cjs-global-script-_metadata","attempts":2,"complete_observations":2,"exception_observations":0,"diagnostics":0,"writes":8,"exit_code":0}
{"case_id":"decorator-binding/lifecycle/esnext/set/cjs-sibling-file-level-then-scoped","attempts":2,"complete_observations":2,"exception_observations":0,"diagnostics":0,"writes":4,"exit_code":0}
{"case_id":"decorator-binding/parse-census/esnext/define/declared-_metadata","attempts":2,"complete_observations":2,"exception_observations":0,"diagnostics":0,"writes":4,"exit_code":0}
{"case_id":"decorator-binding/parse-census/esnext/define/declared-_classThis","attempts":2,"complete_observations":2,"exception_observations":0,"diagnostics":0,"writes":4,"exit_code":0}
{"case_id":"decorator-binding/parse-census/esnext/define/declared-_classSuper","attempts":2,"complete_observations":2,"exception_observations":0,"diagnostics":0,"writes":4,"exit_code":0}
{"case_id":"decorator-binding/parse-census/esnext/define/declared-_classDecorators","attempts":2,"complete_observations":2,"exception_observations":0,"diagnostics":0,"writes":4,"exit_code":0}
{"case_id":"decorator-binding/parse-census/esnext/define/declared-_x_decorators","attempts":2,"complete_observations":2,"exception_observations":0,"diagnostics":0,"writes":4,"exit_code":0}
{"case_id":"decorator-binding/parse-census/esnext/define/declared-_static_m_decorators","attempts":2,"complete_observations":2,"exception_observations":0,"diagnostics":0,"writes":4,"exit_code":0}
{"case_id":"decorator-binding/parse-census/esnext/define/declared-_staticExtraInitializers","attempts":2,"complete_observations":2,"exception_observations":0,"diagnostics":0,"writes":4,"exit_code":0}
{"case_id":"decorator-binding/parse-census/esnext/define/declared-_a","attempts":2,"complete_observations":2,"exception_observations":0,"diagnostics":0,"writes":4,"exit_code":0}
{"case_id":"decorator-binding/parse-census/esnext/define/declared-_outerThis","attempts":2,"complete_observations":2,"exception_observations":0,"diagnostics":0,"writes":4,"exit_code":0}
{"case_id":"decorator-binding/parse-census/esnext/define/declared-class_1","attempts":2,"complete_observations":2,"exception_observations":0,"diagnostics":0,"writes":4,"exit_code":0}
{"case_id":"decorator-binding/parse-census/esnext/define/declared-default_1","attempts":2,"complete_observations":2,"exception_observations":0,"diagnostics":0,"writes":4,"exit_code":0}
{"case_id":"decorator-binding/parse-census/esnext/define/declared-after-class-_metadata","attempts":2,"complete_observations":2,"exception_observations":0,"diagnostics":0,"writes":4,"exit_code":0}
{"case_id":"decorator-binding/parse-census/esnext/define/property-key-_metadata","attempts":2,"complete_observations":2,"exception_observations":0,"diagnostics":0,"writes":4,"exit_code":0}
{"case_id":"decorator-binding/parse-census/esnext/define/property-key-_x_decorators","attempts":2,"complete_observations":2,"exception_observations":0,"diagnostics":0,"writes":4,"exit_code":0}
{"case_id":"decorator-binding/parse-census/esnext/define/string-only-_metadata","attempts":2,"complete_observations":2,"exception_observations":0,"diagnostics":0,"writes":4,"exit_code":0}
{"case_id":"decorator-binding/parse-census/esnext/define/comment-only-_metadata","attempts":2,"complete_observations":2,"exception_observations":0,"diagnostics":0,"writes":4,"exit_code":0}
{"case_id":"decorator-binding/parse-census/esnext/define/jsdoc-tag-only-_metadata","attempts":2,"complete_observations":2,"exception_observations":0,"diagnostics":0,"writes":4,"exit_code":0}
{"case_id":"decorator-binding/parse-census/esnext/define/jsdoc-see-only-_classThis","attempts":2,"complete_observations":2,"exception_observations":0,"diagnostics":0,"writes":4,"exit_code":0}
{"case_id":"decorator-binding/parse-census/esnext/define/type-position-only-_metadata","attempts":2,"complete_observations":2,"exception_observations":0,"diagnostics":0,"writes":4,"exit_code":0}
{"case_id":"decorator-binding/parse-census/esnext/define/type-alias-name-_classThis","attempts":2,"complete_observations":2,"exception_observations":0,"diagnostics":0,"writes":4,"exit_code":0}
{"case_id":"decorator-binding/parse-census/esnext/define/nested-scope-only-_metadata","attempts":2,"complete_observations":2,"exception_observations":0,"diagnostics":0,"writes":4,"exit_code":0}
{"case_id":"decorator-binding/parse-census/esnext/define/nested-scope-only-_x_decorators","attempts":2,"complete_observations":2,"exception_observations":0,"diagnostics":0,"writes":4,"exit_code":0}
{"case_id":"decorator-binding/parse-census/esnext/define/escaped-identifier-_metadata","attempts":2,"complete_observations":2,"exception_observations":0,"diagnostics":0,"writes":4,"exit_code":0}
{"case_id":"decorator-binding/parse-census/esnext/define/escaped-identifier-_a","attempts":2,"complete_observations":2,"exception_observations":0,"diagnostics":0,"writes":4,"exit_code":0}
{"case_id":"decorator-binding/parse-census/esnext/define/numbered-taken-_metadata_1","attempts":2,"complete_observations":2,"exception_observations":0,"diagnostics":0,"writes":4,"exit_code":0}
{"case_id":"decorator-binding/parse-census/esnext/define/numbered-taken-_x_decorators_1","attempts":2,"complete_observations":2,"exception_observations":0,"diagnostics":0,"writes":4,"exit_code":0}
{"case_id":"decorator-binding/parse-census/esnext/define/temp-sequence-_a-_b","attempts":2,"complete_observations":2,"exception_observations":0,"diagnostics":0,"writes":4,"exit_code":0}
{"case_id":"decorator-binding/parse-census/esnext/define/class-reference-class_2","attempts":2,"complete_observations":2,"exception_observations":0,"diagnostics":0,"writes":4,"exit_code":0}
{"case_id":"decorator-binding/parse-census/esnext/define/label-only-_metadata","attempts":2,"complete_observations":2,"exception_observations":0,"diagnostics":0,"writes":4,"exit_code":0}
{"case_id":"decorator-binding/global/esnext/define/script-let-_metadata","attempts":2,"complete_observations":2,"exception_observations":0,"diagnostics":0,"writes":8,"exit_code":0}
{"case_id":"decorator-binding/global/esnext/define/script-let-_classThis","attempts":2,"complete_observations":2,"exception_observations":0,"diagnostics":0,"writes":8,"exit_code":0}
{"case_id":"decorator-binding/global/esnext/define/script-let-_classSuper","attempts":2,"complete_observations":2,"exception_observations":0,"diagnostics":0,"writes":8,"exit_code":0}
{"case_id":"decorator-binding/global/esnext/define/script-let-_x_decorators","attempts":2,"complete_observations":2,"exception_observations":0,"diagnostics":0,"writes":8,"exit_code":0}
{"case_id":"decorator-binding/global/esnext/define/script-let-_staticExtraInitializers","attempts":2,"complete_observations":2,"exception_observations":0,"diagnostics":0,"writes":8,"exit_code":0}
{"case_id":"decorator-binding/global/esnext/define/script-let-_a","attempts":2,"complete_observations":2,"exception_observations":0,"diagnostics":0,"writes":8,"exit_code":0}
{"case_id":"decorator-binding/global/esnext/define/script-let-_outerThis","attempts":2,"complete_observations":2,"exception_observations":0,"diagnostics":0,"writes":8,"exit_code":0}
{"case_id":"decorator-binding/global/esnext/define/script-let-class_1","attempts":2,"complete_observations":2,"exception_observations":0,"diagnostics":0,"writes":8,"exit_code":0}
{"case_id":"decorator-binding/global/esnext/define/script-let-default_1","attempts":2,"complete_observations":2,"exception_observations":0,"diagnostics":0,"writes":8,"exit_code":0}
{"case_id":"decorator-binding/global/esnext/define/script-function-_metadata","attempts":2,"complete_observations":2,"exception_observations":0,"diagnostics":0,"writes":8,"exit_code":0}
{"case_id":"decorator-binding/global/esnext/define/script-type-alias-_metadata","attempts":2,"complete_observations":2,"exception_observations":0,"diagnostics":0,"writes":8,"exit_code":0}
{"case_id":"decorator-binding/global/esnext/define/script-namespace-_classThis","attempts":2,"complete_observations":2,"exception_observations":0,"diagnostics":0,"writes":8,"exit_code":0}
{"case_id":"decorator-binding/global/esnext/define/script-declare-let-_metadata","attempts":2,"complete_observations":2,"exception_observations":0,"diagnostics":0,"writes":8,"exit_code":0}
{"case_id":"decorator-binding/global/esnext/define/script-block-scoped-not-global-_metadata","attempts":2,"complete_observations":2,"exception_observations":0,"diagnostics":0,"writes":8,"exit_code":0}
{"case_id":"decorator-binding/global/esnext/define/script-numbered-chain-_metadata","attempts":2,"complete_observations":2,"exception_observations":0,"diagnostics":0,"writes":8,"exit_code":0}
{"case_id":"decorator-binding/global/esnext/define/script-temp-chain-_a-_b","attempts":2,"complete_observations":2,"exception_observations":0,"diagnostics":0,"writes":8,"exit_code":0}
{"case_id":"decorator-binding/global/esnext/define/module-local-_metadata","attempts":2,"complete_observations":2,"exception_observations":0,"diagnostics":0,"writes":8,"exit_code":0}
{"case_id":"decorator-binding/global/esnext/define/module-local-_x_decorators","attempts":2,"complete_observations":2,"exception_observations":0,"diagnostics":0,"writes":8,"exit_code":0}
{"case_id":"decorator-binding/global/esnext/define/declare-global-var-_metadata","attempts":2,"complete_observations":2,"exception_observations":0,"diagnostics":0,"writes":4,"exit_code":0}
{"case_id":"decorator-binding/global/esnext/define/declare-global-in-module-file-_classThis","attempts":2,"complete_observations":2,"exception_observations":0,"diagnostics":0,"writes":8,"exit_code":0}
{"case_id":"decorator-binding/global/esnext/define/script-and-source-both-_metadata","attempts":2,"complete_observations":2,"exception_observations":0,"diagnostics":0,"writes":8,"exit_code":0}
{"case_id":"decorator-binding/nested/esnext/define/inner-in-static-block","attempts":2,"complete_observations":2,"exception_observations":0,"diagnostics":0,"writes":4,"exit_code":0}
{"case_id":"decorator-binding/nested/esnext/define/inner-in-method","attempts":2,"complete_observations":2,"exception_observations":0,"diagnostics":0,"writes":4,"exit_code":0}
{"case_id":"decorator-binding/nested/esnext/define/inner-in-constructor","attempts":2,"complete_observations":2,"exception_observations":0,"diagnostics":0,"writes":4,"exit_code":0}
{"case_id":"decorator-binding/nested/esnext/define/inner-in-static-field-initializer","attempts":2,"complete_observations":2,"exception_observations":0,"diagnostics":0,"writes":4,"exit_code":0}
{"case_id":"decorator-binding/nested/esnext/define/inner-in-instance-field-initializer","attempts":2,"complete_observations":2,"exception_observations":0,"diagnostics":0,"writes":4,"exit_code":0}
{"case_id":"decorator-binding/nested/esnext/define/inner-in-decorator-expression","attempts":2,"complete_observations":2,"exception_observations":0,"diagnostics":0,"writes":4,"exit_code":0}
{"case_id":"decorator-binding/nested/esnext/define/inner-in-heritage","attempts":2,"complete_observations":2,"exception_observations":0,"diagnostics":0,"writes":4,"exit_code":0}
{"case_id":"decorator-binding/nested/esnext/define/sibling-same-members","attempts":2,"complete_observations":2,"exception_observations":0,"diagnostics":0,"writes":4,"exit_code":0}
{"case_id":"decorator-binding/nested/esnext/define/sibling-outer-this-twice","attempts":2,"complete_observations":2,"exception_observations":0,"diagnostics":0,"writes":4,"exit_code":0}
{"case_id":"decorator-binding/nested/esnext/define/sibling-class-expressions","attempts":2,"complete_observations":2,"exception_observations":0,"diagnostics":0,"writes":4,"exit_code":0}
{"case_id":"decorator-binding/nested/esnext/define/sibling-default-and-expression","attempts":2,"complete_observations":2,"exception_observations":0,"diagnostics":0,"writes":4,"exit_code":0}
{"case_id":"decorator-binding/nested/esnext/define/sibling-computed-temps","attempts":2,"complete_observations":2,"exception_observations":0,"diagnostics":0,"writes":4,"exit_code":0}
{"case_id":"decorator-binding/nested/esnext/define/ordinary-function-scopes","attempts":2,"complete_observations":2,"exception_observations":0,"diagnostics":0,"writes":4,"exit_code":0}
{"case_id":"decorator-binding/nested/esnext/define/inner-computed-in-outer-computed-scope","attempts":2,"complete_observations":2,"exception_observations":0,"diagnostics":0,"writes":4,"exit_code":0}
{"case_id":"decorator-binding/nested/esnext/define/triple-nesting","attempts":2,"complete_observations":2,"exception_observations":0,"diagnostics":0,"writes":4,"exit_code":0}
{"case_id":"decorator-binding/reserved/esnext/define/file-level-then-static-private-field","attempts":2,"complete_observations":2,"exception_observations":0,"diagnostics":0,"writes":4,"exit_code":0}
{"case_id":"decorator-binding/reserved/esnext/define/static-private-field-then-file-level","attempts":2,"complete_observations":2,"exception_observations":0,"diagnostics":0,"writes":4,"exit_code":0}
{"case_id":"decorator-binding/reserved/esnext/define/file-level-then-static-private-method","attempts":2,"complete_observations":2,"exception_observations":0,"diagnostics":0,"writes":4,"exit_code":0}
{"case_id":"decorator-binding/reserved/esnext/define/static-private-method-then-file-level","attempts":2,"complete_observations":2,"exception_observations":0,"diagnostics":0,"writes":4,"exit_code":0}
{"case_id":"decorator-binding/reserved/esnext/define/file-level-then-static-private-accessor","attempts":2,"complete_observations":2,"exception_observations":0,"diagnostics":0,"writes":4,"exit_code":0}
{"case_id":"decorator-binding/reserved/esnext/define/static-private-accessor-then-file-level","attempts":2,"complete_observations":2,"exception_observations":0,"diagnostics":0,"writes":4,"exit_code":0}
{"case_id":"decorator-binding/reserved/esnext/define/file-level-then-static-auto-accessor","attempts":2,"complete_observations":2,"exception_observations":0,"diagnostics":0,"writes":4,"exit_code":0}
{"case_id":"decorator-binding/reserved/esnext/define/static-auto-accessor-then-file-level","attempts":2,"complete_observations":2,"exception_observations":0,"diagnostics":0,"writes":4,"exit_code":0}
{"case_id":"decorator-binding/reserved/esnext/define/file-level-then-static-private-auto-accessor","attempts":2,"complete_observations":2,"exception_observations":0,"diagnostics":0,"writes":4,"exit_code":0}
{"case_id":"decorator-binding/reserved/esnext/define/static-private-auto-accessor-then-file-level","attempts":2,"complete_observations":2,"exception_observations":0,"diagnostics":0,"writes":4,"exit_code":0}
{"case_id":"decorator-binding/reserved/esnext/define/file-level-then-decorated-static-private-auto-accessor","attempts":2,"complete_observations":2,"exception_observations":0,"diagnostics":0,"writes":4,"exit_code":0}
{"case_id":"decorator-binding/reserved/esnext/define/decorated-static-private-auto-accessor-then-file-level","attempts":2,"complete_observations":2,"exception_observations":0,"diagnostics":0,"writes":4,"exit_code":0}
{"case_id":"decorator-binding/reserved/esnext/define/file-level-then-instance-private-field-only","attempts":2,"complete_observations":2,"exception_observations":0,"diagnostics":0,"writes":4,"exit_code":0}
{"case_id":"decorator-binding/reserved/esnext/define/instance-private-field-only-then-file-level","attempts":2,"complete_observations":2,"exception_observations":0,"diagnostics":0,"writes":4,"exit_code":0}
{"case_id":"decorator-binding/reserved/esnext/define/file-level-then-public-static-field-only","attempts":2,"complete_observations":2,"exception_observations":0,"diagnostics":0,"writes":4,"exit_code":0}
{"case_id":"decorator-binding/reserved/esnext/define/public-static-field-only-then-file-level","attempts":2,"complete_observations":2,"exception_observations":0,"diagnostics":0,"writes":4,"exit_code":0}
{"case_id":"decorator-binding/reserved/esnext/define/file-level-then-instance-auto-accessor-only","attempts":2,"complete_observations":2,"exception_observations":0,"diagnostics":0,"writes":4,"exit_code":0}
{"case_id":"decorator-binding/reserved/esnext/define/instance-auto-accessor-only-then-file-level","attempts":2,"complete_observations":2,"exception_observations":0,"diagnostics":0,"writes":4,"exit_code":0}
{"case_id":"decorator-binding/reserved/esnext/define/file-level-then-static-block-only","attempts":2,"complete_observations":2,"exception_observations":0,"diagnostics":0,"writes":4,"exit_code":0}
{"case_id":"decorator-binding/reserved/esnext/define/static-block-only-then-file-level","attempts":2,"complete_observations":2,"exception_observations":0,"diagnostics":0,"writes":4,"exit_code":0}
{"case_id":"decorator-binding/reserved/esnext/define/scoped-then-scoped","attempts":2,"complete_observations":2,"exception_observations":0,"diagnostics":0,"writes":4,"exit_code":0}
{"case_id":"decorator-binding/reserved/esnext/define/outer-file-level-inner-scoped","attempts":2,"complete_observations":2,"exception_observations":0,"diagnostics":0,"writes":4,"exit_code":0}
{"case_id":"decorator-binding/reserved/esnext/define/outer-scoped-inner-file-level","attempts":2,"complete_observations":2,"exception_observations":0,"diagnostics":0,"writes":4,"exit_code":0}
{"case_id":"decorator-binding/reserved/esnext/define/outer-scoped-inner-scoped","attempts":2,"complete_observations":2,"exception_observations":0,"diagnostics":0,"writes":4,"exit_code":0}
{"case_id":"decorator-binding/reserved/esnext/define/private-accessor-storage-nested","attempts":2,"complete_observations":2,"exception_observations":0,"diagnostics":0,"writes":4,"exit_code":0}
{"case_id":"decorator-binding/reserved/esnext/define/private-accessor-storage-siblings","attempts":2,"complete_observations":2,"exception_observations":0,"diagnostics":0,"writes":4,"exit_code":0}
{"case_id":"decorator-binding/reserved/esnext/define/private-and-public-same-stem","attempts":2,"complete_observations":2,"exception_observations":0,"diagnostics":0,"writes":4,"exit_code":0}
{"case_id":"decorator-binding/reserved/esnext/define/class-this-parsed-and-scoped","attempts":2,"complete_observations":2,"exception_observations":0,"diagnostics":0,"writes":4,"exit_code":0}
{"case_id":"decorator-binding/computed/esnext/define/static-accessor-decorated","attempts":2,"complete_observations":2,"exception_observations":0,"diagnostics":0,"writes":4,"exit_code":0}
{"case_id":"decorator-binding/computed/esnext/define/instance-accessor-decorated","attempts":2,"complete_observations":2,"exception_observations":0,"diagnostics":0,"writes":4,"exit_code":0}
{"case_id":"decorator-binding/computed/esnext/define/method-decorated","attempts":2,"complete_observations":2,"exception_observations":0,"diagnostics":0,"writes":4,"exit_code":0}
{"case_id":"decorator-binding/computed/esnext/define/static-method-decorated","attempts":2,"complete_observations":2,"exception_observations":0,"diagnostics":0,"writes":4,"exit_code":0}
{"case_id":"decorator-binding/computed/esnext/define/getter-setter-decorated","attempts":2,"complete_observations":2,"exception_observations":0,"diagnostics":0,"writes":4,"exit_code":0}
{"case_id":"decorator-binding/computed/esnext/define/field-decorated","attempts":2,"complete_observations":2,"exception_observations":0,"diagnostics":0,"writes":4,"exit_code":0}
{"case_id":"decorator-binding/computed/esnext/define/static-field-decorated","attempts":2,"complete_observations":2,"exception_observations":0,"diagnostics":0,"writes":4,"exit_code":0}
{"case_id":"decorator-binding/computed/esnext/define/multiple-keys","attempts":2,"complete_observations":2,"exception_observations":0,"diagnostics":0,"writes":4,"exit_code":0}
{"case_id":"decorator-binding/computed/esnext/define/user-identifier-_a","attempts":2,"complete_observations":2,"exception_observations":0,"diagnostics":0,"writes":4,"exit_code":0}
{"case_id":"decorator-binding/computed/esnext/define/undecorated-computed-between","attempts":2,"complete_observations":2,"exception_observations":0,"diagnostics":0,"writes":4,"exit_code":0}
{"case_id":"decorator-binding/computed/esnext/define/undecorated-computed-method-after","attempts":2,"complete_observations":2,"exception_observations":0,"diagnostics":1,"writes":4,"exit_code":2}
{"case_id":"decorator-binding/computed/esnext/define/class-expression-computed","attempts":2,"complete_observations":2,"exception_observations":0,"diagnostics":0,"writes":4,"exit_code":0}
{"case_id":"decorator-binding/computed/esnext/define/member-only-decorators-computed","attempts":2,"complete_observations":2,"exception_observations":0,"diagnostics":0,"writes":4,"exit_code":0}
{"case_id":"decorator-binding/computed/esnext/define/computed-literal-and-expression","attempts":2,"complete_observations":2,"exception_observations":0,"diagnostics":0,"writes":4,"exit_code":0}
{"case_id":"decorator-binding/computed/esnext/define/computed-with-decorator-temp","attempts":2,"complete_observations":2,"exception_observations":0,"diagnostics":0,"writes":4,"exit_code":0}
{"case_id":"decorator-binding/computed/esnext/define/computed-in-static-block-nested-class","attempts":2,"complete_observations":2,"exception_observations":0,"diagnostics":0,"writes":4,"exit_code":0}
{"case_id":"decorator-binding/ordering/esnext/define/decorator-temp-and-anonymous-heritage","attempts":2,"complete_observations":2,"exception_observations":0,"diagnostics":0,"writes":4,"exit_code":0}
{"case_id":"decorator-binding/ordering/esnext/define/member-decorator-temp-then-computed","attempts":2,"complete_observations":2,"exception_observations":0,"diagnostics":0,"writes":4,"exit_code":0}
{"case_id":"decorator-binding/ordering/esnext/define/pending-computed-around-constructor","attempts":2,"complete_observations":2,"exception_observations":0,"diagnostics":0,"writes":4,"exit_code":0}
{"case_id":"decorator-binding/ordering/esnext/define/heritage-temp-and-member-temps","attempts":2,"complete_observations":2,"exception_observations":0,"diagnostics":0,"writes":4,"exit_code":0}
{"case_id":"decorator-binding/ordering/esnext/define/outer-this-and-computed-cache","attempts":2,"complete_observations":2,"exception_observations":0,"diagnostics":0,"writes":4,"exit_code":0}
{"case_id":"decorator-binding/ordering/esnext/define/two-classes-decorator-temps","attempts":2,"complete_observations":2,"exception_observations":0,"diagnostics":0,"writes":4,"exit_code":0}
{"case_id":"decorator-binding/lifecycle/esnext/define/bundle-outer-this-two-files","attempts":2,"complete_observations":2,"exception_observations":0,"diagnostics":0,"writes":4,"exit_code":0}
{"case_id":"decorator-binding/lifecycle/esnext/define/bundle-class-expression-two-files","attempts":2,"complete_observations":2,"exception_observations":0,"diagnostics":0,"writes":4,"exit_code":0}
{"case_id":"decorator-binding/lifecycle/esnext/define/bundle-default-two-files","attempts":2,"complete_observations":2,"exception_observations":0,"diagnostics":0,"writes":4,"exit_code":0}
{"case_id":"decorator-binding/lifecycle/esnext/define/bundle-file-level-then-scoped-across-files","attempts":2,"complete_observations":2,"exception_observations":0,"diagnostics":0,"writes":4,"exit_code":0}
{"case_id":"decorator-binding/lifecycle/esnext/define/bundle-parse-census-per-file","attempts":2,"complete_observations":2,"exception_observations":0,"diagnostics":0,"writes":4,"exit_code":0}
{"case_id":"decorator-binding/lifecycle/esnext/define/bundle-scoped-names-two-files","attempts":2,"complete_observations":2,"exception_observations":0,"diagnostics":0,"writes":4,"exit_code":0}
{"case_id":"decorator-binding/lifecycle/esnext/define/bundle-computed-temps-two-files","attempts":2,"complete_observations":2,"exception_observations":0,"diagnostics":0,"writes":4,"exit_code":0}
{"case_id":"decorator-binding/lifecycle/esnext/define/cjs-full-class","attempts":2,"complete_observations":2,"exception_observations":0,"diagnostics":0,"writes":4,"exit_code":0}
{"case_id":"decorator-binding/lifecycle/esnext/define/cjs-default-export","attempts":2,"complete_observations":2,"exception_observations":0,"diagnostics":0,"writes":4,"exit_code":0}
{"case_id":"decorator-binding/lifecycle/esnext/define/cjs-class-expression","attempts":2,"complete_observations":2,"exception_observations":0,"diagnostics":0,"writes":4,"exit_code":0}
{"case_id":"decorator-binding/lifecycle/esnext/define/cjs-computed","attempts":2,"complete_observations":2,"exception_observations":0,"diagnostics":0,"writes":4,"exit_code":0}
{"case_id":"decorator-binding/lifecycle/esnext/define/cjs-global-script-_metadata","attempts":2,"complete_observations":2,"exception_observations":0,"diagnostics":0,"writes":8,"exit_code":0}
{"case_id":"decorator-binding/lifecycle/esnext/define/cjs-sibling-file-level-then-scoped","attempts":2,"complete_observations":2,"exception_observations":0,"diagnostics":0,"writes":4,"exit_code":0}
{"destination":"/Users/hiramatsu/dev/tsc-rs-generated-binding/crates/compiler/tests/fixtures/decorator-binding.json.zst","cases":767,"upstream_failure_cases":1,"complete_program_executions":1534,"elapsed_seconds":479.253,"sha256":"be52ec87a5cdcfa407ccd0729b1eaa020f4c6e71b159dabbb507efbc70915ab7"}
