warning: the `Err`-variant returned from this function is very large
    --> crates/program/src/config.rs:1315:6
     |
1183 |     Program(ProgramLoadError),
     |     ------------------------- the largest variant contains at least 168 bytes
...
1315 | ) -> Result<PreparedProgram, ConfigProgramLoadError> {
     |      ^^^^^^^^^^^^^^^^^^^^^^^^^^^^^^^^^^^^^^^^^^^^^^^
     |
     = help: try reducing the size of `config::ConfigProgramLoadError`, for example by boxing large elements or replacing it with `Box<config::ConfigProgramLoadError>`
     = help: for further information visit https://rust-lang.github.io/rust-clippy/rust-1.93.0/index.html#result_large_err
     = note: `#[warn(clippy::result_large_err)]` on by default

warning: the `Err`-variant returned from this function is very large
    --> crates/program/src/config.rs:1336:6
     |
1183 |     Program(ProgramLoadError),
     |     ------------------------- the largest variant contains at least 168 bytes
...
1336 | ) -> Result<PreparedProgram, ConfigProgramLoadError> {
     |      ^^^^^^^^^^^^^^^^^^^^^^^^^^^^^^^^^^^^^^^^^^^^^^^
     |
     = help: try reducing the size of `config::ConfigProgramLoadError`, for example by boxing large elements or replacing it with `Box<config::ConfigProgramLoadError>`
     = help: for further information visit https://rust-lang.github.io/rust-clippy/rust-1.93.0/index.html#result_large_err

warning: the `Err`-variant returned from this function is very large
    --> crates/program/src/config.rs:1355:6
     |
1183 |     Program(ProgramLoadError),
     |     ------------------------- the largest variant contains at least 168 bytes
...
1355 | ) -> Result<PreparedProgram, ConfigProgramLoadError> {
     |      ^^^^^^^^^^^^^^^^^^^^^^^^^^^^^^^^^^^^^^^^^^^^^^^
     |
     = help: try reducing the size of `config::ConfigProgramLoadError`, for example by boxing large elements or replacing it with `Box<config::ConfigProgramLoadError>`
     = help: for further information visit https://rust-lang.github.io/rust-clippy/rust-1.93.0/index.html#result_large_err

warning: the `Err`-variant returned from this function is very large
    --> crates/program/src/config.rs:1373:6
     |
1183 |     Program(ProgramLoadError),
     |     ------------------------- the largest variant contains at least 168 bytes
...
1373 | ) -> Result<PreparedProgram, ConfigProgramLoadError> {
     |      ^^^^^^^^^^^^^^^^^^^^^^^^^^^^^^^^^^^^^^^^^^^^^^^
     |
     = help: try reducing the size of `config::ConfigProgramLoadError`, for example by boxing large elements or replacing it with `Box<config::ConfigProgramLoadError>`
     = help: for further information visit https://rust-lang.github.io/rust-clippy/rust-1.93.0/index.html#result_large_err

warning: the `Err`-variant returned from this function is very large
    --> crates/program/src/config.rs:1391:6
     |
1183 |     Program(ProgramLoadError),
     |     ------------------------- the largest variant contains at least 168 bytes
...
1391 | ) -> Result<PreparedProgram, ConfigProgramLoadError> {
     |      ^^^^^^^^^^^^^^^^^^^^^^^^^^^^^^^^^^^^^^^^^^^^^^^
     |
     = help: try reducing the size of `config::ConfigProgramLoadError`, for example by boxing large elements or replacing it with `Box<config::ConfigProgramLoadError>`
     = help: for further information visit https://rust-lang.github.io/rust-clippy/rust-1.93.0/index.html#result_large_err

warning: the `Err`-variant returned from this function is very large
    --> crates/program/src/config.rs:1408:6
     |
1183 |     Program(ProgramLoadError),
     |     ------------------------- the largest variant contains at least 168 bytes
...
1408 | ) -> Result<PreparedProgram, ConfigProgramLoadError> {
     |      ^^^^^^^^^^^^^^^^^^^^^^^^^^^^^^^^^^^^^^^^^^^^^^^
     |
     = help: try reducing the size of `config::ConfigProgramLoadError`, for example by boxing large elements or replacing it with `Box<config::ConfigProgramLoadError>`
     = help: for further information visit https://rust-lang.github.io/rust-clippy/rust-1.93.0/index.html#result_large_err

warning: the `Err`-variant returned from this function is very large
    --> crates/program/src/config.rs:1426:55
     |
1183 |     Program(ProgramLoadError),
     |     ------------------------- the largest variant contains at least 168 bytes
...
1426 | pub fn validate_config_plan(plan: &ConfigRootPlan) -> Result<(), ConfigProgramLoadError> {
     |                                                       ^^^^^^^^^^^^^^^^^^^^^^^^^^^^^^^^^^
     |
     = help: try reducing the size of `config::ConfigProgramLoadError`, for example by boxing large elements or replacing it with `Box<config::ConfigProgramLoadError>`
     = help: for further information visit https://rust-lang.github.io/rust-clippy/rust-1.93.0/index.html#result_large_err

warning: the `Err`-variant returned from this function is very large
    --> crates/program/src/config.rs:1434:6
     |
1183 |     Program(ProgramLoadError),
     |     ------------------------- the largest variant contains at least 168 bytes
...
1434 | ) -> Result<(), ConfigProgramLoadError> {
     |      ^^^^^^^^^^^^^^^^^^^^^^^^^^^^^^^^^^
     |
     = help: try reducing the size of `config::ConfigProgramLoadError`, for example by boxing large elements or replacing it with `Box<config::ConfigProgramLoadError>`
     = help: for further information visit https://rust-lang.github.io/rust-clippy/rust-1.93.0/index.html#result_large_err

warning: the `Err`-variant returned from this function is very large
    --> crates/program/src/config.rs:1492:6
     |
1183 |     Program(ProgramLoadError),
     |     ------------------------- the largest variant contains at least 168 bytes
...
1492 | ) -> Result<PreparedProgram, ConfigProgramLoadError> {
     |      ^^^^^^^^^^^^^^^^^^^^^^^^^^^^^^^^^^^^^^^^^^^^^^^
     |
     = help: try reducing the size of `config::ConfigProgramLoadError`, for example by boxing large elements or replacing it with `Box<config::ConfigProgramLoadError>`
     = help: for further information visit https://rust-lang.github.io/rust-clippy/rust-1.93.0/index.html#result_large_err

warning: useless conversion to the same type: `tsc_diagnostics::JsStr<'_>`
    --> crates/program/src/config.rs:1911:76
     |
1911 |         let path = crate::js_path::normalized_absolute_path(original_path, config_base_path.into());
     |                                                                            ^^^^^^^^^^^^^^^^^^^^^^^ help: consider removing `.into()`: `config_base_path`
     |
     = help: for further information visit https://rust-lang.github.io/rust-clippy/rust-1.93.0/index.html#useless_conversion
     = note: `#[warn(clippy::useless_conversion)]` on by default

warning: useless conversion to the same type: `tsc_diagnostics::JsStr<'_>`
    --> crates/program/src/config.rs:2297:35
     |
2297 |         match self.host.read_file(path.into()) {
     |                                   ^^^^^^^^^^^ help: consider removing `.into()`: `path`
     |
     = help: for further information visit https://rust-lang.github.io/rust-clippy/rust-1.93.0/index.html#useless_conversion

warning: useless conversion to the same type: `tsc_diagnostics::JsString`
    --> crates/program/src/config.rs:2690:59
     |
2690 | ...                   .map(|spec| Value::String(spec.text.clone().into()))
     |                                                 ^^^^^^^^^^^^^^^^^^^^^^^^ help: consider removing `.into()`: `spec.text.clone()`
     |
     = help: for further information visit https://rust-lang.github.io/rust-clippy/rust-1.93.0/index.html#useless_conversion

warning: useless conversion to the same type: `tsc_diagnostics::JsStr<'_>`
    --> crates/program/src/config.rs:2799:32
     |
2799 |             current_directory: base_path.into(),
     |                                ^^^^^^^^^^^^^^^^ help: consider removing `.into()`: `base_path`
     |
     = help: for further information visit https://rust-lang.github.io/rust-clippy/rust-1.93.0/index.html#useless_conversion

warning: useless conversion to the same type: `tsc_diagnostics::JsStr<'_>`
    --> crates/program/src/config.rs:4507:13
     |
4507 |             base_path.into(),
     |             ^^^^^^^^^^^^^^^^ help: consider removing `.into()`: `base_path`
     |
     = help: for further information visit https://rust-lang.github.io/rust-clippy/rust-1.93.0/index.html#useless_conversion

warning: useless conversion to the same type: `tsc_diagnostics::JsString`
    --> crates/program/src/config.rs:4706:48
     |
4706 |                     .map(|value| Value::String(value.into()))
     |                                                ^^^^^^^^^^^^ help: consider removing `.into()`: `value`
     |
     = help: for further information visit https://rust-lang.github.io/rust-clippy/rust-1.93.0/index.html#useless_conversion

warning: useless conversion to the same type: `tsc_diagnostics::JsString`
    --> crates/program/src/config.rs:6351:38
     |
6351 |                   let mut difference = JsString::from(relative_directory_path(
     |  ______________________________________^
6352 | |                     base_path,
6353 | |                     &spec.base_path,
6354 | |                     case_sensitive,
6355 | |                 )?);
     | |___________________^
     |
     = help: for further information visit https://rust-lang.github.io/rust-clippy/rust-1.93.0/index.html#useless_conversion
help: consider removing `JsString::from()`
     |
6351 ~                 let mut difference = relative_directory_path(
6352 +                     base_path,
6353 +                     &spec.base_path,
6354 +                     case_sensitive,
6355 ~                 )?;
     |

warning: comparison to empty slice
  --> crates/program/src/js_path.rs:57:13
   |
57 |         && (authority == "" || authority == "localhost")
   |             ^^^^^^^^^^^^^^^ help: using `is_empty` is clearer and more explicit: `authority.is_empty()`
   |
   = help: for further information visit https://rust-lang.github.io/rust-clippy/rust-1.93.0/index.html#comparison_to_empty
   = note: `#[warn(clippy::comparison_to_empty)]` on by default

warning: the `Err`-variant returned from this function is very large
   --> crates/program/src/loader.rs:576:6
    |
240 | /     Host {
241 | |         operation: ProgramLoadOperation,
242 | |         path: Option<PathBuf>,
243 | |         js_path: Option<JsString>,
244 | |         source: HostError,
245 | |     },
    | |_____- the variant `Host` contains at least 129 bytes
...
252 | /     Resolution {
253 | |         operation: ProgramLoadOperation,
254 | |         path: Option<PathBuf>,
255 | |         js_path: Option<JsString>,
256 | |         specifier: Option<JsString>,
257 | |         source: ResolutionError,
258 | |     },
    | |_____- the variant `Resolution` contains at least 153 bytes
259 | /     Preparation {
260 | |         operation: ProgramLoadOperation,
261 | |         source: PreparationError,
262 | |     },
    | |_____- the largest variant contains at least 161 bytes
...
576 |   ) -> Result<PreparedProgram, ProgramLoadError> {
    |        ^^^^^^^^^^^^^^^^^^^^^^^^^^^^^^^^^^^^^^^^^
    |
    = help: try reducing the size of `loader::ProgramLoadError`, for example by boxing large elements or replacing it with `Box<loader::ProgramLoadError>`
    = help: for further information visit https://rust-lang.github.io/rust-clippy/rust-1.93.0/index.html#result_large_err

warning: the `Err`-variant returned from this function is very large
   --> crates/program/src/loader.rs:609:6
    |
240 | /     Host {
241 | |         operation: ProgramLoadOperation,
242 | |         path: Option<PathBuf>,
243 | |         js_path: Option<JsString>,
244 | |         source: HostError,
245 | |     },
    | |_____- the variant `Host` contains at least 129 bytes
...
252 | /     Resolution {
253 | |         operation: ProgramLoadOperation,
254 | |         path: Option<PathBuf>,
255 | |         js_path: Option<JsString>,
256 | |         specifier: Option<JsString>,
257 | |         source: ResolutionError,
258 | |     },
    | |_____- the variant `Resolution` contains at least 153 bytes
259 | /     Preparation {
260 | |         operation: ProgramLoadOperation,
261 | |         source: PreparationError,
262 | |     },
    | |_____- the largest variant contains at least 161 bytes
...
609 |   ) -> Result<PreparedProgram, ProgramLoadError> {
    |        ^^^^^^^^^^^^^^^^^^^^^^^^^^^^^^^^^^^^^^^^^
    |
    = help: try reducing the size of `loader::ProgramLoadError`, for example by boxing large elements or replacing it with `Box<loader::ProgramLoadError>`
    = help: for further information visit https://rust-lang.github.io/rust-clippy/rust-1.93.0/index.html#result_large_err

warning: the `Err`-variant returned from this function is very large
   --> crates/program/src/loader.rs:638:6
    |
240 | /     Host {
241 | |         operation: ProgramLoadOperation,
242 | |         path: Option<PathBuf>,
243 | |         js_path: Option<JsString>,
244 | |         source: HostError,
245 | |     },
    | |_____- the variant `Host` contains at least 129 bytes
...
252 | /     Resolution {
253 | |         operation: ProgramLoadOperation,
254 | |         path: Option<PathBuf>,
255 | |         js_path: Option<JsString>,
256 | |         specifier: Option<JsString>,
257 | |         source: ResolutionError,
258 | |     },
    | |_____- the variant `Resolution` contains at least 153 bytes
259 | /     Preparation {
260 | |         operation: ProgramLoadOperation,
261 | |         source: PreparationError,
262 | |     },
    | |_____- the largest variant contains at least 161 bytes
...
638 |   ) -> Result<PreparedProgram, ProgramLoadError> {
    |        ^^^^^^^^^^^^^^^^^^^^^^^^^^^^^^^^^^^^^^^^^
    |
    = help: try reducing the size of `loader::ProgramLoadError`, for example by boxing large elements or replacing it with `Box<loader::ProgramLoadError>`
    = help: for further information visit https://rust-lang.github.io/rust-clippy/rust-1.93.0/index.html#result_large_err

warning: the `Err`-variant returned from this function is very large
   --> crates/program/src/loader.rs:678:6
    |
240 | /     Host {
241 | |         operation: ProgramLoadOperation,
242 | |         path: Option<PathBuf>,
243 | |         js_path: Option<JsString>,
244 | |         source: HostError,
245 | |     },
    | |_____- the variant `Host` contains at least 129 bytes
...
252 | /     Resolution {
253 | |         operation: ProgramLoadOperation,
254 | |         path: Option<PathBuf>,
255 | |         js_path: Option<JsString>,
256 | |         specifier: Option<JsString>,
257 | |         source: ResolutionError,
258 | |     },
    | |_____- the variant `Resolution` contains at least 153 bytes
259 | /     Preparation {
260 | |         operation: ProgramLoadOperation,
261 | |         source: PreparationError,
262 | |     },
    | |_____- the largest variant contains at least 161 bytes
...
678 |   ) -> Result<PreparedProgram, ProgramLoadError> {
    |        ^^^^^^^^^^^^^^^^^^^^^^^^^^^^^^^^^^^^^^^^^
    |
    = help: try reducing the size of `loader::ProgramLoadError`, for example by boxing large elements or replacing it with `Box<loader::ProgramLoadError>`
    = help: for further information visit https://rust-lang.github.io/rust-clippy/rust-1.93.0/index.html#result_large_err

warning: the `Err`-variant returned from this function is very large
   --> crates/program/src/loader.rs:707:6
    |
240 | /     Host {
241 | |         operation: ProgramLoadOperation,
242 | |         path: Option<PathBuf>,
243 | |         js_path: Option<JsString>,
244 | |         source: HostError,
245 | |     },
    | |_____- the variant `Host` contains at least 129 bytes
...
252 | /     Resolution {
253 | |         operation: ProgramLoadOperation,
254 | |         path: Option<PathBuf>,
255 | |         js_path: Option<JsString>,
256 | |         specifier: Option<JsString>,
257 | |         source: ResolutionError,
258 | |     },
    | |_____- the variant `Resolution` contains at least 153 bytes
259 | /     Preparation {
260 | |         operation: ProgramLoadOperation,
261 | |         source: PreparationError,
262 | |     },
    | |_____- the largest variant contains at least 161 bytes
...
707 |   ) -> Result<PreparedProgram, ProgramLoadError> {
    |        ^^^^^^^^^^^^^^^^^^^^^^^^^^^^^^^^^^^^^^^^^
    |
    = help: try reducing the size of `loader::ProgramLoadError`, for example by boxing large elements or replacing it with `Box<loader::ProgramLoadError>`
    = help: for further information visit https://rust-lang.github.io/rust-clippy/rust-1.93.0/index.html#result_large_err

warning: the `Err`-variant returned from this function is very large
   --> crates/program/src/loader.rs:743:36
    |
240 | /     Host {
241 | |         operation: ProgramLoadOperation,
242 | |         path: Option<PathBuf>,
243 | |         js_path: Option<JsString>,
244 | |         source: HostError,
245 | |     },
    | |_____- the variant `Host` contains at least 129 bytes
...
252 | /     Resolution {
253 | |         operation: ProgramLoadOperation,
254 | |         path: Option<PathBuf>,
255 | |         js_path: Option<JsString>,
256 | |         specifier: Option<JsString>,
257 | |         source: ResolutionError,
258 | |     },
    | |_____- the variant `Resolution` contains at least 153 bytes
259 | /     Preparation {
260 | |         operation: ProgramLoadOperation,
261 | |         source: PreparationError,
262 | |     },
    | |_____- the largest variant contains at least 161 bytes
...
743 |       fn name(self, index: usize) -> Result<JsStr<'a>, ProgramLoadError> {
    |                                      ^^^^^^^^^^^^^^^^^^^^^^^^^^^^^^^^^^^
    |
    = help: try reducing the size of `loader::ProgramLoadError`, for example by boxing large elements or replacing it with `Box<loader::ProgramLoadError>`
    = help: for further information visit https://rust-lang.github.io/rust-clippy/rust-1.93.0/index.html#result_large_err

warning: the `Err`-variant returned from this function is very large
   --> crates/program/src/loader.rs:756:6
    |
240 | /     Host {
241 | |         operation: ProgramLoadOperation,
242 | |         path: Option<PathBuf>,
243 | |         js_path: Option<JsString>,
244 | |         source: HostError,
245 | |     },
    | |_____- the variant `Host` contains at least 129 bytes
...
252 | /     Resolution {
253 | |         operation: ProgramLoadOperation,
254 | |         path: Option<PathBuf>,
255 | |         js_path: Option<JsString>,
256 | |         specifier: Option<JsString>,
257 | |         source: ResolutionError,
258 | |     },
    | |_____- the variant `Resolution` contains at least 153 bytes
259 | /     Preparation {
260 | |         operation: ProgramLoadOperation,
261 | |         source: PreparationError,
262 | |     },
    | |_____- the largest variant contains at least 161 bytes
...
756 |   ) -> Result<JsStr<'_>, ProgramLoadError> {
    |        ^^^^^^^^^^^^^^^^^^^^^^^^^^^^^^^^^^^
    |
    = help: try reducing the size of `loader::ProgramLoadError`, for example by boxing large elements or replacing it with `Box<loader::ProgramLoadError>`
    = help: for further information visit https://rust-lang.github.io/rust-clippy/rust-1.93.0/index.html#result_large_err

warning: the `Err`-variant returned from this function is very large
   --> crates/program/src/loader.rs:777:6
    |
240 | /     Host {
241 | |         operation: ProgramLoadOperation,
242 | |         path: Option<PathBuf>,
243 | |         js_path: Option<JsString>,
244 | |         source: HostError,
245 | |     },
    | |_____- the variant `Host` contains at least 129 bytes
...
252 | /     Resolution {
253 | |         operation: ProgramLoadOperation,
254 | |         path: Option<PathBuf>,
255 | |         js_path: Option<JsString>,
256 | |         specifier: Option<JsString>,
257 | |         source: ResolutionError,
258 | |     },
    | |_____- the variant `Resolution` contains at least 153 bytes
259 | /     Preparation {
260 | |         operation: ProgramLoadOperation,
261 | |         source: PreparationError,
262 | |     },
    | |_____- the largest variant contains at least 161 bytes
...
777 |   ) -> Result<PreparedProgram, ProgramLoadError> {
    |        ^^^^^^^^^^^^^^^^^^^^^^^^^^^^^^^^^^^^^^^^^
    |
    = help: try reducing the size of `loader::ProgramLoadError`, for example by boxing large elements or replacing it with `Box<loader::ProgramLoadError>`
    = help: for further information visit https://rust-lang.github.io/rust-clippy/rust-1.93.0/index.html#result_large_err

warning: the `Err`-variant returned from this function is very large
   --> crates/program/src/loader.rs:891:6
    |
240 | /     Host {
241 | |         operation: ProgramLoadOperation,
242 | |         path: Option<PathBuf>,
243 | |         js_path: Option<JsString>,
244 | |         source: HostError,
245 | |     },
    | |_____- the variant `Host` contains at least 129 bytes
...
252 | /     Resolution {
253 | |         operation: ProgramLoadOperation,
254 | |         path: Option<PathBuf>,
255 | |         js_path: Option<JsString>,
256 | |         specifier: Option<JsString>,
257 | |         source: ResolutionError,
258 | |     },
    | |_____- the variant `Resolution` contains at least 153 bytes
259 | /     Preparation {
260 | |         operation: ProgramLoadOperation,
261 | |         source: PreparationError,
262 | |     },
    | |_____- the largest variant contains at least 161 bytes
...
891 |   ) -> Result<Vec<(ProgramPath, ProgramPath)>, ProgramLoadError> {
    |        ^^^^^^^^^^^^^^^^^^^^^^^^^^^^^^^^^^^^^^^^^^^^^^^^^^^^^^^^^
    |
    = help: try reducing the size of `loader::ProgramLoadError`, for example by boxing large elements or replacing it with `Box<loader::ProgramLoadError>`
    = help: for further information visit https://rust-lang.github.io/rust-clippy/rust-1.93.0/index.html#result_large_err

warning: useless conversion to the same type: `tsc_diagnostics::JsString`
   --> crates/program/src/loader.rs:930:30
    |
930 |                         Some((name.clone()).into()),
    |                              ^^^^^^^^^^^^^^^^^^^^^ help: consider removing `.into()`: `(name.clone())`
    |
    = help: for further information visit https://rust-lang.github.io/rust-clippy/rust-1.93.0/index.html#useless_conversion

warning: redundant closure
   --> crates/program/src/loader.rs:963:33
    |
963 |                     .filter_map(|key| crate::json::decode_user_object_key(key))
    |                                 ^^^^^^^^^^^^^^^^^^^^^^^^^^^^^^^^^^^^^^^^^^^^^^ help: replace the closure with the function itself: `crate::json::decode_user_object_key`
    |
    = help: for further information visit https://rust-lang.github.io/rust-clippy/rust-1.93.0/index.html#redundant_closure
    = note: `#[warn(clippy::redundant_closure)]` on by default

warning: the `Err`-variant returned from this function is very large
   --> crates/program/src/loader.rs:977:6
    |
240 | /     Host {
241 | |         operation: ProgramLoadOperation,
242 | |         path: Option<PathBuf>,
243 | |         js_path: Option<JsString>,
244 | |         source: HostError,
245 | |     },
    | |_____- the variant `Host` contains at least 129 bytes
...
252 | /     Resolution {
253 | |         operation: ProgramLoadOperation,
254 | |         path: Option<PathBuf>,
255 | |         js_path: Option<JsString>,
256 | |         specifier: Option<JsString>,
257 | |         source: ResolutionError,
258 | |     },
    | |_____- the variant `Resolution` contains at least 153 bytes
259 | /     Preparation {
260 | |         operation: ProgramLoadOperation,
261 | |         source: PreparationError,
262 | |     },
    | |_____- the largest variant contains at least 161 bytes
...
977 |   ) -> Result<(), ProgramLoadError> {
    |        ^^^^^^^^^^^^^^^^^^^^^^^^^^^^
    |
    = help: try reducing the size of `loader::ProgramLoadError`, for example by boxing large elements or replacing it with `Box<loader::ProgramLoadError>`
    = help: for further information visit https://rust-lang.github.io/rust-clippy/rust-1.93.0/index.html#result_large_err

warning: the `Err`-variant returned from this function is very large
    --> crates/program/src/loader.rs:1041:6
     |
 240 | /     Host {
 241 | |         operation: ProgramLoadOperation,
 242 | |         path: Option<PathBuf>,
 243 | |         js_path: Option<JsString>,
 244 | |         source: HostError,
 245 | |     },
     | |_____- the variant `Host` contains at least 129 bytes
...
 252 | /     Resolution {
 253 | |         operation: ProgramLoadOperation,
 254 | |         path: Option<PathBuf>,
 255 | |         js_path: Option<JsString>,
 256 | |         specifier: Option<JsString>,
 257 | |         source: ResolutionError,
 258 | |     },
     | |_____- the variant `Resolution` contains at least 153 bytes
 259 | /     Preparation {
 260 | |         operation: ProgramLoadOperation,
 261 | |         source: PreparationError,
 262 | |     },
     | |_____- the largest variant contains at least 161 bytes
...
1041 |   ) -> Result<ProgramPath, ProgramLoadError> {
     |        ^^^^^^^^^^^^^^^^^^^^^^^^^^^^^^^^^^^^^
     |
     = help: try reducing the size of `loader::ProgramLoadError`, for example by boxing large elements or replacing it with `Box<loader::ProgramLoadError>`
     = help: for further information visit https://rust-lang.github.io/rust-clippy/rust-1.93.0/index.html#result_large_err

warning: the `Err`-variant returned from this function is very large
    --> crates/program/src/loader.rs:1074:6
     |
 240 | /     Host {
 241 | |         operation: ProgramLoadOperation,
 242 | |         path: Option<PathBuf>,
 243 | |         js_path: Option<JsString>,
 244 | |         source: HostError,
 245 | |     },
     | |_____- the variant `Host` contains at least 129 bytes
...
 252 | /     Resolution {
 253 | |         operation: ProgramLoadOperation,
 254 | |         path: Option<PathBuf>,
 255 | |         js_path: Option<JsString>,
 256 | |         specifier: Option<JsString>,
 257 | |         source: ResolutionError,
 258 | |     },
     | |_____- the variant `Resolution` contains at least 153 bytes
 259 | /     Preparation {
 260 | |         operation: ProgramLoadOperation,
 261 | |         source: PreparationError,
 262 | |     },
     | |_____- the largest variant contains at least 161 bytes
...
1074 |   ) -> Result<ProgramPath, ProgramLoadError> {
     |        ^^^^^^^^^^^^^^^^^^^^^^^^^^^^^^^^^^^^^
     |
     = help: try reducing the size of `loader::ProgramLoadError`, for example by boxing large elements or replacing it with `Box<loader::ProgramLoadError>`
     = help: for further information visit https://rust-lang.github.io/rust-clippy/rust-1.93.0/index.html#result_large_err

warning: the `Err`-variant returned from this function is very large
    --> crates/program/src/loader.rs:1116:6
     |
 240 | /     Host {
 241 | |         operation: ProgramLoadOperation,
 242 | |         path: Option<PathBuf>,
 243 | |         js_path: Option<JsString>,
 244 | |         source: HostError,
 245 | |     },
     | |_____- the variant `Host` contains at least 129 bytes
...
 252 | /     Resolution {
 253 | |         operation: ProgramLoadOperation,
 254 | |         path: Option<PathBuf>,
 255 | |         js_path: Option<JsString>,
 256 | |         specifier: Option<JsString>,
 257 | |         source: ResolutionError,
 258 | |     },
     | |_____- the variant `Resolution` contains at least 153 bytes
 259 | /     Preparation {
 260 | |         operation: ProgramLoadOperation,
 261 | |         source: PreparationError,
 262 | |     },
     | |_____- the largest variant contains at least 161 bytes
...
1116 |   ) -> Result<(), ProgramLoadError> {
     |        ^^^^^^^^^^^^^^^^^^^^^^^^^^^^
     |
     = help: try reducing the size of `loader::ProgramLoadError`, for example by boxing large elements or replacing it with `Box<loader::ProgramLoadError>`
     = help: for further information visit https://rust-lang.github.io/rust-clippy/rust-1.93.0/index.html#result_large_err

warning: the `Err`-variant returned from this function is very large
    --> crates/program/src/loader.rs:1162:6
     |
 240 | /     Host {
 241 | |         operation: ProgramLoadOperation,
 242 | |         path: Option<PathBuf>,
 243 | |         js_path: Option<JsString>,
 244 | |         source: HostError,
 245 | |     },
     | |_____- the variant `Host` contains at least 129 bytes
...
 252 | /     Resolution {
 253 | |         operation: ProgramLoadOperation,
 254 | |         path: Option<PathBuf>,
 255 | |         js_path: Option<JsString>,
 256 | |         specifier: Option<JsString>,
 257 | |         source: ResolutionError,
 258 | |     },
     | |_____- the variant `Resolution` contains at least 153 bytes
 259 | /     Preparation {
 260 | |         operation: ProgramLoadOperation,
 261 | |         source: PreparationError,
 262 | |     },
     | |_____- the largest variant contains at least 161 bytes
...
1162 |   ) -> Result<(), ProgramLoadError> {
     |        ^^^^^^^^^^^^^^^^^^^^^^^^^^^^
     |
     = help: try reducing the size of `loader::ProgramLoadError`, for example by boxing large elements or replacing it with `Box<loader::ProgramLoadError>`
     = help: for further information visit https://rust-lang.github.io/rust-clippy/rust-1.93.0/index.html#result_large_err

warning: the `Err`-variant returned from this function is very large
    --> crates/program/src/loader.rs:1479:10
     |
 240 | /     Host {
 241 | |         operation: ProgramLoadOperation,
 242 | |         path: Option<PathBuf>,
 243 | |         js_path: Option<JsString>,
 244 | |         source: HostError,
 245 | |     },
     | |_____- the variant `Host` contains at least 129 bytes
...
 252 | /     Resolution {
 253 | |         operation: ProgramLoadOperation,
 254 | |         path: Option<PathBuf>,
 255 | |         js_path: Option<JsString>,
 256 | |         specifier: Option<JsString>,
 257 | |         source: ResolutionError,
 258 | |     },
     | |_____- the variant `Resolution` contains at least 153 bytes
 259 | /     Preparation {
 260 | |         operation: ProgramLoadOperation,
 261 | |         source: PreparationError,
 262 | |     },
     | |_____- the largest variant contains at least 161 bytes
...
1479 |       ) -> Result<(), ProgramLoadError> {
     |            ^^^^^^^^^^^^^^^^^^^^^^^^^^^^
     |
     = help: try reducing the size of `loader::ProgramLoadError`, for example by boxing large elements or replacing it with `Box<loader::ProgramLoadError>`
     = help: for further information visit https://rust-lang.github.io/rust-clippy/rust-1.93.0/index.html#result_large_err

warning: the `Err`-variant returned from this function is very large
    --> crates/program/src/loader.rs:1539:10
     |
 240 | /     Host {
 241 | |         operation: ProgramLoadOperation,
 242 | |         path: Option<PathBuf>,
 243 | |         js_path: Option<JsString>,
 244 | |         source: HostError,
 245 | |     },
     | |_____- the variant `Host` contains at least 129 bytes
...
 252 | /     Resolution {
 253 | |         operation: ProgramLoadOperation,
 254 | |         path: Option<PathBuf>,
 255 | |         js_path: Option<JsString>,
 256 | |         specifier: Option<JsString>,
 257 | |         source: ResolutionError,
 258 | |     },
     | |_____- the variant `Resolution` contains at least 153 bytes
 259 | /     Preparation {
 260 | |         operation: ProgramLoadOperation,
 261 | |         source: PreparationError,
 262 | |     },
     | |_____- the largest variant contains at least 161 bytes
...
1539 |       ) -> Result<(), ProgramLoadError> {
     |            ^^^^^^^^^^^^^^^^^^^^^^^^^^^^
     |
     = help: try reducing the size of `loader::ProgramLoadError`, for example by boxing large elements or replacing it with `Box<loader::ProgramLoadError>`
     = help: for further information visit https://rust-lang.github.io/rust-clippy/rust-1.93.0/index.html#result_large_err

warning: the `Err`-variant returned from this function is very large
    --> crates/program/src/loader.rs:1594:53
     |
 240 | /     Host {
 241 | |         operation: ProgramLoadOperation,
 242 | |         path: Option<PathBuf>,
 243 | |         js_path: Option<JsString>,
 244 | |         source: HostError,
 245 | |     },
     | |_____- the variant `Host` contains at least 129 bytes
...
 252 | /     Resolution {
 253 | |         operation: ProgramLoadOperation,
 254 | |         path: Option<PathBuf>,
 255 | |         js_path: Option<JsString>,
 256 | |         specifier: Option<JsString>,
 257 | |         source: ResolutionError,
 258 | |     },
     | |_____- the variant `Resolution` contains at least 153 bytes
 259 | /     Preparation {
 260 | |         operation: ProgramLoadOperation,
 261 | |         source: PreparationError,
 262 | |     },
     | |_____- the largest variant contains at least 161 bytes
...
1594 |       fn load_automatic_type_directives(&mut self) -> Result<(), ProgramLoadError> {
     |                                                       ^^^^^^^^^^^^^^^^^^^^^^^^^^^^
     |
     = help: try reducing the size of `loader::ProgramLoadError`, for example by boxing large elements or replacing it with `Box<loader::ProgramLoadError>`
     = help: for further information visit https://rust-lang.github.io/rust-clippy/rust-1.93.0/index.html#result_large_err

warning: useless conversion to the same type: `tsc_diagnostics::JsString`
    --> crates/program/src/loader.rs:1633:34
     |
1633 | ...                   Some((name.clone()).into()),
     |                            ^^^^^^^^^^^^^^^^^^^^^ help: consider removing `.into()`: `(name.clone())`
     |
     = help: for further information visit https://rust-lang.github.io/rust-clippy/rust-1.93.0/index.html#useless_conversion

warning: the `Err`-variant returned from this function is very large
    --> crates/program/src/loader.rs:1706:10
     |
 240 | /     Host {
 241 | |         operation: ProgramLoadOperation,
 242 | |         path: Option<PathBuf>,
 243 | |         js_path: Option<JsString>,
 244 | |         source: HostError,
 245 | |     },
     | |_____- the variant `Host` contains at least 129 bytes
...
 252 | /     Resolution {
 253 | |         operation: ProgramLoadOperation,
 254 | |         path: Option<PathBuf>,
 255 | |         js_path: Option<JsString>,
 256 | |         specifier: Option<JsString>,
 257 | |         source: ResolutionError,
 258 | |     },
     | |_____- the variant `Resolution` contains at least 153 bytes
 259 | /     Preparation {
 260 | |         operation: ProgramLoadOperation,
 261 | |         source: PreparationError,
 262 | |     },
     | |_____- the largest variant contains at least 161 bytes
...
1706 |       ) -> Result<(Vec<JsString>, bool), ProgramLoadError> {
     |            ^^^^^^^^^^^^^^^^^^^^^^^^^^^^^^^^^^^^^^^^^^^^^^^
     |
     = help: try reducing the size of `loader::ProgramLoadError`, for example by boxing large elements or replacing it with `Box<loader::ProgramLoadError>`
     = help: for further information visit https://rust-lang.github.io/rust-clippy/rust-1.93.0/index.html#result_large_err

warning: useless conversion to the same type: `tsc_diagnostics::JsString`
    --> crates/program/src/loader.rs:1718:25
     |
1718 |                .into_iter()
     |   _________________________^
     |  |_________________________|
1719 | ||             .map(JsString::from)
     | ||________________________________^
1720 | |              .collect();
     | |_____________- help: consider removing
     |
     = help: for further information visit https://rust-lang.github.io/rust-clippy/rust-1.93.0/index.html#useless_conversion

warning: the `Err`-variant returned from this function is very large
    --> crates/program/src/loader.rs:1737:56
     |
 240 | /     Host {
 241 | |         operation: ProgramLoadOperation,
 242 | |         path: Option<PathBuf>,
 243 | |         js_path: Option<JsString>,
 244 | |         source: HostError,
 245 | |     },
     | |_____- the variant `Host` contains at least 129 bytes
...
 252 | /     Resolution {
 253 | |         operation: ProgramLoadOperation,
 254 | |         path: Option<PathBuf>,
 255 | |         js_path: Option<JsString>,
 256 | |         specifier: Option<JsString>,
 257 | |         source: ResolutionError,
 258 | |     },
     | |_____- the variant `Resolution` contains at least 153 bytes
 259 | /     Preparation {
 260 | |         operation: ProgramLoadOperation,
 261 | |         source: PreparationError,
 262 | |     },
     | |_____- the largest variant contains at least 161 bytes
...
1737 |       fn discover_wildcard_type_directives(&mut self) -> Result<Vec<JsString>, ProgramLoadError> {
     |                                                          ^^^^^^^^^^^^^^^^^^^^^^^^^^^^^^^^^^^^^^^
     |
     = help: try reducing the size of `loader::ProgramLoadError`, for example by boxing large elements or replacing it with `Box<loader::ProgramLoadError>`
     = help: for further information visit https://rust-lang.github.io/rust-clippy/rust-1.93.0/index.html#result_large_err

warning: the `Err`-variant returned from this function is very large
    --> crates/program/src/loader.rs:1795:10
     |
 240 | /     Host {
 241 | |         operation: ProgramLoadOperation,
 242 | |         path: Option<PathBuf>,
 243 | |         js_path: Option<JsString>,
 244 | |         source: HostError,
 245 | |     },
     | |_____- the variant `Host` contains at least 129 bytes
...
 252 | /     Resolution {
 253 | |         operation: ProgramLoadOperation,
 254 | |         path: Option<PathBuf>,
 255 | |         js_path: Option<JsString>,
 256 | |         specifier: Option<JsString>,
 257 | |         source: ResolutionError,
 258 | |     },
     | |_____- the variant `Resolution` contains at least 153 bytes
 259 | /     Preparation {
 260 | |         operation: ProgramLoadOperation,
 261 | |         source: PreparationError,
 262 | |     },
     | |_____- the largest variant contains at least 161 bytes
...
1795 |       ) -> Result<bool, ProgramLoadError> {
     |            ^^^^^^^^^^^^^^^^^^^^^^^^^^^^^^
     |
     = help: try reducing the size of `loader::ProgramLoadError`, for example by boxing large elements or replacing it with `Box<loader::ProgramLoadError>`
     = help: for further information visit https://rust-lang.github.io/rust-clippy/rust-1.93.0/index.html#result_large_err

warning: the `Err`-variant returned from this function is very large
    --> crates/program/src/loader.rs:1826:50
     |
 240 | /     Host {
 241 | |         operation: ProgramLoadOperation,
 242 | |         path: Option<PathBuf>,
 243 | |         js_path: Option<JsString>,
 244 | |         source: HostError,
 245 | |     },
     | |_____- the variant `Host` contains at least 129 bytes
...
 252 | /     Resolution {
 253 | |         operation: ProgramLoadOperation,
 254 | |         path: Option<PathBuf>,
 255 | |         js_path: Option<JsString>,
 256 | |         specifier: Option<JsString>,
 257 | |         source: ResolutionError,
 258 | |     },
     | |_____- the variant `Resolution` contains at least 153 bytes
 259 | /     Preparation {
 260 | |         operation: ProgramLoadOperation,
 261 | |         source: PreparationError,
 262 | |     },
     | |_____- the largest variant contains at least 161 bytes
...
1826 |       fn automatic_types_containing_file(&self) -> Result<ProgramPath, ProgramLoadError> {
     |                                                    ^^^^^^^^^^^^^^^^^^^^^^^^^^^^^^^^^^^^^
     |
     = help: try reducing the size of `loader::ProgramLoadError`, for example by boxing large elements or replacing it with `Box<loader::ProgramLoadError>`
     = help: for further information visit https://rust-lang.github.io/rust-clippy/rust-1.93.0/index.html#result_large_err

warning: useless conversion to the same type: `tsc_diagnostics::JsStr<'_>`
    --> crates/program/src/loader.rs:1829:18
     |
1829 |             Some(self.resolver.type_root_base_directory().into()),
     |                  ^^^^^^^^^^^^^^^^^^^^^^^^^^^^^^^^^^^^^^^^^^^^^^^ help: consider removing `.into()`: `self.resolver.type_root_base_directory()`
     |
     = help: for further information visit https://rust-lang.github.io/rust-clippy/rust-1.93.0/index.html#useless_conversion

warning: the `Err`-variant returned from this function is very large
    --> crates/program/src/loader.rs:1854:46
     |
 240 | /     Host {
 241 | |         operation: ProgramLoadOperation,
 242 | |         path: Option<PathBuf>,
 243 | |         js_path: Option<JsString>,
 244 | |         source: HostError,
 245 | |     },
     | |_____- the variant `Host` contains at least 129 bytes
...
 252 | /     Resolution {
 253 | |         operation: ProgramLoadOperation,
 254 | |         path: Option<PathBuf>,
 255 | |         js_path: Option<JsString>,
 256 | |         specifier: Option<JsString>,
 257 | |         source: ResolutionError,
 258 | |     },
     | |_____- the variant `Resolution` contains at least 153 bytes
 259 | /     Preparation {
 260 | |         operation: ProgramLoadOperation,
 261 | |         source: PreparationError,
 262 | |     },
     | |_____- the largest variant contains at least 161 bytes
...
1854 |       fn load_selected_libraries(&mut self) -> Result<(), ProgramLoadError> {
     |                                                ^^^^^^^^^^^^^^^^^^^^^^^^^^^^
     |
     = help: try reducing the size of `loader::ProgramLoadError`, for example by boxing large elements or replacing it with `Box<loader::ProgramLoadError>`
     = help: for further information visit https://rust-lang.github.io/rust-clippy/rust-1.93.0/index.html#result_large_err

warning: the `Err`-variant returned from this function is very large
    --> crates/program/src/loader.rs:2226:10
     |
 240 | /     Host {
 241 | |         operation: ProgramLoadOperation,
 242 | |         path: Option<PathBuf>,
 243 | |         js_path: Option<JsString>,
 244 | |         source: HostError,
 245 | |     },
     | |_____- the variant `Host` contains at least 129 bytes
...
 252 | /     Resolution {
 253 | |         operation: ProgramLoadOperation,
 254 | |         path: Option<PathBuf>,
 255 | |         js_path: Option<JsString>,
 256 | |         specifier: Option<JsString>,
 257 | |         source: ResolutionError,
 258 | |     },
     | |_____- the variant `Resolution` contains at least 153 bytes
 259 | /     Preparation {
 260 | |         operation: ProgramLoadOperation,
 261 | |         source: PreparationError,
 262 | |     },
     | |_____- the largest variant contains at least 161 bytes
...
2226 |       ) -> Result<Option<usize>, ProgramLoadError> {
     |            ^^^^^^^^^^^^^^^^^^^^^^^^^^^^^^^^^^^^^^^
     |
     = help: try reducing the size of `loader::ProgramLoadError`, for example by boxing large elements or replacing it with `Box<loader::ProgramLoadError>`
     = help: for further information visit https://rust-lang.github.io/rust-clippy/rust-1.93.0/index.html#result_large_err

warning: the `Err`-variant returned from this function is very large
    --> crates/program/src/loader.rs:2481:10
     |
 240 | /     Host {
 241 | |         operation: ProgramLoadOperation,
 242 | |         path: Option<PathBuf>,
 243 | |         js_path: Option<JsString>,
 244 | |         source: HostError,
 245 | |     },
     | |_____- the variant `Host` contains at least 129 bytes
...
 252 | /     Resolution {
 253 | |         operation: ProgramLoadOperation,
 254 | |         path: Option<PathBuf>,
 255 | |         js_path: Option<JsString>,
 256 | |         specifier: Option<JsString>,
 257 | |         source: ResolutionError,
 258 | |     },
     | |_____- the variant `Resolution` contains at least 153 bytes
 259 | /     Preparation {
 260 | |         operation: ProgramLoadOperation,
 261 | |         source: PreparationError,
 262 | |     },
     | |_____- the largest variant contains at least 161 bytes
...
2481 |       ) -> Result<(), ProgramLoadError> {
     |            ^^^^^^^^^^^^^^^^^^^^^^^^^^^^
     |
     = help: try reducing the size of `loader::ProgramLoadError`, for example by boxing large elements or replacing it with `Box<loader::ProgramLoadError>`
     = help: for further information visit https://rust-lang.github.io/rust-clippy/rust-1.93.0/index.html#result_large_err

warning: the `Err`-variant returned from this function is very large
    --> crates/program/src/loader.rs:2566:10
     |
 240 | /     Host {
 241 | |         operation: ProgramLoadOperation,
 242 | |         path: Option<PathBuf>,
 243 | |         js_path: Option<JsString>,
 244 | |         source: HostError,
 245 | |     },
     | |_____- the variant `Host` contains at least 129 bytes
...
 252 | /     Resolution {
 253 | |         operation: ProgramLoadOperation,
 254 | |         path: Option<PathBuf>,
 255 | |         js_path: Option<JsString>,
 256 | |         specifier: Option<JsString>,
 257 | |         source: ResolutionError,
 258 | |     },
     | |_____- the variant `Resolution` contains at least 153 bytes
 259 | /     Preparation {
 260 | |         operation: ProgramLoadOperation,
 261 | |         source: PreparationError,
 262 | |     },
     | |_____- the largest variant contains at least 161 bytes
...
2566 |       ) -> Result<(), ProgramLoadError> {
     |            ^^^^^^^^^^^^^^^^^^^^^^^^^^^^
     |
     = help: try reducing the size of `loader::ProgramLoadError`, for example by boxing large elements or replacing it with `Box<loader::ProgramLoadError>`
     = help: for further information visit https://rust-lang.github.io/rust-clippy/rust-1.93.0/index.html#result_large_err

warning: the `Err`-variant returned from this function is very large
    --> crates/program/src/loader.rs:2573:62
     |
 240 | /     Host {
 241 | |         operation: ProgramLoadOperation,
 242 | |         path: Option<PathBuf>,
 243 | |         js_path: Option<JsString>,
 244 | |         source: HostError,
 245 | |     },
     | |_____- the variant `Host` contains at least 129 bytes
...
 252 | /     Resolution {
 253 | |         operation: ProgramLoadOperation,
 254 | |         path: Option<PathBuf>,
 255 | |         js_path: Option<JsString>,
 256 | |         specifier: Option<JsString>,
 257 | |         source: ResolutionError,
 258 | |     },
     | |_____- the variant `Resolution` contains at least 153 bytes
 259 | /     Preparation {
 260 | |         operation: ProgramLoadOperation,
 261 | |         source: PreparationError,
 262 | |     },
     | |_____- the largest variant contains at least 161 bytes
...
2573 |       fn drain_source_reprocesses(&mut self, source: usize) -> Result<(), ProgramLoadError> {
     |                                                                ^^^^^^^^^^^^^^^^^^^^^^^^^^^^
     |
     = help: try reducing the size of `loader::ProgramLoadError`, for example by boxing large elements or replacing it with `Box<loader::ProgramLoadError>`
     = help: for further information visit https://rust-lang.github.io/rust-clippy/rust-1.93.0/index.html#result_large_err

warning: the `Err`-variant returned from this function is very large
    --> crates/program/src/loader.rs:2604:10
     |
 240 | /     Host {
 241 | |         operation: ProgramLoadOperation,
 242 | |         path: Option<PathBuf>,
 243 | |         js_path: Option<JsString>,
 244 | |         source: HostError,
 245 | |     },
     | |_____- the variant `Host` contains at least 129 bytes
...
 252 | /     Resolution {
 253 | |         operation: ProgramLoadOperation,
 254 | |         path: Option<PathBuf>,
 255 | |         js_path: Option<JsString>,
 256 | |         specifier: Option<JsString>,
 257 | |         source: ResolutionError,
 258 | |     },
     | |_____- the variant `Resolution` contains at least 153 bytes
 259 | /     Preparation {
 260 | |         operation: ProgramLoadOperation,
 261 | |         source: PreparationError,
 262 | |     },
     | |_____- the largest variant contains at least 161 bytes
...
2604 |       ) -> Result<(), ProgramLoadError> {
     |            ^^^^^^^^^^^^^^^^^^^^^^^^^^^^
     |
     = help: try reducing the size of `loader::ProgramLoadError`, for example by boxing large elements or replacing it with `Box<loader::ProgramLoadError>`
     = help: for further information visit https://rust-lang.github.io/rust-clippy/rust-1.93.0/index.html#result_large_err

warning: the `Err`-variant returned from this function is very large
    --> crates/program/src/loader.rs:2641:10
     |
 240 | /     Host {
 241 | |         operation: ProgramLoadOperation,
 242 | |         path: Option<PathBuf>,
 243 | |         js_path: Option<JsString>,
 244 | |         source: HostError,
 245 | |     },
     | |_____- the variant `Host` contains at least 129 bytes
...
 252 | /     Resolution {
 253 | |         operation: ProgramLoadOperation,
 254 | |         path: Option<PathBuf>,
 255 | |         js_path: Option<JsString>,
 256 | |         specifier: Option<JsString>,
 257 | |         source: ResolutionError,
 258 | |     },
     | |_____- the variant `Resolution` contains at least 153 bytes
 259 | /     Preparation {
 260 | |         operation: ProgramLoadOperation,
 261 | |         source: PreparationError,
 262 | |     },
     | |_____- the largest variant contains at least 161 bytes
...
2641 |       ) -> Result<(), ProgramLoadError> {
     |            ^^^^^^^^^^^^^^^^^^^^^^^^^^^^
     |
     = help: try reducing the size of `loader::ProgramLoadError`, for example by boxing large elements or replacing it with `Box<loader::ProgramLoadError>`
     = help: for further information visit https://rust-lang.github.io/rust-clippy/rust-1.93.0/index.html#result_large_err

warning: the `Err`-variant returned from this function is very large
    --> crates/program/src/loader.rs:2649:56
     |
 240 | /     Host {
 241 | |         operation: ProgramLoadOperation,
 242 | |         path: Option<PathBuf>,
 243 | |         js_path: Option<JsString>,
 244 | |         source: HostError,
 245 | |     },
     | |_____- the variant `Host` contains at least 129 bytes
...
 252 | /     Resolution {
 253 | |         operation: ProgramLoadOperation,
 254 | |         path: Option<PathBuf>,
 255 | |         js_path: Option<JsString>,
 256 | |         specifier: Option<JsString>,
 257 | |         source: ResolutionError,
 258 | |     },
     | |_____- the variant `Resolution` contains at least 153 bytes
 259 | /     Preparation {
 260 | |         operation: ProgramLoadOperation,
 261 | |         source: PreparationError,
 262 | |     },
     | |_____- the largest variant contains at least 161 bytes
...
2649 |       fn catalog_library_path(&self, file_name: &str) -> Result<ProgramPath, ProgramLoadError> {
     |                                                          ^^^^^^^^^^^^^^^^^^^^^^^^^^^^^^^^^^^^^
     |
     = help: try reducing the size of `loader::ProgramLoadError`, for example by boxing large elements or replacing it with `Box<loader::ProgramLoadError>`
     = help: for further information visit https://rust-lang.github.io/rust-clippy/rust-1.93.0/index.html#result_large_err

warning: the `Err`-variant returned from this function is very large
    --> crates/program/src/loader.rs:2693:61
     |
 240 | /     Host {
 241 | |         operation: ProgramLoadOperation,
 242 | |         path: Option<PathBuf>,
 243 | |         js_path: Option<JsString>,
 244 | |         source: HostError,
 245 | |     },
     | |_____- the variant `Host` contains at least 129 bytes
...
 252 | /     Resolution {
 253 | |         operation: ProgramLoadOperation,
 254 | |         path: Option<PathBuf>,
 255 | |         js_path: Option<JsString>,
 256 | |         specifier: Option<JsString>,
 257 | |         source: ResolutionError,
 258 | |     },
     | |_____- the variant `Resolution` contains at least 153 bytes
 259 | /     Preparation {
 260 | |         operation: ProgramLoadOperation,
 261 | |         source: PreparationError,
 262 | |     },
     | |_____- the largest variant contains at least 161 bytes
...
2693 |       fn resolved_library_path(&mut self, file_name: &str) -> Result<ProgramPath, ProgramLoadError> {
     |                                                               ^^^^^^^^^^^^^^^^^^^^^^^^^^^^^^^^^^^^^
     |
     = help: try reducing the size of `loader::ProgramLoadError`, for example by boxing large elements or replacing it with `Box<loader::ProgramLoadError>`
     = help: for further information visit https://rust-lang.github.io/rust-clippy/rust-1.93.0/index.html#result_large_err

warning: the `Err`-variant returned from this function is very large
    --> crates/program/src/loader.rs:2759:10
     |
 240 | /     Host {
 241 | |         operation: ProgramLoadOperation,
 242 | |         path: Option<PathBuf>,
 243 | |         js_path: Option<JsString>,
 244 | |         source: HostError,
 245 | |     },
     | |_____- the variant `Host` contains at least 129 bytes
...
 252 | /     Resolution {
 253 | |         operation: ProgramLoadOperation,
 254 | |         path: Option<PathBuf>,
 255 | |         js_path: Option<JsString>,
 256 | |         specifier: Option<JsString>,
 257 | |         source: ResolutionError,
 258 | |     },
     | |_____- the variant `Resolution` contains at least 153 bytes
 259 | /     Preparation {
 260 | |         operation: ProgramLoadOperation,
 261 | |         source: PreparationError,
 262 | |     },
     | |_____- the largest variant contains at least 161 bytes
...
2759 |       ) -> Result<(), ProgramLoadError> {
     |            ^^^^^^^^^^^^^^^^^^^^^^^^^^^^
     |
     = help: try reducing the size of `loader::ProgramLoadError`, for example by boxing large elements or replacing it with `Box<loader::ProgramLoadError>`
     = help: for further information visit https://rust-lang.github.io/rust-clippy/rust-1.93.0/index.html#result_large_err

warning: the `Err`-variant returned from this function is very large
    --> crates/program/src/loader.rs:2834:10
     |
 240 | /     Host {
 241 | |         operation: ProgramLoadOperation,
 242 | |         path: Option<PathBuf>,
 243 | |         js_path: Option<JsString>,
 244 | |         source: HostError,
 245 | |     },
     | |_____- the variant `Host` contains at least 129 bytes
...
 252 | /     Resolution {
 253 | |         operation: ProgramLoadOperation,
 254 | |         path: Option<PathBuf>,
 255 | |         js_path: Option<JsString>,
 256 | |         specifier: Option<JsString>,
 257 | |         source: ResolutionError,
 258 | |     },
     | |_____- the variant `Resolution` contains at least 153 bytes
 259 | /     Preparation {
 260 | |         operation: ProgramLoadOperation,
 261 | |         source: PreparationError,
 262 | |     },
     | |_____- the largest variant contains at least 161 bytes
...
2834 |       ) -> Result<bool, ProgramLoadError> {
     |            ^^^^^^^^^^^^^^^^^^^^^^^^^^^^^^
     |
     = help: try reducing the size of `loader::ProgramLoadError`, for example by boxing large elements or replacing it with `Box<loader::ProgramLoadError>`
     = help: for further information visit https://rust-lang.github.io/rust-clippy/rust-1.93.0/index.html#result_large_err

warning: the `Err`-variant returned from this function is very large
    --> crates/program/src/loader.rs:2870:10
     |
 240 | /     Host {
 241 | |         operation: ProgramLoadOperation,
 242 | |         path: Option<PathBuf>,
 243 | |         js_path: Option<JsString>,
 244 | |         source: HostError,
 245 | |     },
     | |_____- the variant `Host` contains at least 129 bytes
...
 252 | /     Resolution {
 253 | |         operation: ProgramLoadOperation,
 254 | |         path: Option<PathBuf>,
 255 | |         js_path: Option<JsString>,
 256 | |         specifier: Option<JsString>,
 257 | |         source: ResolutionError,
 258 | |     },
     | |_____- the variant `Resolution` contains at least 153 bytes
 259 | /     Preparation {
 260 | |         operation: ProgramLoadOperation,
 261 | |         source: PreparationError,
 262 | |     },
     | |_____- the largest variant contains at least 161 bytes
...
2870 |       ) -> Result<(), ProgramLoadError> {
     |            ^^^^^^^^^^^^^^^^^^^^^^^^^^^^
     |
     = help: try reducing the size of `loader::ProgramLoadError`, for example by boxing large elements or replacing it with `Box<loader::ProgramLoadError>`
     = help: for further information visit https://rust-lang.github.io/rust-clippy/rust-1.93.0/index.html#result_large_err

warning: useless conversion to the same type: `tsc_diagnostics::JsStr<'_>`
    --> crates/program/src/loader.rs:2877:17
     |
2877 |                 reference.file_name().into(),
     |                 ^^^^^^^^^^^^^^^^^^^^^^^^^^^^ help: consider removing `.into()`: `reference.file_name()`
     |
     = help: for further information visit https://rust-lang.github.io/rust-clippy/rust-1.93.0/index.html#useless_conversion

warning: useless conversion to the same type: `tsc_diagnostics::JsString`
    --> crates/program/src/loader.rs:2885:26
     |
2885 |                     Some((reference.file_name().to_owned()).into()),
     |                          ^^^^^^^^^^^^^^^^^^^^^^^^^^^^^^^^^^^^^^^^^ help: consider removing `.into()`: `(reference.file_name().to_owned())`
     |
     = help: for further information visit https://rust-lang.github.io/rust-clippy/rust-1.93.0/index.html#useless_conversion

warning: useless conversion to the same type: `tsc_diagnostics::JsString`
    --> crates/program/src/loader.rs:2906:26
     |
2906 |                     Some((reference.file_name().to_owned()).into()),
     |                          ^^^^^^^^^^^^^^^^^^^^^^^^^^^^^^^^^^^^^^^^^ help: consider removing `.into()`: `(reference.file_name().to_owned())`
     |
     = help: for further information visit https://rust-lang.github.io/rust-clippy/rust-1.93.0/index.html#useless_conversion

warning: useless conversion to the same type: `tsc_diagnostics::JsString`
    --> crates/program/src/loader.rs:2984:26
     |
2984 |                     Some((reference.file_name().to_owned()).into()),
     |                          ^^^^^^^^^^^^^^^^^^^^^^^^^^^^^^^^^^^^^^^^^ help: consider removing `.into()`: `(reference.file_name().to_owned())`
     |
     = help: for further information visit https://rust-lang.github.io/rust-clippy/rust-1.93.0/index.html#useless_conversion

warning: the `Err`-variant returned from this function is very large
    --> crates/program/src/loader.rs:3034:10
     |
 240 | /     Host {
 241 | |         operation: ProgramLoadOperation,
 242 | |         path: Option<PathBuf>,
 243 | |         js_path: Option<JsString>,
 244 | |         source: HostError,
 245 | |     },
     | |_____- the variant `Host` contains at least 129 bytes
...
 252 | /     Resolution {
 253 | |         operation: ProgramLoadOperation,
 254 | |         path: Option<PathBuf>,
 255 | |         js_path: Option<JsString>,
 256 | |         specifier: Option<JsString>,
 257 | |         source: ResolutionError,
 258 | |     },
     | |_____- the variant `Resolution` contains at least 153 bytes
 259 | /     Preparation {
 260 | |         operation: ProgramLoadOperation,
 261 | |         source: PreparationError,
 262 | |     },
     | |_____- the largest variant contains at least 161 bytes
...
3034 |       ) -> Result<(), ProgramLoadError> {
     |            ^^^^^^^^^^^^^^^^^^^^^^^^^^^^
     |
     = help: try reducing the size of `loader::ProgramLoadError`, for example by boxing large elements or replacing it with `Box<loader::ProgramLoadError>`
     = help: for further information visit https://rust-lang.github.io/rust-clippy/rust-1.93.0/index.html#result_large_err

warning: useless conversion to the same type: `tsc_diagnostics::JsString`
    --> crates/program/src/loader.rs:3056:34
     |
3056 | ...                   Some((key.specifier().to_owned()).into()),
     |                            ^^^^^^^^^^^^^^^^^^^^^^^^^^^^^^^^^^^ help: consider removing `.into()`: `(key.specifier().to_owned())`
     |
     = help: for further information visit https://rust-lang.github.io/rust-clippy/rust-1.93.0/index.html#useless_conversion

warning: the `Err`-variant returned from this function is very large
    --> crates/program/src/loader.rs:3148:10
     |
 240 | /     Host {
 241 | |         operation: ProgramLoadOperation,
 242 | |         path: Option<PathBuf>,
 243 | |         js_path: Option<JsString>,
 244 | |         source: HostError,
 245 | |     },
     | |_____- the variant `Host` contains at least 129 bytes
...
 252 | /     Resolution {
 253 | |         operation: ProgramLoadOperation,
 254 | |         path: Option<PathBuf>,
 255 | |         js_path: Option<JsString>,
 256 | |         specifier: Option<JsString>,
 257 | |         source: ResolutionError,
 258 | |     },
     | |_____- the variant `Resolution` contains at least 153 bytes
 259 | /     Preparation {
 260 | |         operation: ProgramLoadOperation,
 261 | |         source: PreparationError,
 262 | |     },
     | |_____- the largest variant contains at least 161 bytes
...
3148 |       ) -> Result<(), ProgramLoadError> {
     |            ^^^^^^^^^^^^^^^^^^^^^^^^^^^^
     |
     = help: try reducing the size of `loader::ProgramLoadError`, for example by boxing large elements or replacing it with `Box<loader::ProgramLoadError>`
     = help: for further information visit https://rust-lang.github.io/rust-clippy/rust-1.93.0/index.html#result_large_err

warning: useless conversion to the same type: `tsc_diagnostics::JsString`
    --> crates/program/src/loader.rs:3185:34
     |
3185 | ...                   Some((key.specifier().to_owned()).into()),
     |                            ^^^^^^^^^^^^^^^^^^^^^^^^^^^^^^^^^^^ help: consider removing `.into()`: `(key.specifier().to_owned())`
     |
     = help: for further information visit https://rust-lang.github.io/rust-clippy/rust-1.93.0/index.html#useless_conversion

warning: the `Err`-variant returned from this function is very large
    --> crates/program/src/loader.rs:3338:10
     |
 240 | /     Host {
 241 | |         operation: ProgramLoadOperation,
 242 | |         path: Option<PathBuf>,
 243 | |         js_path: Option<JsString>,
 244 | |         source: HostError,
 245 | |     },
     | |_____- the variant `Host` contains at least 129 bytes
...
 252 | /     Resolution {
 253 | |         operation: ProgramLoadOperation,
 254 | |         path: Option<PathBuf>,
 255 | |         js_path: Option<JsString>,
 256 | |         specifier: Option<JsString>,
 257 | |         source: ResolutionError,
 258 | |     },
     | |_____- the variant `Resolution` contains at least 153 bytes
 259 | /     Preparation {
 260 | |         operation: ProgramLoadOperation,
 261 | |         source: PreparationError,
 262 | |     },
     | |_____- the largest variant contains at least 161 bytes
...
3338 |       ) -> Result<(), ProgramLoadError> {
     |            ^^^^^^^^^^^^^^^^^^^^^^^^^^^^
     |
     = help: try reducing the size of `loader::ProgramLoadError`, for example by boxing large elements or replacing it with `Box<loader::ProgramLoadError>`
     = help: for further information visit https://rust-lang.github.io/rust-clippy/rust-1.93.0/index.html#result_large_err

warning: the `Err`-variant returned from this function is very large
    --> crates/program/src/loader.rs:3391:6
     |
 240 | /     Host {
 241 | |         operation: ProgramLoadOperation,
 242 | |         path: Option<PathBuf>,
 243 | |         js_path: Option<JsString>,
 244 | |         source: HostError,
 245 | |     },
     | |_____- the variant `Host` contains at least 129 bytes
...
 252 | /     Resolution {
 253 | |         operation: ProgramLoadOperation,
 254 | |         path: Option<PathBuf>,
 255 | |         js_path: Option<JsString>,
 256 | |         specifier: Option<JsString>,
 257 | |         source: ResolutionError,
 258 | |     },
     | |_____- the variant `Resolution` contains at least 153 bytes
 259 | /     Preparation {
 260 | |         operation: ProgramLoadOperation,
 261 | |         source: PreparationError,
 262 | |     },
     | |_____- the largest variant contains at least 161 bytes
...
3391 |   ) -> Result<PreparedProgram, ProgramLoadError> {
     |        ^^^^^^^^^^^^^^^^^^^^^^^^^^^^^^^^^^^^^^^^^
     |
     = help: try reducing the size of `loader::ProgramLoadError`, for example by boxing large elements or replacing it with `Box<loader::ProgramLoadError>`
     = help: for further information visit https://rust-lang.github.io/rust-clippy/rust-1.93.0/index.html#result_large_err

warning: useless conversion to the same type: `tsc_diagnostics::JsString`
    --> crates/program/src/loader.rs:3511:22
     |
3511 |                 Some((specifier).into()),
     |                      ^^^^^^^^^^^^^^^^^^ help: consider removing `.into()`: `(specifier)`
     |
     = help: for further information visit https://rust-lang.github.io/rust-clippy/rust-1.93.0/index.html#useless_conversion

warning: useless conversion to the same type: `tsc_diagnostics::JsString`
    --> crates/program/src/loader.rs:3530:26
     |
3530 |                     Some((specifier).into()),
     |                          ^^^^^^^^^^^^^^^^^^ help: consider removing `.into()`: `(specifier)`
     |
     = help: for further information visit https://rust-lang.github.io/rust-clippy/rust-1.93.0/index.html#useless_conversion

warning: the `Err`-variant returned from this function is very large
    --> crates/program/src/loader.rs:3839:6
     |
 240 | /     Host {
 241 | |         operation: ProgramLoadOperation,
 242 | |         path: Option<PathBuf>,
 243 | |         js_path: Option<JsString>,
 244 | |         source: HostError,
 245 | |     },
     | |_____- the variant `Host` contains at least 129 bytes
...
 252 | /     Resolution {
 253 | |         operation: ProgramLoadOperation,
 254 | |         path: Option<PathBuf>,
 255 | |         js_path: Option<JsString>,
 256 | |         specifier: Option<JsString>,
 257 | |         source: ResolutionError,
 258 | |     },
     | |_____- the variant `Resolution` contains at least 153 bytes
 259 | /     Preparation {
 260 | |         operation: ProgramLoadOperation,
 261 | |         source: PreparationError,
 262 | |     },
     | |_____- the largest variant contains at least 161 bytes
...
3839 |   ) -> Result<Diagnostic, ProgramLoadError> {
     |        ^^^^^^^^^^^^^^^^^^^^^^^^^^^^^^^^^^^^
     |
     = help: try reducing the size of `loader::ProgramLoadError`, for example by boxing large elements or replacing it with `Box<loader::ProgramLoadError>`
     = help: for further information visit https://rust-lang.github.io/rust-clippy/rust-1.93.0/index.html#result_large_err

warning: the `Err`-variant returned from this function is very large
    --> crates/program/src/loader.rs:3883:6
     |
 240 | /     Host {
 241 | |         operation: ProgramLoadOperation,
 242 | |         path: Option<PathBuf>,
 243 | |         js_path: Option<JsString>,
 244 | |         source: HostError,
 245 | |     },
     | |_____- the variant `Host` contains at least 129 bytes
...
 252 | /     Resolution {
 253 | |         operation: ProgramLoadOperation,
 254 | |         path: Option<PathBuf>,
 255 | |         js_path: Option<JsString>,
 256 | |         specifier: Option<JsString>,
 257 | |         source: ResolutionError,
 258 | |     },
     | |_____- the variant `Resolution` contains at least 153 bytes
 259 | /     Preparation {
 260 | |         operation: ProgramLoadOperation,
 261 | |         source: PreparationError,
 262 | |     },
     | |_____- the largest variant contains at least 161 bytes
...
3883 |   ) -> Result<Diagnostic, ProgramLoadError> {
     |        ^^^^^^^^^^^^^^^^^^^^^^^^^^^^^^^^^^^^
     |
     = help: try reducing the size of `loader::ProgramLoadError`, for example by boxing large elements or replacing it with `Box<loader::ProgramLoadError>`
     = help: for further information visit https://rust-lang.github.io/rust-clippy/rust-1.93.0/index.html#result_large_err

warning: the `Err`-variant returned from this function is very large
    --> crates/program/src/loader.rs:4034:6
     |
 240 | /     Host {
 241 | |         operation: ProgramLoadOperation,
 242 | |         path: Option<PathBuf>,
 243 | |         js_path: Option<JsString>,
 244 | |         source: HostError,
 245 | |     },
     | |_____- the variant `Host` contains at least 129 bytes
...
 252 | /     Resolution {
 253 | |         operation: ProgramLoadOperation,
 254 | |         path: Option<PathBuf>,
 255 | |         js_path: Option<JsString>,
 256 | |         specifier: Option<JsString>,
 257 | |         source: ResolutionError,
 258 | |     },
     | |_____- the variant `Resolution` contains at least 153 bytes
 259 | /     Preparation {
 260 | |         operation: ProgramLoadOperation,
 261 | |         source: PreparationError,
 262 | |     },
     | |_____- the largest variant contains at least 161 bytes
...
4034 |   ) -> Result<Diagnostic, ProgramLoadError> {
     |        ^^^^^^^^^^^^^^^^^^^^^^^^^^^^^^^^^^^^
     |
     = help: try reducing the size of `loader::ProgramLoadError`, for example by boxing large elements or replacing it with `Box<loader::ProgramLoadError>`
     = help: for further information visit https://rust-lang.github.io/rust-clippy/rust-1.93.0/index.html#result_large_err

warning: useless conversion to the same type: `tsc_diagnostics::JsString`
    --> crates/program/src/loader.rs:4371:15
     |
4371 |             &[specifier.clone().into(), parent.clone()],
     |               ^^^^^^^^^^^^^^^^^^^^^^^^ help: consider removing `.into()`: `specifier.clone()`
     |
     = help: for further information visit https://rust-lang.github.io/rust-clippy/rust-1.93.0/index.html#useless_conversion

warning: the `Err`-variant returned from this function is very large
    --> crates/program/src/loader.rs:4412:6
     |
 240 | /     Host {
 241 | |         operation: ProgramLoadOperation,
 242 | |         path: Option<PathBuf>,
 243 | |         js_path: Option<JsString>,
 244 | |         source: HostError,
 245 | |     },
     | |_____- the variant `Host` contains at least 129 bytes
...
 252 | /     Resolution {
 253 | |         operation: ProgramLoadOperation,
 254 | |         path: Option<PathBuf>,
 255 | |         js_path: Option<JsString>,
 256 | |         specifier: Option<JsString>,
 257 | |         source: ResolutionError,
 258 | |     },
     | |_____- the variant `Resolution` contains at least 153 bytes
 259 | /     Preparation {
 260 | |         operation: ProgramLoadOperation,
 261 | |         source: PreparationError,
 262 | |     },
     | |_____- the largest variant contains at least 161 bytes
...
4412 |   ) -> Result<Diagnostic, ProgramLoadError> {
     |        ^^^^^^^^^^^^^^^^^^^^^^^^^^^^^^^^^^^^
     |
     = help: try reducing the size of `loader::ProgramLoadError`, for example by boxing large elements or replacing it with `Box<loader::ProgramLoadError>`
     = help: for further information visit https://rust-lang.github.io/rust-clippy/rust-1.93.0/index.html#result_large_err

warning: the `Err`-variant returned from this function is very large
    --> crates/program/src/loader.rs:4436:6
     |
 240 | /     Host {
 241 | |         operation: ProgramLoadOperation,
 242 | |         path: Option<PathBuf>,
 243 | |         js_path: Option<JsString>,
 244 | |         source: HostError,
 245 | |     },
     | |_____- the variant `Host` contains at least 129 bytes
...
 252 | /     Resolution {
 253 | |         operation: ProgramLoadOperation,
 254 | |         path: Option<PathBuf>,
 255 | |         js_path: Option<JsString>,
 256 | |         specifier: Option<JsString>,
 257 | |         source: ResolutionError,
 258 | |     },
     | |_____- the variant `Resolution` contains at least 153 bytes
 259 | /     Preparation {
 260 | |         operation: ProgramLoadOperation,
 261 | |         source: PreparationError,
 262 | |     },
     | |_____- the largest variant contains at least 161 bytes
...
4436 |   ) -> Result<PreparedProgram, ProgramLoadError> {
     |        ^^^^^^^^^^^^^^^^^^^^^^^^^^^^^^^^^^^^^^^^^
     |
     = help: try reducing the size of `loader::ProgramLoadError`, for example by boxing large elements or replacing it with `Box<loader::ProgramLoadError>`
     = help: for further information visit https://rust-lang.github.io/rust-clippy/rust-1.93.0/index.html#result_large_err

warning: the `Err`-variant returned from this function is very large
    --> crates/program/src/loader.rs:4458:6
     |
 240 | /     Host {
 241 | |         operation: ProgramLoadOperation,
 242 | |         path: Option<PathBuf>,
 243 | |         js_path: Option<JsString>,
 244 | |         source: HostError,
 245 | |     },
     | |_____- the variant `Host` contains at least 129 bytes
...
 252 | /     Resolution {
 253 | |         operation: ProgramLoadOperation,
 254 | |         path: Option<PathBuf>,
 255 | |         js_path: Option<JsString>,
 256 | |         specifier: Option<JsString>,
 257 | |         source: ResolutionError,
 258 | |     },
     | |_____- the variant `Resolution` contains at least 153 bytes
 259 | /     Preparation {
 260 | |         operation: ProgramLoadOperation,
 261 | |         source: PreparationError,
 262 | |     },
     | |_____- the largest variant contains at least 161 bytes
...
4458 |   ) -> Result<PreparedProgram, ProgramLoadError> {
     |        ^^^^^^^^^^^^^^^^^^^^^^^^^^^^^^^^^^^^^^^^^
     |
     = help: try reducing the size of `loader::ProgramLoadError`, for example by boxing large elements or replacing it with `Box<loader::ProgramLoadError>`
     = help: for further information visit https://rust-lang.github.io/rust-clippy/rust-1.93.0/index.html#result_large_err

warning: useless conversion to the same type: `tsc_diagnostics::JsStr<'_>`
   --> crates/program/src/module_resolution.rs:637:21
    |
637 |                     base_path.into(),
    |                     ^^^^^^^^^^^^^^^^ help: consider removing `.into()`: `base_path`
    |
    = help: for further information visit https://rust-lang.github.io/rust-clippy/rust-1.93.0/index.html#useless_conversion

warning: useless conversion to the same type: `tsc_diagnostics::JsStr<'_>`
   --> crates/program/src/module_resolution.rs:731:33
    |
731 |                 .file_exists_js(JsStr::from(file_name))
    |                                 ^^^^^^^^^^^^^^^^^^^^^^ help: consider removing `JsStr::from()`: `file_name`
    |
    = help: for further information visit https://rust-lang.github.io/rust-clippy/rust-1.93.0/index.html#useless_conversion

warning: useless conversion to the same type: `tsc_diagnostics::JsStr<'_>`
   --> crates/program/src/module_resolution.rs:744:45
    |
744 |                 if self.host.file_exists_js(JsStr::from(file_name))? {
    |                                             ^^^^^^^^^^^^^^^^^^^^^^ help: consider removing `JsStr::from()`: `file_name`
    |
    = help: for further information visit https://rust-lang.github.io/rust-clippy/rust-1.93.0/index.html#useless_conversion

warning: useless conversion to the same type: `tsc_diagnostics::JsStr<'_>`
   --> crates/program/src/module_resolution.rs:855:13
    |
855 |             JsStr::from(containing_file),
    |             ^^^^^^^^^^^^^^^^^^^^^^^^^^^^ help: consider removing `JsStr::from()`: `containing_file`
    |
    = help: for further information visit https://rust-lang.github.io/rust-clippy/rust-1.93.0/index.html#useless_conversion

warning: useless conversion to the same type: `tsc_diagnostics::JsStr<'_>`
   --> crates/program/src/module_resolution.rs:856:18
    |
856 |             Some(JsStr::from(current_directory)),
    |                  ^^^^^^^^^^^^^^^^^^^^^^^^^^^^^^ help: consider removing `JsStr::from()`: `current_directory`
    |
    = help: for further information visit https://rust-lang.github.io/rust-clippy/rust-1.93.0/index.html#useless_conversion

warning: useless conversion to the same type: `tsc_diagnostics::JsStr<'_>`
   --> crates/program/src/module_resolution.rs:938:13
    |
938 |             JsStr::from(containing_file),
    |             ^^^^^^^^^^^^^^^^^^^^^^^^^^^^ help: consider removing `JsStr::from()`: `containing_file`
    |
    = help: for further information visit https://rust-lang.github.io/rust-clippy/rust-1.93.0/index.html#useless_conversion

warning: useless conversion to the same type: `tsc_diagnostics::JsStr<'_>`
   --> crates/program/src/module_resolution.rs:939:18
    |
939 |             Some(JsStr::from(self.current_directory_text())),
    |                  ^^^^^^^^^^^^^^^^^^^^^^^^^^^^^^^^^^^^^^^^^^ help: consider removing `JsStr::from()`: `self.current_directory_text()`
    |
    = help: for further information visit https://rust-lang.github.io/rust-clippy/rust-1.93.0/index.html#useless_conversion

warning: useless conversion to the same type: `tsc_diagnostics::JsStr<'_>`
    --> crates/program/src/module_resolution.rs:1092:33
     |
1092 | ...                   JsStr::from(specifier).substring(capture.start, capture.end);
     |                       ^^^^^^^^^^^^^^^^^^^^^^ help: consider removing `JsStr::from()`: `specifier`
     |
     = help: for further information visit https://rust-lang.github.io/rust-clippy/rust-1.93.0/index.html#useless_conversion

warning: useless conversion to the same type: `tsc_diagnostics::JsStr<'_>`
    --> crates/program/src/module_resolution.rs:1210:17
     |
1210 |                 JsStr::from(specifier),
     |                 ^^^^^^^^^^^^^^^^^^^^^^ help: consider removing `JsStr::from()`: `specifier`
     |
     = help: for further information visit https://rust-lang.github.io/rust-clippy/rust-1.93.0/index.html#useless_conversion

warning: useless conversion to the same type: `tsc_diagnostics::JsStr<'_>`
    --> crates/program/src/module_resolution.rs:1211:22
     |
1211 |                 Some(JsStr::from(containing_directory)),
     |                      ^^^^^^^^^^^^^^^^^^^^^^^^^^^^^^^^^ help: consider removing `JsStr::from()`: `containing_directory`
     |
     = help: for further information visit https://rust-lang.github.io/rust-clippy/rust-1.93.0/index.html#useless_conversion

warning: useless conversion to the same type: `tsc_diagnostics::JsStr<'_>`
    --> crates/program/src/module_resolution.rs:1398:62
     |
1398 |         let candidate_exists = self.host.directory_exists_js(JsStr::from(candidate))?;
     |                                                              ^^^^^^^^^^^^^^^^^^^^^^ help: consider removing `JsStr::from()`: `candidate`
     |
     = help: for further information visit https://rust-lang.github.io/rust-clippy/rust-1.93.0/index.html#useless_conversion

warning: useless conversion to the same type: `tsc_diagnostics::JsStr<'_>`
    --> crates/program/src/module_resolution.rs:1486:18
     |
1486 |             Some(JsStr::from(self.current_directory_text())),
     |                  ^^^^^^^^^^^^^^^^^^^^^^^^^^^^^^^^^^^^^^^^^^ help: consider removing `JsStr::from()`: `self.current_directory_text()`
     |
     = help: for further information visit https://rust-lang.github.io/rust-clippy/rust-1.93.0/index.html#useless_conversion

warning: useless conversion to the same type: `tsc_diagnostics::JsStr<'_>`
    --> crates/program/src/module_resolution.rs:1609:25
     |
1609 |                         JsStr::from(specifier),
     |                         ^^^^^^^^^^^^^^^^^^^^^^ help: consider removing `JsStr::from()`: `specifier`
     |
     = help: for further information visit https://rust-lang.github.io/rust-clippy/rust-1.93.0/index.html#useless_conversion

warning: useless conversion to the same type: `tsc_diagnostics::JsStr<'_>`
    --> crates/program/src/module_resolution.rs:2136:13
     |
2136 |             JsStr::from(containing_file),
     |             ^^^^^^^^^^^^^^^^^^^^^^^^^^^^ help: consider removing `JsStr::from()`: `containing_file`
     |
     = help: for further information visit https://rust-lang.github.io/rust-clippy/rust-1.93.0/index.html#useless_conversion

warning: useless conversion to the same type: `tsc_diagnostics::JsStr<'_>`
    --> crates/program/src/module_resolution.rs:2199:13
     |
2199 |             JsStr::from(containing_directory),
     |             ^^^^^^^^^^^^^^^^^^^^^^^^^^^^^^^^^ help: consider removing `JsStr::from()`: `containing_directory`
     |
     = help: for further information visit https://rust-lang.github.io/rust-clippy/rust-1.93.0/index.html#useless_conversion

warning: useless conversion to the same type: `tsc_diagnostics::JsStr<'_>`
    --> crates/program/src/module_resolution.rs:2200:18
     |
2200 |             Some(JsStr::from(self.current_directory_text())),
     |                  ^^^^^^^^^^^^^^^^^^^^^^^^^^^^^^^^^^^^^^^^^^ help: consider removing `JsStr::from()`: `self.current_directory_text()`
     |
     = help: for further information visit https://rust-lang.github.io/rust-clippy/rust-1.93.0/index.html#useless_conversion

warning: useless conversion to the same type: `tsc_diagnostics::JsStr<'_>`
    --> crates/program/src/module_resolution.rs:2301:30
     |
2301 |                         Some(JsStr::from(self.current_directory_text())),
     |                              ^^^^^^^^^^^^^^^^^^^^^^^^^^^^^^^^^^^^^^^^^^ help: consider removing `JsStr::from()`: `self.current_directory_text()`
     |
     = help: for further information visit https://rust-lang.github.io/rust-clippy/rust-1.93.0/index.html#useless_conversion

warning: useless conversion to the same type: `tsc_diagnostics::JsStr<'_>`
    --> crates/program/src/module_resolution.rs:3717:43
     |
3717 |         if !self.host.directory_exists_js(JsStr::from(type_root))? {
     |                                           ^^^^^^^^^^^^^^^^^^^^^^ help: consider removing `JsStr::from()`: `type_root`
     |
     = help: for further information visit https://rust-lang.github.io/rust-clippy/rust-1.93.0/index.html#useless_conversion

warning: useless conversion to the same type: `tsc_diagnostics::JsStr<'_>`
    --> crates/program/src/module_resolution.rs:3837:17
     |
3837 |                 JsStr::from(specifier),
     |                 ^^^^^^^^^^^^^^^^^^^^^^ help: consider removing `JsStr::from()`: `specifier`
     |
     = help: for further information visit https://rust-lang.github.io/rust-clippy/rust-1.93.0/index.html#useless_conversion

warning: useless conversion to the same type: `tsc_diagnostics::JsStr<'_>`
    --> crates/program/src/module_resolution.rs:3959:17
     |
3959 |                 JsStr::from(specifier),
     |                 ^^^^^^^^^^^^^^^^^^^^^^ help: consider removing `JsStr::from()`: `specifier`
     |
     = help: for further information visit https://rust-lang.github.io/rust-clippy/rust-1.93.0/index.html#useless_conversion

warning: useless conversion to the same type: `tsc_diagnostics::JsStr<'_>`
    --> crates/program/src/module_resolution.rs:3960:22
     |
3960 |                 Some(JsStr::from(containing_directory)),
     |                      ^^^^^^^^^^^^^^^^^^^^^^^^^^^^^^^^^ help: consider removing `JsStr::from()`: `containing_directory`
     |
     = help: for further information visit https://rust-lang.github.io/rust-clippy/rust-1.93.0/index.html#useless_conversion

warning: useless conversion to the same type: `tsc_diagnostics::JsStr<'_>`
    --> crates/program/src/module_resolution.rs:4087:62
     |
4087 |         let candidate_exists = self.host.directory_exists_js(JsStr::from(candidate))?;
     |                                                              ^^^^^^^^^^^^^^^^^^^^^^ help: consider removing `JsStr::from()`: `candidate`
     |
     = help: for further information visit https://rust-lang.github.io/rust-clippy/rust-1.93.0/index.html#useless_conversion

warning: useless conversion to the same type: `tsc_diagnostics::JsStr<'_>`
    --> crates/program/src/module_resolution.rs:4261:34
     |
4261 |             .directory_exists_js(JsStr::from(candidate_directory))?;
     |                                  ^^^^^^^^^^^^^^^^^^^^^^^^^^^^^^^^ help: consider removing `JsStr::from()`: `candidate_directory`
     |
     = help: for further information visit https://rust-lang.github.io/rust-clippy/rust-1.93.0/index.html#useless_conversion

warning: useless conversion to the same type: `tsc_diagnostics::JsStr<'_>`
    --> crates/program/src/module_resolution.rs:4424:68
     |
4424 |             only_record_failures || !self.host.directory_exists_js(JsStr::from(base_directory))?
     |                                                                    ^^^^^^^^^^^^^^^^^^^^^^^^^^^ help: consider removing `JsStr::from()`: `base_directory`
     |
     = help: for further information visit https://rust-lang.github.io/rust-clippy/rust-1.93.0/index.html#useless_conversion

warning: useless conversion to the same type: `tsc_diagnostics::JsStr<'_>`
    --> crates/program/src/module_resolution.rs:4577:62
     |
4577 |         let candidate_exists = self.host.directory_exists_js(JsStr::from(candidate))?;
     |                                                              ^^^^^^^^^^^^^^^^^^^^^^ help: consider removing `JsStr::from()`: `candidate`
     |
     = help: for further information visit https://rust-lang.github.io/rust-clippy/rust-1.93.0/index.html#useless_conversion

warning: redundant closure
    --> crates/program/src/module_resolution.rs:5035:60
     |
5035 |                 let mut own_keys = table.keys().filter_map(|key| decode_user_object_key(key));
     |                                                            ^^^^^^^^^^^^^^^^^^^^^^^^^^^^^^^^^ help: replace the closure with the function itself: `decode_user_object_key`
     |
     = help: for further information visit https://rust-lang.github.io/rust-clippy/rust-1.93.0/index.html#redundant_closure

warning: called `skip(..).next()` on an iterator
    --> crates/program/src/module_resolution.rs:6037:33
     |
6037 |       let package_end = separators
     |  _________________________________^
6038 | |         .skip(usize::from(specifier.starts_with("@")))
6039 | |         .next()
     | |_______________^ help: use `nth` instead: `.nth(usize::from(specifier.starts_with("@")))`
     |
help: for this change `separators` has to be mutable
    --> crates/program/src/module_resolution.rs:6032:9
     |
6032 |     let separators = specifier
     |         ^^^^^^^^^^
     = help: for further information visit https://rust-lang.github.io/rust-clippy/rust-1.93.0/index.html#iter_skip_next
     = note: `#[warn(clippy::iter_skip_next)]` on by default

warning: useless conversion to the same type: `tsc_diagnostics::JsString`
    --> crates/program/src/module_resolution.rs:6853:64
     |
6853 |         Value::Array(values) => js_json_array_to_string(values).map(JsString::from),
     |                                                                ^^^^^^^^^^^^^^^^^^^^ help: consider removing
     |
     = help: for further information visit https://rust-lang.github.io/rust-clippy/rust-1.93.0/index.html#useless_conversion

warning: useless conversion to the same type: `tsc_diagnostics::JsString`
    --> crates/program/src/module_resolution.rs:6857:59
     |
6857 |                   js_json_object_array_join_to_string(value).map(JsString::from)
     |  ___________________________________________________________-^^^^^^^^^^^^^^^^^^^
6858 | |             }
     | |____________- help: consider removing
     |
     = help: for further information visit https://rust-lang.github.io/rust-clippy/rust-1.93.0/index.html#useless_conversion

warning: redundant closure
    --> crates/program/src/module_resolution.rs:7377:21
     |
7377 |         .filter_map(|key| decode_user_object_key(key))
     |                     ^^^^^^^^^^^^^^^^^^^^^^^^^^^^^^^^^ help: replace the closure with the function itself: `decode_user_object_key`
     |
     = help: for further information visit https://rust-lang.github.io/rust-clippy/rust-1.93.0/index.html#redundant_closure

warning: the `Err`-variant returned from this function is very large
  --> crates/program/src/path.rs:21:65
   |
21 |     pub fn from_trusted_normalized(path: impl Into<PathBuf>) -> Result<Self, PreparationError> {
   |                                                                 ^^^^^^^^^^^^^^^^^^^^^^^^^^^^^^ the `Err`-variant is at least 160 bytes
   |
   = help: try reducing the size of `error::PreparationError`, for example by boxing large elements or replacing it with `Box<error::PreparationError>`
   = help: for further information visit https://rust-lang.github.io/rust-clippy/rust-1.93.0/index.html#result_large_err

warning: the `Err`-variant returned from this function is very large
  --> crates/program/src/path.rs:29:51
   |
29 |     pub fn from_js_normalized(path: JsStr<'_>) -> Result<Self, PreparationError> {
   |                                                   ^^^^^^^^^^^^^^^^^^^^^^^^^^^^^^ the `Err`-variant is at least 160 bytes
   |
   = help: try reducing the size of `error::PreparationError`, for example by boxing large elements or replacing it with `Box<error::PreparationError>`
   = help: for further information visit https://rust-lang.github.io/rust-clippy/rust-1.93.0/index.html#result_large_err

warning: the `Err`-variant returned from this function is very large
  --> crates/program/src/path.rs:59:10
   |
59 |     ) -> Result<Self, PreparationError> {
   |          ^^^^^^^^^^^^^^^^^^^^^^^^^^^^^^ the `Err`-variant is at least 160 bytes
   |
   = help: try reducing the size of `error::PreparationError`, for example by boxing large elements or replacing it with `Box<error::PreparationError>`
   = help: for further information visit https://rust-lang.github.io/rust-clippy/rust-1.93.0/index.html#result_large_err

warning: the `Err`-variant returned from this function is very large
  --> crates/program/src/path.rs:76:10
   |
76 |     ) -> Result<Self, PreparationError> {
   |          ^^^^^^^^^^^^^^^^^^^^^^^^^^^^^^ the `Err`-variant is at least 160 bytes
   |
   = help: try reducing the size of `error::PreparationError`, for example by boxing large elements or replacing it with `Box<error::PreparationError>`
   = help: for further information visit https://rust-lang.github.io/rust-clippy/rust-1.93.0/index.html#result_large_err

warning: the `Err`-variant returned from this function is very large
  --> crates/program/src/path.rs:97:57
   |
97 | fn native_path_text<'p>(path: &'p Path, label: &str) -> Result<&'p str, PreparationError> {
   |                                                         ^^^^^^^^^^^^^^^^^^^^^^^^^^^^^^^^^ the `Err`-variant is at least 160 bytes
   |
   = help: try reducing the size of `error::PreparationError`, for example by boxing large elements or replacing it with `Box<error::PreparationError>`
   = help: for further information visit https://rust-lang.github.io/rust-clippy/rust-1.93.0/index.html#result_large_err

warning: the `Err`-variant returned from this function is very large
   --> crates/program/src/path.rs:109:54
    |
109 | fn validate_js_path(path: JsStr<'_>, label: &str) -> Result<(), PreparationError> {
    |                                                      ^^^^^^^^^^^^^^^^^^^^^^^^^^^^ the `Err`-variant is at least 160 bytes
    |
    = help: try reducing the size of `error::PreparationError`, for example by boxing large elements or replacing it with `Box<error::PreparationError>`
    = help: for further information visit https://rust-lang.github.io/rust-clippy/rust-1.93.0/index.html#result_large_err

warning: the `Err`-variant returned from this function is very large
    --> crates/program/src/prepared.rs:1550:10
     |
1550 |     ) -> Result<SourceFileId, PreparationError> {
     |          ^^^^^^^^^^^^^^^^^^^^^^^^^^^^^^^^^^^^^^ the `Err`-variant is at least 160 bytes
     |
     = help: try reducing the size of `error::PreparationError`, for example by boxing large elements or replacing it with `Box<error::PreparationError>`
     = help: for further information visit https://rust-lang.github.io/rust-clippy/rust-1.93.0/index.html#result_large_err

warning: the `Err`-variant returned from this function is very large
    --> crates/program/src/prepared.rs:1559:10
     |
1559 |     ) -> Result<SourceFileId, PreparationError> {
     |          ^^^^^^^^^^^^^^^^^^^^^^^^^^^^^^^^^^^^^^ the `Err`-variant is at least 160 bytes
     |
     = help: try reducing the size of `error::PreparationError`, for example by boxing large elements or replacing it with `Box<error::PreparationError>`
     = help: for further information visit https://rust-lang.github.io/rust-clippy/rust-1.93.0/index.html#result_large_err

warning: the `Err`-variant returned from this function is very large
    --> crates/program/src/prepared.rs:1639:10
     |
1639 |     ) -> Result<(), PreparationError> {
     |          ^^^^^^^^^^^^^^^^^^^^^^^^^^^^ the `Err`-variant is at least 160 bytes
     |
     = help: try reducing the size of `error::PreparationError`, for example by boxing large elements or replacing it with `Box<error::PreparationError>`
     = help: for further information visit https://rust-lang.github.io/rust-clippy/rust-1.93.0/index.html#result_large_err

warning: the `Err`-variant returned from this function is very large
    --> crates/program/src/prepared.rs:1695:55
     |
1695 |     pub fn add_root(&mut self, root: PreparedRoot) -> Result<(), PreparationError> {
     |                                                       ^^^^^^^^^^^^^^^^^^^^^^^^^^^^ the `Err`-variant is at least 160 bytes
     |
     = help: try reducing the size of `error::PreparationError`, for example by boxing large elements or replacing it with `Box<error::PreparationError>`
     = help: for further information visit https://rust-lang.github.io/rust-clippy/rust-1.93.0/index.html#result_large_err

warning: the `Err`-variant returned from this function is very large
    --> crates/program/src/prepared.rs:1701:55
     |
1701 |     fn try_add_root(&mut self, root: PreparedRoot) -> Result<(), PreparationError> {
     |                                                       ^^^^^^^^^^^^^^^^^^^^^^^^^^^^ the `Err`-variant is at least 160 bytes
     |
     = help: try reducing the size of `error::PreparationError`, for example by boxing large elements or replacing it with `Box<error::PreparationError>`
     = help: for further information visit https://rust-lang.github.io/rust-clippy/rust-1.93.0/index.html#result_large_err

warning: the `Err`-variant returned from this function is very large
    --> crates/program/src/prepared.rs:1735:10
     |
1735 |     ) -> Result<bool, PreparationError> {
     |          ^^^^^^^^^^^^^^^^^^^^^^^^^^^^^^ the `Err`-variant is at least 160 bytes
     |
     = help: try reducing the size of `error::PreparationError`, for example by boxing large elements or replacing it with `Box<error::PreparationError>`
     = help: for further information visit https://rust-lang.github.io/rust-clippy/rust-1.93.0/index.html#result_large_err

warning: the `Err`-variant returned from this function is very large
    --> crates/program/src/prepared.rs:1760:64
     |
1760 |     fn root_request_has_source(&self, root: &CanonicalPath) -> Result<bool, PreparationError> {
     |                                                                ^^^^^^^^^^^^^^^^^^^^^^^^^^^^^^ the `Err`-variant is at least 160 bytes
     |
     = help: try reducing the size of `error::PreparationError`, for example by boxing large elements or replacing it with `Box<error::PreparationError>`
     = help: for further information visit https://rust-lang.github.io/rust-clippy/rust-1.93.0/index.html#result_large_err

warning: the `Err`-variant returned from this function is very large
    --> crates/program/src/prepared.rs:1778:62
     |
1778 |     pub fn add_root_file(&mut self, source: SourceFileId) -> Result<(), PreparationError> {
     |                                                              ^^^^^^^^^^^^^^^^^^^^^^^^^^^^ the `Err`-variant is at least 160 bytes
     |
     = help: try reducing the size of `error::PreparationError`, for example by boxing large elements or replacing it with `Box<error::PreparationError>`
     = help: for further information visit https://rust-lang.github.io/rust-clippy/rust-1.93.0/index.html#result_large_err

warning: the `Err`-variant returned from this function is very large
    --> crates/program/src/prepared.rs:1787:65
     |
1787 |     pub fn add_library_file(&mut self, source: SourceFileId) -> Result<(), PreparationError> {
     |                                                                 ^^^^^^^^^^^^^^^^^^^^^^^^^^^^ the `Err`-variant is at least 160 bytes
     |
     = help: try reducing the size of `error::PreparationError`, for example by boxing large elements or replacing it with `Box<error::PreparationError>`
     = help: for further information visit https://rust-lang.github.io/rust-clippy/rust-1.93.0/index.html#result_large_err

warning: the `Err`-variant returned from this function is very large
    --> crates/program/src/prepared.rs:1803:10
     |
1803 |     ) -> Result<(), PreparationError> {
     |          ^^^^^^^^^^^^^^^^^^^^^^^^^^^^ the `Err`-variant is at least 160 bytes
     |
     = help: try reducing the size of `error::PreparationError`, for example by boxing large elements or replacing it with `Box<error::PreparationError>`
     = help: for further information visit https://rust-lang.github.io/rust-clippy/rust-1.93.0/index.html#result_large_err

warning: the `Err`-variant returned from this function is very large
    --> crates/program/src/prepared.rs:1812:10
     |
1812 |     ) -> Result<(), PreparationError> {
     |          ^^^^^^^^^^^^^^^^^^^^^^^^^^^^ the `Err`-variant is at least 160 bytes
     |
     = help: try reducing the size of `error::PreparationError`, for example by boxing large elements or replacing it with `Box<error::PreparationError>`
     = help: for further information visit https://rust-lang.github.io/rust-clippy/rust-1.93.0/index.html#result_large_err

warning: the `Err`-variant returned from this function is very large
    --> crates/program/src/prepared.rs:1842:10
     |
1842 |     ) -> Result<(), PreparationError> {
     |          ^^^^^^^^^^^^^^^^^^^^^^^^^^^^ the `Err`-variant is at least 160 bytes
     |
     = help: try reducing the size of `error::PreparationError`, for example by boxing large elements or replacing it with `Box<error::PreparationError>`
     = help: for further information visit https://rust-lang.github.io/rust-clippy/rust-1.93.0/index.html#result_large_err

warning: the `Err`-variant returned from this function is very large
    --> crates/program/src/prepared.rs:1851:10
     |
1851 |     ) -> Result<(), PreparationError> {
     |          ^^^^^^^^^^^^^^^^^^^^^^^^^^^^ the `Err`-variant is at least 160 bytes
     |
     = help: try reducing the size of `error::PreparationError`, for example by boxing large elements or replacing it with `Box<error::PreparationError>`
     = help: for further information visit https://rust-lang.github.io/rust-clippy/rust-1.93.0/index.html#result_large_err

warning: the `Err`-variant returned from this function is very large
    --> crates/program/src/prepared.rs:1882:10
     |
1882 |     ) -> Result<(), PreparationError> {
     |          ^^^^^^^^^^^^^^^^^^^^^^^^^^^^ the `Err`-variant is at least 160 bytes
     |
     = help: try reducing the size of `error::PreparationError`, for example by boxing large elements or replacing it with `Box<error::PreparationError>`
     = help: for further information visit https://rust-lang.github.io/rust-clippy/rust-1.93.0/index.html#result_large_err

warning: the `Err`-variant returned from this function is very large
    --> crates/program/src/prepared.rs:1892:10
     |
1892 |     ) -> Result<(), PreparationError> {
     |          ^^^^^^^^^^^^^^^^^^^^^^^^^^^^ the `Err`-variant is at least 160 bytes
     |
     = help: try reducing the size of `error::PreparationError`, for example by boxing large elements or replacing it with `Box<error::PreparationError>`
     = help: for further information visit https://rust-lang.github.io/rust-clippy/rust-1.93.0/index.html#result_large_err

warning: the `Err`-variant returned from this function is very large
    --> crates/program/src/prepared.rs:1918:10
     |
1918 |     ) -> Result<(), PreparationError> {
     |          ^^^^^^^^^^^^^^^^^^^^^^^^^^^^ the `Err`-variant is at least 160 bytes
     |
     = help: try reducing the size of `error::PreparationError`, for example by boxing large elements or replacing it with `Box<error::PreparationError>`
     = help: for further information visit https://rust-lang.github.io/rust-clippy/rust-1.93.0/index.html#result_large_err

warning: the `Err`-variant returned from this function is very large
    --> crates/program/src/prepared.rs:1928:10
     |
1928 |     ) -> Result<(), PreparationError> {
     |          ^^^^^^^^^^^^^^^^^^^^^^^^^^^^ the `Err`-variant is at least 160 bytes
     |
     = help: try reducing the size of `error::PreparationError`, for example by boxing large elements or replacing it with `Box<error::PreparationError>`
     = help: for further information visit https://rust-lang.github.io/rust-clippy/rust-1.93.0/index.html#result_large_err

warning: the `Err`-variant returned from this function is very large
    --> crates/program/src/prepared.rs:1950:27
     |
1950 |     pub fn build(self) -> Result<PreparedProgram, PreparationError> {
     |                           ^^^^^^^^^^^^^^^^^^^^^^^^^^^^^^^^^^^^^^^^^ the `Err`-variant is at least 160 bytes
     |
     = help: try reducing the size of `error::PreparationError`, for example by boxing large elements or replacing it with `Box<error::PreparationError>`
     = help: for further information visit https://rust-lang.github.io/rust-clippy/rust-1.93.0/index.html#result_large_err

warning: the `Err`-variant returned from this function is very large
    --> crates/program/src/prepared.rs:2026:33
     |
2026 |     fn ensure_healthy(&self) -> Result<(), PreparationError> {
     |                                 ^^^^^^^^^^^^^^^^^^^^^^^^^^^^ the `Err`-variant is at least 160 bytes
     |
     = help: try reducing the size of `error::PreparationError`, for example by boxing large elements or replacing it with `Box<error::PreparationError>`
     = help: for further information visit https://rust-lang.github.io/rust-clippy/rust-1.93.0/index.html#result_large_err

warning: the `Err`-variant returned from this function is very large
    --> crates/program/src/prepared.rs:2036:10
     |
2036 |     ) -> Result<T, PreparationError> {
     |          ^^^^^^^^^^^^^^^^^^^^^^^^^^^ the `Err`-variant is at least 160 bytes
     |
     = help: try reducing the size of `error::PreparationError`, for example by boxing large elements or replacing it with `Box<error::PreparationError>`
     = help: for further information visit https://rust-lang.github.io/rust-clippy/rust-1.93.0/index.html#result_large_err

warning: the `Err`-variant returned from this function is very large
    --> crates/program/src/prepared.rs:2055:10
     |
2055 |     ) -> Result<(), PreparationError> {
     |          ^^^^^^^^^^^^^^^^^^^^^^^^^^^^ the `Err`-variant is at least 160 bytes
     |
     = help: try reducing the size of `error::PreparationError`, for example by boxing large elements or replacing it with `Box<error::PreparationError>`
     = help: for further information visit https://rust-lang.github.io/rust-clippy/rust-1.93.0/index.html#result_large_err

warning: the `Err`-variant returned from this function is very large
    --> crates/program/src/prepared.rs:2075:46
     |
2075 |     fn validate_diagnostic_sources(&self) -> Result<(), PreparationError> {
     |                                              ^^^^^^^^^^^^^^^^^^^^^^^^^^^^ the `Err`-variant is at least 160 bytes
     |
     = help: try reducing the size of `error::PreparationError`, for example by boxing large elements or replacing it with `Box<error::PreparationError>`
     = help: for further information visit https://rust-lang.github.io/rust-clippy/rust-1.93.0/index.html#result_large_err

warning: the `Err`-variant returned from this function is very large
    --> crates/program/src/prepared.rs:2107:52
     |
2107 |     fn validate_missing_root_diagnostics(&self) -> Result<(), PreparationError> {
     |                                                    ^^^^^^^^^^^^^^^^^^^^^^^^^^^^ the `Err`-variant is at least 160 bytes
     |
     = help: try reducing the size of `error::PreparationError`, for example by boxing large elements or replacing it with `Box<error::PreparationError>`
     = help: for further information visit https://rust-lang.github.io/rust-clippy/rust-1.93.0/index.html#result_large_err

warning: the `Err`-variant returned from this function is very large
    --> crates/program/src/prepared.rs:2129:33
     |
2129 |     fn validate_roots(&self) -> Result<(), PreparationError> {
     |                                 ^^^^^^^^^^^^^^^^^^^^^^^^^^^^ the `Err`-variant is at least 160 bytes
     |
     = help: try reducing the size of `error::PreparationError`, for example by boxing large elements or replacing it with `Box<error::PreparationError>`
     = help: for further information visit https://rust-lang.github.io/rust-clippy/rust-1.93.0/index.html#result_large_err

warning: the `Err`-variant returned from this function is very large
    --> crates/program/src/prepared.rs:2154:40
     |
2154 |     fn validate_case_profile(&self) -> Result<(), PreparationError> {
     |                                        ^^^^^^^^^^^^^^^^^^^^^^^^^^^^ the `Err`-variant is at least 160 bytes
     |
     = help: try reducing the size of `error::PreparationError`, for example by boxing large elements or replacing it with `Box<error::PreparationError>`
     = help: for further information visit https://rust-lang.github.io/rust-clippy/rust-1.93.0/index.html#result_large_err

warning: the `Err`-variant returned from this function is very large
    --> crates/program/src/prepared.rs:2218:64
     |
2218 |     fn validate_canonical_case(&self, path: &CanonicalPath) -> Result<(), PreparationError> {
     |                                                                ^^^^^^^^^^^^^^^^^^^^^^^^^^^^ the `Err`-variant is at least 160 bytes
     |
     = help: try reducing the size of `error::PreparationError`, for example by boxing large elements or replacing it with `Box<error::PreparationError>`
     = help: for further information visit https://rust-lang.github.io/rust-clippy/rust-1.93.0/index.html#result_large_err

warning: the `Err`-variant returned from this function is very large
    --> crates/program/src/prepared.rs:2238:10
     |
2238 |     ) -> Result<(), PreparationError> {
     |          ^^^^^^^^^^^^^^^^^^^^^^^^^^^^ the `Err`-variant is at least 160 bytes
     |
     = help: try reducing the size of `error::PreparationError`, for example by boxing large elements or replacing it with `Box<error::PreparationError>`
     = help: for further information visit https://rust-lang.github.io/rust-clippy/rust-1.93.0/index.html#result_large_err

warning: useless conversion to the same type: `tsc_diagnostics::JsStr<'_>`
    --> crates/program/src/prepared.rs:2280:18
     |
2280 |             Some(file_name.into()),
     |                  ^^^^^^^^^^^^^^^^ help: consider removing `.into()`: `file_name`
     |
     = help: for further information visit https://rust-lang.github.io/rust-clippy/rust-1.93.0/index.html#useless_conversion

warning: the `Err`-variant returned from this function is very large
    --> crates/program/src/prepared.rs:2289:10
     |
2289 |     ) -> Result<&PreparedSourceFile, PreparationError> {
     |          ^^^^^^^^^^^^^^^^^^^^^^^^^^^^^^^^^^^^^^^^^^^^^ the `Err`-variant is at least 160 bytes
     |
     = help: try reducing the size of `error::PreparationError`, for example by boxing large elements or replacing it with `Box<error::PreparationError>`
     = help: for further information visit https://rust-lang.github.io/rust-clippy/rust-1.93.0/index.html#result_large_err

warning: the `Err`-variant returned from this function is very large
    --> crates/program/src/prepared.rs:2304:10
     |
2304 |     ) -> Result<SourceFileId, PreparationError> {
     |          ^^^^^^^^^^^^^^^^^^^^^^^^^^^^^^^^^^^^^^ the `Err`-variant is at least 160 bytes
     |
     = help: try reducing the size of `error::PreparationError`, for example by boxing large elements or replacing it with `Box<error::PreparationError>`
     = help: for further information visit https://rust-lang.github.io/rust-clippy/rust-1.93.0/index.html#result_large_err

warning: the `Err`-variant returned from this function is very large
    --> crates/program/src/prepared.rs:2324:10
     |
2324 |     ) -> Result<(), PreparationError> {
     |          ^^^^^^^^^^^^^^^^^^^^^^^^^^^^ the `Err`-variant is at least 160 bytes
     |
     = help: try reducing the size of `error::PreparationError`, for example by boxing large elements or replacing it with `Box<error::PreparationError>`
     = help: for further information visit https://rust-lang.github.io/rust-clippy/rust-1.93.0/index.html#result_large_err

warning: the `Err`-variant returned from this function is very large
    --> crates/program/src/prepared.rs:2364:10
     |
2364 |     ) -> Result<(), PreparationError> {
     |          ^^^^^^^^^^^^^^^^^^^^^^^^^^^^ the `Err`-variant is at least 160 bytes
     |
     = help: try reducing the size of `error::PreparationError`, for example by boxing large elements or replacing it with `Box<error::PreparationError>`
     = help: for further information visit https://rust-lang.github.io/rust-clippy/rust-1.93.0/index.html#result_large_err

warning: the `Err`-variant returned from this function is very large
    --> crates/program/src/prepared.rs:2476:10
     |
2476 |     ) -> Result<(), PreparationError> {
     |          ^^^^^^^^^^^^^^^^^^^^^^^^^^^^ the `Err`-variant is at least 160 bytes
     |
     = help: try reducing the size of `error::PreparationError`, for example by boxing large elements or replacing it with `Box<error::PreparationError>`
     = help: for further information visit https://rust-lang.github.io/rust-clippy/rust-1.93.0/index.html#result_large_err

warning: the `Err`-variant returned from this function is very large
    --> crates/program/src/prepared.rs:2514:10
     |
2514 |     ) -> Result<(), PreparationError> {
     |          ^^^^^^^^^^^^^^^^^^^^^^^^^^^^ the `Err`-variant is at least 160 bytes
     |
     = help: try reducing the size of `error::PreparationError`, for example by boxing large elements or replacing it with `Box<error::PreparationError>`
     = help: for further information visit https://rust-lang.github.io/rust-clippy/rust-1.93.0/index.html#result_large_err

warning: the `Err`-variant returned from this function is very large
    --> crates/program/src/prepared.rs:2626:6
     |
2626 | ) -> Result<(), PreparationError> {
     |      ^^^^^^^^^^^^^^^^^^^^^^^^^^^^ the `Err`-variant is at least 160 bytes
     |
     = help: try reducing the size of `error::PreparationError`, for example by boxing large elements or replacing it with `Box<error::PreparationError>`
     = help: for further information visit https://rust-lang.github.io/rust-clippy/rust-1.93.0/index.html#result_large_err

warning: `tsc-rs-program` (lib) generated 145 warnings (run `cargo clippy --fix --lib -p tsc-rs-program` to apply 52 suggestions)
    Checking tsc-rs-emitter v0.1.0 (/Users/hiramatsu/dev/tsc-rs-printer-failure/crates/emitter)
warning: this function has too many arguments (8/7)
   --> crates/emitter/src/builtins/class_fields/downlevel.rs:926:1
    |
926 | / pub(super) fn transform_source(
927 | |     context: &mut TransformationContext,
928 | |     source: TransformSourceId,
929 | |     resolver: &dyn EmitResolver,
...   |
934 | |     static_emit_environments: &mut BTreeMap<(u32, u32), Rc<StaticEmitEnvironment>>,
935 | | ) -> Result<bool, TransformError> {
    | |_________________________________^
    |
    = help: for further information visit https://rust-lang.github.io/rust-clippy/rust-1.93.0/index.html#too_many_arguments
    = note: `#[warn(clippy::too_many_arguments)]` on by default

warning: useless conversion to the same type: `tsc_diagnostics::JsString`
    --> crates/emitter/src/builtins/class_fields/downlevel.rs:2772:49
     |
2772 |                 Some(AssignedClassName::Literal(data.text.clone().into()))
     |                                                 ^^^^^^^^^^^^^^^^^^^^^^^^ help: consider removing `.into()`: `data.text.clone()`
     |
     = help: for further information visit https://rust-lang.github.io/rust-clippy/rust-1.93.0/index.html#useless_conversion
     = note: `#[warn(clippy::useless_conversion)]` on by default

warning: useless conversion to the same type: `tsc_diagnostics::JsString`
    --> crates/emitter/src/builtins/class_fields/downlevel.rs:2775:49
     |
2775 |                 Some(AssignedClassName::Literal(data.text.clone().into()))
     |                                                 ^^^^^^^^^^^^^^^^^^^^^^^^ help: consider removing `.into()`: `data.text.clone()`
     |
     = help: for further information visit https://rust-lang.github.io/rust-clippy/rust-1.93.0/index.html#useless_conversion

warning: useless conversion to the same type: `tsc_diagnostics::JsString`
    --> crates/emitter/src/builtins/class_fields/downlevel.rs:2809:49
     |
2809 |                 Some(AssignedClassName::Literal(data.text.clone().into()))
     |                                                 ^^^^^^^^^^^^^^^^^^^^^^^^ help: consider removing `.into()`: `data.text.clone()`
     |
     = help: for further information visit https://rust-lang.github.io/rust-clippy/rust-1.93.0/index.html#useless_conversion

warning: useless conversion to the same type: `tsc_diagnostics::JsString`
    --> crates/emitter/src/builtins/class_fields/downlevel.rs:6839:49
     |
6839 |                 Some(AssignedClassName::Literal(data.text.clone().into()))
     |                                                 ^^^^^^^^^^^^^^^^^^^^^^^^ help: consider removing `.into()`: `data.text.clone()`
     |
     = help: for further information visit https://rust-lang.github.io/rust-clippy/rust-1.93.0/index.html#useless_conversion

warning: useless conversion to the same type: `tsc_diagnostics::JsString`
    --> crates/emitter/src/builtins/class_fields/downlevel.rs:6842:49
     |
6842 |                 Some(AssignedClassName::Literal(data.text.clone().into()))
     |                                                 ^^^^^^^^^^^^^^^^^^^^^^^^ help: consider removing `.into()`: `data.text.clone()`
     |
     = help: for further information visit https://rust-lang.github.io/rust-clippy/rust-1.93.0/index.html#useless_conversion

warning: casting to the same type is unnecessary (`i32` -> `i32`)
   --> crates/emitter/src/builtins/class_fields.rs:523:42
    |
523 |                         && (node.flags & NodeFlags::SYNTHESIZED.bits() as i32) == 0 =>
    |                                          ^^^^^^^^^^^^^^^^^^^^^^^^^^^^^^^^^^^^ help: try: `NodeFlags::SYNTHESIZED.bits()`
    |
    = help: for further information visit https://rust-lang.github.io/rust-clippy/rust-1.93.0/index.html#unnecessary_cast
    = note: `#[warn(clippy::unnecessary_cast)]` on by default

warning: casting to the same type is unnecessary (`i32` -> `i32`)
    --> crates/emitter/src/builtins/class_fields.rs:2283:32
     |
2283 |             && (record.flags & NodeFlags::SYNTHESIZED.bits() as i32) != 0
     |                                ^^^^^^^^^^^^^^^^^^^^^^^^^^^^^^^^^^^^ help: try: `NodeFlags::SYNTHESIZED.bits()`
     |
     = help: for further information visit https://rust-lang.github.io/rust-clippy/rust-1.93.0/index.html#unnecessary_cast

warning: very complex type used. Consider factoring parts into `type` definitions
    --> crates/emitter/src/builtins/class_fields.rs:3723:10
     |
3723 |     ) -> Result<(Option<NodeArrayId>, Option<NodeId>, Option<NodeId>), TransformError> {
     |          ^^^^^^^^^^^^^^^^^^^^^^^^^^^^^^^^^^^^^^^^^^^^^^^^^^^^^^^^^^^^^^^^^^^^^^^^^^^^^
     |
     = help: for further information visit https://rust-lang.github.io/rust-clippy/rust-1.93.0/index.html#type_complexity
     = note: `#[warn(clippy::type_complexity)]` on by default

warning: useless conversion to the same type: `tsc_diagnostics::JsString`
   --> crates/emitter/src/builtins/system.rs:210:19
    |
210 |                    )?
    |   ___________________^
    |  |___________________|
211 | ||                 .map(JsString::from)
    | ||____________________________________^
212 | |                  .unwrap_or_else(|| original_text.to_owned());
    | |_________________- help: consider removing
    |
    = help: for further information visit https://rust-lang.github.io/rust-clippy/rust-1.93.0/index.html#useless_conversion

warning: useless conversion to the same type: `tsc_diagnostics::JsString`
    --> crates/emitter/src/builtins.rs:5235:24
     |
5235 |             let path = JsString::from(dependency.path);
     |                        ^^^^^^^^^^^^^^^^^^^^^^^^^^^^^^^ help: consider removing `JsString::from()`: `dependency.path`
     |
     = help: for further information visit https://rust-lang.github.io/rust-clippy/rust-1.93.0/index.html#useless_conversion

warning: called `iter().cloned().collect()` on a slice to create a `Vec`. Calling `to_vec()` is both faster and more readable
   --> crates/emitter/src/declaration_map.rs:133:32
    |
133 |         generator.raw_sources().iter().cloned().collect(),
    |                                ^^^^^^^^^^^^^^^^^^^^^^^^^^ help: try: `.to_vec()`
    |
    = help: for further information visit https://rust-lang.github.io/rust-clippy/rust-1.93.0/index.html#iter_cloned_collect
    = note: `#[warn(clippy::iter_cloned_collect)]` on by default

warning: useless conversion to the same type: `tsc_diagnostics::JsString`
   --> crates/emitter/src/execute.rs:589:22
    |
589 |         source_root: source_root_field(options).into(),
    |                      ^^^^^^^^^^^^^^^^^^^^^^^^^^^^^^^^^ help: consider removing `.into()`: `source_root_field(options)`
    |
    = help: for further information visit https://rust-lang.github.io/rust-clippy/rust-1.93.0/index.html#useless_conversion

warning: useless conversion to the same type: `tsc_diagnostics::JsString`
   --> crates/emitter/src/execute.rs:590:33
    |
590 |           sources_directory_path: source_map_directory_for_output(
    |  _________________________________^
591 | |             lane,
592 | |             options,
593 | |             javascript_path,
...   |
596 | |         .into(),
    | |_______________^
    |
    = help: for further information visit https://rust-lang.github.io/rust-clippy/rust-1.93.0/index.html#useless_conversion
help: consider removing `.into()`
    |
590 ~         sources_directory_path: source_map_directory_for_output(
591 +             lane,
592 +             options,
593 +             javascript_path,
594 +             source_path,
595 ~         ),
    |

warning: useless conversion to the same type: `tsc_diagnostics::JsString`
   --> crates/emitter/src/execute.rs:597:28
    |
597 |         current_directory: lane.current_directory.clone().into(),
    |                            ^^^^^^^^^^^^^^^^^^^^^^^^^^^^^^^^^^^^^ help: consider removing `.into()`: `lane.current_directory.clone()`
    |
    = help: for further information visit https://rust-lang.github.io/rust-clippy/rust-1.93.0/index.html#useless_conversion

warning: called `iter().cloned().collect()` on a slice to create a `Vec`. Calling `to_vec()` is both faster and more readable
    --> crates/emitter/src/execute.rs:1048:48
     |
1048 |                         generator.raw_sources().iter().cloned().collect(),
     |                                                ^^^^^^^^^^^^^^^^^^^^^^^^^^ help: try: `.to_vec()`
     |
     = help: for further information visit https://rust-lang.github.io/rust-clippy/rust-1.93.0/index.html#iter_cloned_collect

warning: `tsc-rs-emitter` (lib) generated 16 warnings (run `cargo clippy --fix --lib -p tsc-rs-emitter` to apply 14 suggestions)
warning: `tsc-rs-emitter` (lib test) generated 16 warnings (16 duplicates)
warning: file is loaded as a module multiple times: `crates/emitter/tests/integration/../../../host/tests/support/scalar_path.rs`
    --> crates/emitter/tests/integration/artifact_sink_contract.rs:331:1
     |
 331 | / #[path = "../../../host/tests/support/scalar_path.rs"]
 332 | | mod utf16_scalar_path;
     | |______________________^ first loaded here
     |
    ::: crates/emitter/tests/integration/output_plan_contract.rs:1029:1
     |
1029 | / #[path = "../../../host/tests/support/scalar_path.rs"]
1030 | | mod utf16_scalar_path;
     | |______________________^ loaded again here
     |
     = help: replace all but one `mod` item with `use` items
     = help: for further information visit https://rust-lang.github.io/rust-clippy/rust-1.93.0/index.html#duplicate_mod
     = note: `#[warn(clippy::duplicate_mod)]` on by default

warning: try not to call a closure in the expression where it is declared
  --> crates/emitter/tests/integration/artifact_sink_contract.rs:34:9
   |
34 | /         (|| -> Result<(), String> {
35 | |             self.calls
36 | |                 .push(FileSystemCall::Write(path.to_path_buf(), bytes.to_vec()));
37 | |             self.write_results.pop_front().unwrap_or(Ok(()))
38 | |         })()
   | |____________^
   |
   = help: for further information visit https://rust-lang.github.io/rust-clippy/rust-1.93.0/index.html#redundant_closure_call
   = note: `#[warn(clippy::redundant_closure_call)]` on by default
help: try doing something like
   |
34 ~         {
35 +             self.calls
36 +                 .push(FileSystemCall::Write(path.to_path_buf(), bytes.to_vec()));
37 +             self.write_results.pop_front().unwrap_or(Ok(()))
38 +         }
   |

warning: this expression borrows a value the compiler would automatically borrow
   --> crates/emitter/tests/integration/output_plan_contract.rs:322:9
    |
322 |         (&self.current_directory)
    |         ^^^^^^^^^^^^^^^^^^^^^^^^^ help: change this to: `self.current_directory`
    |
    = help: for further information visit https://rust-lang.github.io/rust-clippy/rust-1.93.0/index.html#needless_borrow
    = note: `#[warn(clippy::needless_borrow)]` on by default

warning: this expression borrows a value the compiler would automatically borrow
   --> crates/emitter/tests/integration/output_plan_contract.rs:329:9
    |
329 |         (&self.common_source_directory)
    |         ^^^^^^^^^^^^^^^^^^^^^^^^^^^^^^^ help: change this to: `self.common_source_directory`
    |
    = help: for further information visit https://rust-lang.github.io/rust-clippy/rust-1.93.0/index.html#needless_borrow

warning: `tsc-rs-emitter` (test "contracts") generated 4 warnings (run `cargo clippy --fix --test "contracts" -p tsc-rs-emitter` to apply 3 suggestions)
    Finished `dev` profile [unoptimized + debuginfo] target(s) in 21.66s
exit(clippy): 0
2026年 9月15日 火曜日 23時08分31秒 JST
